L2 inA cyc=                1025 op=4 addr=80000000 src=290 size=6 wait=  824 mshr= 0
L2 inA cyc=                1026 op=4 addr=80001000 src=  0 size=3 wait=    0 mshr= 1
L2 outA cyc=                1028 op=6 addr=80000000
L2 outA cyc=                1029 op=6 addr=80001000
L2 outD cyc=                1029 op=5
L2 outD cyc=                1030 op=5
L2 outD cyc=                1031 op=5
L2 outD cyc=                1032 op=5
L2 outD cyc=                1033 op=5
L2 inD cyc=                1034 op=1 src=290
L2 outD cyc=                1034 op=5
L2 outD cyc=                1035 op=5
L2 inD cyc=                1036 op=1 src=290
L2 outD cyc=                1036 op=5
L2 outD cyc=                1037 op=5
L2 inD cyc=                1038 op=1 src=290
L2 outD cyc=                1038 op=5
L2 outD cyc=                1039 op=5
L2 inD cyc=                1040 op=1 src=290
L2 outD cyc=                1040 op=5
L2 inD cyc=                1041 op=1 src=  0
L2 outD cyc=                1041 op=5
L2 outD cyc=                1042 op=5
L2 outD cyc=                1043 op=5
L2 outD cyc=                1044 op=5
L2 inA cyc=                1082 op=4 addr=80000040 src=290 size=6 wait=    0 mshr= 0
L2 outA cyc=                1085 op=6 addr=80000040
L2 outD cyc=                1086 op=5
L2 outD cyc=                1087 op=5
L2 outD cyc=                1088 op=5
L2 outD cyc=                1089 op=5
L2 outD cyc=                1090 op=5
L2 inD cyc=                1091 op=1 src=290
L2 outD cyc=                1091 op=5
L2 outD cyc=                1092 op=5
L2 inD cyc=                1093 op=1 src=290
L2 outD cyc=                1093 op=5
L2 inD cyc=                1095 op=1 src=290
L2 inD cyc=                1097 op=1 src=290
L2 inA cyc=                1136 op=4 addr=80000080 src=290 size=6 wait=    0 mshr= 0
L2 outA cyc=                1139 op=6 addr=80000080
L2 outD cyc=                1140 op=5
L2 outD cyc=                1141 op=5
L2 outD cyc=                1142 op=5
L2 outD cyc=                1143 op=5
L2 outD cyc=                1144 op=5
L2 inD cyc=                1145 op=1 src=290
L2 outD cyc=                1145 op=5
L2 outD cyc=                1146 op=5
L2 inD cyc=                1147 op=1 src=290
L2 outD cyc=                1147 op=5
L2 inD cyc=                1149 op=1 src=290
L2 inD cyc=                1151 op=1 src=290
L2 inA cyc=                1177 op=4 addr=800000c0 src=290 size=6 wait=    0 mshr= 0
L2 outA cyc=                1180 op=6 addr=800000c0
L2 outD cyc=                1181 op=5
L2 outD cyc=                1182 op=5
L2 outD cyc=                1183 op=5
L2 outD cyc=                1184 op=5
L2 outD cyc=                1185 op=5
L2 inD cyc=                1186 op=1 src=290
L2 outD cyc=                1186 op=5
L2 outD cyc=                1187 op=5
L2 inA cyc=                1188 op=4 addr=80001000 src=  0 size=3 wait=    0 mshr= 1
L2 inD cyc=                1188 op=1 src=290
L2 outD cyc=                1188 op=5
L2 inD cyc=                1190 op=1 src=290
L2 inD cyc=                1192 op=1 src=290
L2 inD cyc=                1193 op=1 src=  0
L2 inA cyc=                1222 op=4 addr=80000100 src=290 size=6 wait=    0 mshr= 0
L2 outA cyc=                1225 op=6 addr=80000100
L2 outD cyc=                1226 op=5
L2 outD cyc=                1227 op=5
L2 outD cyc=                1228 op=5
L2 outD cyc=                1229 op=5
L2 outD cyc=                1230 op=5
L2 inD cyc=                1231 op=1 src=290
L2 outD cyc=                1231 op=5
L2 outD cyc=                1232 op=5
L2 inD cyc=                1233 op=1 src=290
L2 outD cyc=                1233 op=5
L2 inD cyc=                1235 op=1 src=290
L2 inD cyc=                1237 op=1 src=290
L2 inA cyc=                1259 op=4 addr=80002900 src=290 size=6 wait=    0 mshr= 0
L2 outA cyc=                1262 op=6 addr=80002900
L2 outD cyc=                1263 op=5
L2 outD cyc=                1264 op=5
L2 outD cyc=                1265 op=5
L2 outD cyc=                1266 op=5
L2 outD cyc=                1267 op=5
L2 inD cyc=                1268 op=1 src=290
L2 outD cyc=                1268 op=5
L2 outD cyc=                1269 op=5
L2 inD cyc=                1270 op=1 src=290
L2 outD cyc=                1270 op=5
L2 inD cyc=                1272 op=1 src=290
L2 inD cyc=                1274 op=1 src=290
L2 inA cyc=                1285 op=6 addr=80094080 src=288 size=6 wait=    0 mshr= 0
L2 outA cyc=                1288 op=6 addr=80094080
L2 outD cyc=                1289 op=5
L2 outD cyc=                1290 op=5
L2 outD cyc=                1291 op=5
L2 outD cyc=                1292 op=5
L2 outD cyc=                1293 op=5
L2 inD cyc=                1294 op=5 src=288
L2 outD cyc=                1294 op=5
L2 outD cyc=                1295 op=5
L2 inD cyc=                1296 op=5 src=288
L2 outD cyc=                1296 op=5
L2 inD cyc=                1298 op=5 src=288
L2 inD cyc=                1300 op=5 src=288
L2 inA cyc=                1311 op=4 addr=80002940 src=290 size=6 wait=    0 mshr= 0
L2 outA cyc=                1314 op=6 addr=80002940
L2 outD cyc=                1315 op=5
L2 outD cyc=                1316 op=5
L2 outD cyc=                1317 op=5
L2 outD cyc=                1318 op=5
L2 outD cyc=                1319 op=5
L2 inD cyc=                1320 op=1 src=290
L2 outD cyc=                1320 op=5
L2 outD cyc=                1321 op=5
L2 inD cyc=                1322 op=1 src=290
L2 outD cyc=                1322 op=5
L2 inD cyc=                1324 op=1 src=290
L2 inD cyc=                1326 op=1 src=290
L2 inA cyc=                1343 op=4 addr=80001000 src=  0 size=3 wait=    0 mshr= 0
L2 inD cyc=                1347 op=1 src=  0
L2 inA cyc=                1349 op=4 addr=80002880 src=290 size=6 wait=    0 mshr= 0
L2 outA cyc=                1352 op=6 addr=80002880
L2 outD cyc=                1353 op=5
L2 outD cyc=                1354 op=5
L2 outD cyc=                1355 op=5
L2 outD cyc=                1356 op=5
L2 outD cyc=                1357 op=5
L2 inD cyc=                1358 op=1 src=290
L2 outD cyc=                1358 op=5
L2 outD cyc=                1359 op=5
L2 inD cyc=                1360 op=1 src=290
L2 outD cyc=                1360 op=5
L2 inD cyc=                1362 op=1 src=290
L2 inD cyc=                1364 op=1 src=290
L2 inA cyc=                1382 op=4 addr=800028c0 src=290 size=6 wait=    0 mshr= 0
L2 outA cyc=                1385 op=6 addr=800028c0
L2 outD cyc=                1386 op=5
L2 outD cyc=                1387 op=5
L2 outD cyc=                1388 op=5
L2 outD cyc=                1389 op=5
L2 outD cyc=                1390 op=5
L2 inD cyc=                1391 op=1 src=290
L2 outD cyc=                1391 op=5
L2 outD cyc=                1392 op=5
L2 inD cyc=                1393 op=1 src=290
L2 outD cyc=                1393 op=5
L2 inD cyc=                1395 op=1 src=290
L2 inD cyc=                1397 op=1 src=290
L2 inA cyc=                1426 op=6 addr=800740c0 src=288 size=6 wait=    0 mshr= 0
L2 outA cyc=                1429 op=6 addr=800740c0
L2 outD cyc=                1430 op=5
L2 outD cyc=                1431 op=5
L2 outD cyc=                1432 op=5
L2 outD cyc=                1433 op=5
L2 outD cyc=                1434 op=5
L2 inD cyc=                1435 op=5 src=288
L2 outD cyc=                1435 op=5
L2 outD cyc=                1436 op=5
L2 inD cyc=                1437 op=5 src=288
L2 outD cyc=                1437 op=5
L2 inD cyc=                1439 op=5 src=288
L2 inD cyc=                1441 op=5 src=288
L2 inA cyc=                1498 op=4 addr=80001000 src=  0 size=3 wait=    0 mshr= 0
L2 inD cyc=                1502 op=1 src=  0
L2 inA cyc=                1653 op=4 addr=80001000 src=  0 size=3 wait=    0 mshr= 0
L2 inD cyc=                1657 op=1 src=  0
L2 inA cyc=                1660 op=6 addr=80074100 src=288 size=6 wait=    0 mshr= 0
L2 outA cyc=                1663 op=6 addr=80074100
L2 outD cyc=                1664 op=5
L2 outD cyc=                1665 op=5
L2 outD cyc=                1666 op=5
L2 outD cyc=                1667 op=5
L2 outD cyc=                1668 op=5
L2 inD cyc=                1669 op=5 src=288
L2 outD cyc=                1669 op=5
L2 outD cyc=                1670 op=5
L2 inD cyc=                1671 op=5 src=288
L2 outD cyc=                1671 op=5
L2 inD cyc=                1673 op=5 src=288
L2 inD cyc=                1675 op=5 src=288
L2 inA cyc=                1800 op=4 addr=800027c0 src=290 size=6 wait=    0 mshr= 0
L2 outA cyc=                1803 op=6 addr=800027c0
L2 outD cyc=                1804 op=5
L2 outD cyc=                1805 op=5
L2 outD cyc=                1806 op=5
L2 outD cyc=                1807 op=5
L2 inA cyc=                1808 op=4 addr=80001000 src=  0 size=3 wait=    0 mshr= 1
L2 outD cyc=                1808 op=5
L2 inD cyc=                1809 op=1 src=290
L2 outD cyc=                1809 op=5
L2 outD cyc=                1810 op=5
L2 inD cyc=                1811 op=1 src=290
L2 outD cyc=                1811 op=5
L2 inD cyc=                1813 op=1 src=290
L2 inD cyc=                1815 op=1 src=290
L2 inD cyc=                1816 op=1 src=  0
L2 inA cyc=                1830 op=4 addr=80002980 src=290 size=6 wait=    0 mshr= 0
L2 outA cyc=                1833 op=6 addr=80002980
L2 outD cyc=                1834 op=5
L2 outD cyc=                1835 op=5
L2 outD cyc=                1836 op=5
L2 outD cyc=                1837 op=5
L2 outD cyc=                1838 op=5
L2 inD cyc=                1839 op=1 src=290
L2 outD cyc=                1839 op=5
L2 outD cyc=                1840 op=5
L2 inD cyc=                1841 op=1 src=290
L2 outD cyc=                1841 op=5
L2 inD cyc=                1843 op=1 src=290
L2 inD cyc=                1845 op=1 src=290
L2 inA cyc=                1857 op=4 addr=80002ac0 src=290 size=6 wait=    0 mshr= 0
L2 outA cyc=                1860 op=6 addr=80002ac0
L2 outD cyc=                1861 op=5
L2 outD cyc=                1862 op=5
L2 outD cyc=                1863 op=5
L2 outD cyc=                1864 op=5
L2 outD cyc=                1865 op=5
L2 inD cyc=                1866 op=1 src=290
L2 outD cyc=                1866 op=5
L2 outD cyc=                1867 op=5
L2 inD cyc=                1868 op=1 src=290
L2 outD cyc=                1868 op=5
L2 inD cyc=                1870 op=1 src=290
L2 inD cyc=                1872 op=1 src=290
L2 inA cyc=                1884 op=6 addr=80094000 src=288 size=6 wait=    0 mshr= 0
L2 outA cyc=                1887 op=6 addr=80094000
L2 outD cyc=                1888 op=5
L2 outD cyc=                1889 op=5
L2 outD cyc=                1890 op=5
L2 outD cyc=                1891 op=5
L2 outD cyc=                1892 op=5
L2 inD cyc=                1893 op=5 src=288
L2 outD cyc=                1893 op=5
L2 outD cyc=                1894 op=5
L2 inD cyc=                1895 op=5 src=288
L2 outD cyc=                1895 op=5
L2 inD cyc=                1897 op=5 src=288
L2 inD cyc=                1899 op=5 src=288
L2 inA cyc=                1905 op=6 addr=80093fc0 src=288 size=6 wait=    0 mshr= 0
L2 outA cyc=                1908 op=6 addr=80093fc0
L2 outD cyc=                1909 op=5
L2 outD cyc=                1910 op=5
L2 outD cyc=                1911 op=5
L2 outD cyc=                1912 op=5
L2 outD cyc=                1913 op=5
L2 inD cyc=                1914 op=5 src=288
L2 outD cyc=                1914 op=5
L2 outD cyc=                1915 op=5
L2 inD cyc=                1916 op=5 src=288
L2 outD cyc=                1916 op=5
L2 inD cyc=                1918 op=5 src=288
L2 inD cyc=                1920 op=5 src=288
L2 inA cyc=                1929 op=6 addr=80093f80 src=288 size=6 wait=    0 mshr= 0
L2 outA cyc=                1932 op=6 addr=80093f80
L2 outD cyc=                1933 op=5
L2 outD cyc=                1934 op=5
L2 outD cyc=                1935 op=5
L2 outD cyc=                1936 op=5
L2 outD cyc=                1937 op=5
L2 inD cyc=                1938 op=5 src=288
L2 outD cyc=                1938 op=5
L2 outD cyc=                1939 op=5
L2 inD cyc=                1940 op=5 src=288
L2 outD cyc=                1940 op=5
L2 inD cyc=                1942 op=5 src=288
L2 inD cyc=                1944 op=5 src=288
L2 inA cyc=                1962 op=4 addr=80002800 src=290 size=6 wait=    0 mshr= 0
L2 inA cyc=                1963 op=4 addr=80001000 src=  0 size=3 wait=    0 mshr= 1
L2 outA cyc=                1965 op=6 addr=80002800
L2 outD cyc=                1966 op=5
L2 inD cyc=                1967 op=1 src=  0
L2 outD cyc=                1967 op=5
L2 outD cyc=                1968 op=5
L2 outD cyc=                1969 op=5
L2 outD cyc=                1970 op=5
L2 inD cyc=                1971 op=1 src=290
L2 outD cyc=                1971 op=5
L2 outD cyc=                1972 op=5
L2 inD cyc=                1973 op=1 src=290
L2 outD cyc=                1973 op=5
L2 inD cyc=                1975 op=1 src=290
L2 inD cyc=                1977 op=1 src=290
L2 inA cyc=                1988 op=6 addr=80093f40 src=288 size=6 wait=    0 mshr= 0
L2 outA cyc=                1991 op=6 addr=80093f40
L2 outD cyc=                1992 op=5
L2 outD cyc=                1993 op=5
L2 outD cyc=                1994 op=5
L2 outD cyc=                1995 op=5
L2 outD cyc=                1996 op=5
L2 inD cyc=                1997 op=5 src=288
L2 outD cyc=                1997 op=5
L2 outD cyc=                1998 op=5
L2 inD cyc=                1999 op=5 src=288
L2 outD cyc=                1999 op=5
L2 inD cyc=                2001 op=5 src=288
L2 inD cyc=                2003 op=5 src=288
L2 inA cyc=                2014 op=4 addr=80002840 src=290 size=6 wait=    0 mshr= 0
L2 outA cyc=                2017 op=6 addr=80002840
L2 outD cyc=                2018 op=5
L2 outD cyc=                2019 op=5
L2 outD cyc=                2020 op=5
L2 outD cyc=                2021 op=5
L2 outD cyc=                2022 op=5
L2 inD cyc=                2023 op=1 src=290
L2 outD cyc=                2023 op=5
L2 outD cyc=                2024 op=5
L2 inD cyc=                2025 op=1 src=290
L2 outD cyc=                2025 op=5
L2 inD cyc=                2027 op=1 src=290
L2 inD cyc=                2029 op=1 src=290
L2 inA cyc=                2051 op=4 addr=800023c0 src=290 size=6 wait=    0 mshr= 0
L2 outA cyc=                2054 op=6 addr=800023c0
L2 outD cyc=                2055 op=5
L2 outD cyc=                2056 op=5
L2 outD cyc=                2057 op=5
L2 outD cyc=                2058 op=5
L2 outD cyc=                2059 op=5
L2 inD cyc=                2060 op=1 src=290
L2 outD cyc=                2060 op=5
L2 outD cyc=                2061 op=5
L2 inD cyc=                2062 op=1 src=290
L2 outD cyc=                2062 op=5
L2 inD cyc=                2064 op=1 src=290
L2 inD cyc=                2066 op=1 src=290
L2 inA cyc=                2075 op=6 addr=80093f00 src=288 size=6 wait=    0 mshr= 0
L2 outA cyc=                2078 op=6 addr=80093f00
L2 outD cyc=                2079 op=5
L2 outD cyc=                2080 op=5
L2 outD cyc=                2081 op=5
L2 outD cyc=                2082 op=5
L2 outD cyc=                2083 op=5
L2 inD cyc=                2084 op=5 src=288
L2 outD cyc=                2084 op=5
L2 outD cyc=                2085 op=5
L2 inD cyc=                2086 op=5 src=288
L2 outD cyc=                2086 op=5
L2 inD cyc=                2088 op=5 src=288
L2 inD cyc=                2090 op=5 src=288
L2 inA cyc=                2100 op=6 addr=80093ec0 src=288 size=6 wait=    0 mshr= 0
L2 outA cyc=                2103 op=6 addr=80093ec0
L2 outD cyc=                2104 op=5
L2 outD cyc=                2105 op=5
L2 outD cyc=                2106 op=5
L2 outD cyc=                2107 op=5
L2 outD cyc=                2108 op=5
L2 inD cyc=                2109 op=5 src=288
L2 outD cyc=                2109 op=5
L2 outD cyc=                2110 op=5
L2 inD cyc=                2111 op=5 src=288
L2 outD cyc=                2111 op=5
L2 inD cyc=                2113 op=5 src=288
L2 inD cyc=                2115 op=5 src=288
L2 inA cyc=                2118 op=4 addr=80001000 src=  0 size=3 wait=    0 mshr= 0
L2 inD cyc=                2122 op=1 src=  0
L2 inA cyc=                2135 op=6 addr=80003980 src=288 size=6 wait=    0 mshr= 0
L2 outA cyc=                2138 op=6 addr=80003980
L2 outD cyc=                2139 op=5
L2 outD cyc=                2140 op=5
L2 outD cyc=                2141 op=5
L2 outD cyc=                2142 op=5
L2 outD cyc=                2143 op=5
L2 inD cyc=                2144 op=5 src=288
L2 outD cyc=                2144 op=5
L2 outD cyc=                2145 op=5
L2 inD cyc=                2146 op=5 src=288
L2 outD cyc=                2146 op=5
L2 inD cyc=                2148 op=5 src=288
L2 inD cyc=                2150 op=5 src=288
L2 inA cyc=                2171 op=4 addr=80002680 src=290 size=6 wait=    0 mshr= 0
L2 outA cyc=                2174 op=6 addr=80002680
L2 outD cyc=                2175 op=5
L2 outD cyc=                2176 op=5
L2 outD cyc=                2177 op=5
L2 outD cyc=                2178 op=5
L2 outD cyc=                2179 op=5
L2 inD cyc=                2180 op=1 src=290
L2 outD cyc=                2180 op=5
L2 outD cyc=                2181 op=5
L2 inD cyc=                2182 op=1 src=290
L2 outD cyc=                2182 op=5
L2 inD cyc=                2184 op=1 src=290
L2 inD cyc=                2186 op=1 src=290
L2 inA cyc=                2203 op=4 addr=800026c0 src=290 size=6 wait=    0 mshr= 0
L2 outA cyc=                2206 op=6 addr=800026c0
L2 outD cyc=                2207 op=5
L2 outD cyc=                2208 op=5
L2 outD cyc=                2209 op=5
L2 outD cyc=                2210 op=5
L2 outD cyc=                2211 op=5
L2 inD cyc=                2212 op=1 src=290
L2 outD cyc=                2212 op=5
L2 outD cyc=                2213 op=5
L2 inD cyc=                2214 op=1 src=290
L2 outD cyc=                2214 op=5
L2 inD cyc=                2216 op=1 src=290
L2 inD cyc=                2218 op=1 src=290
L2 inA cyc=                2270 op=4 addr=80002400 src=290 size=6 wait=    0 mshr= 0
L2 inA cyc=                2273 op=4 addr=80001000 src=  0 size=3 wait=    0 mshr= 1
L2 outA cyc=                2273 op=6 addr=80002400
L2 outD cyc=                2274 op=5
L2 outD cyc=                2275 op=5
L2 outD cyc=                2276 op=5
L2 outD cyc=                2277 op=5
L2 inD cyc=                2278 op=1 src=  0
L2 outD cyc=                2278 op=5
L2 inD cyc=                2279 op=1 src=290
L2 outD cyc=                2279 op=5
L2 outD cyc=                2280 op=5
L2 inD cyc=                2281 op=1 src=290
L2 outD cyc=                2281 op=5
L2 inD cyc=                2283 op=1 src=290
L2 inD cyc=                2285 op=1 src=290
L2 inA cyc=                2308 op=6 addr=80003bc0 src=288 size=6 wait=    0 mshr= 0
L2 outA cyc=                2311 op=6 addr=80003bc0
L2 outD cyc=                2312 op=5
L2 outD cyc=                2313 op=5
L2 outD cyc=                2314 op=5
L2 outD cyc=                2315 op=5
L2 outD cyc=                2316 op=5
L2 inD cyc=                2317 op=5 src=288
L2 outD cyc=                2317 op=5
L2 outD cyc=                2318 op=5
L2 inD cyc=                2319 op=5 src=288
L2 outD cyc=                2319 op=5
L2 inD cyc=                2321 op=5 src=288
L2 inD cyc=                2323 op=5 src=288
L2 inA cyc=                2337 op=4 addr=80002540 src=290 size=6 wait=    0 mshr= 0
L2 outA cyc=                2340 op=6 addr=80002540
L2 outD cyc=                2341 op=5
L2 outD cyc=                2342 op=5
L2 outD cyc=                2343 op=5
L2 outD cyc=                2344 op=5
L2 outD cyc=                2345 op=5
L2 inD cyc=                2346 op=1 src=290
L2 outD cyc=                2346 op=5
L2 outD cyc=                2347 op=5
L2 inD cyc=                2348 op=1 src=290
L2 outD cyc=                2348 op=5
L2 inD cyc=                2350 op=1 src=290
L2 inD cyc=                2352 op=1 src=290
L2 inA cyc=                2369 op=4 addr=80002640 src=290 size=6 wait=    0 mshr= 0
L2 outA cyc=                2372 op=6 addr=80002640
L2 outD cyc=                2373 op=5
L2 outD cyc=                2374 op=5
L2 outD cyc=                2375 op=5
L2 outD cyc=                2376 op=5
L2 outD cyc=                2377 op=5
L2 inD cyc=                2378 op=1 src=290
L2 outD cyc=                2378 op=5
L2 outD cyc=                2379 op=5
L2 inD cyc=                2380 op=1 src=290
L2 outD cyc=                2380 op=5
L2 inD cyc=                2382 op=1 src=290
L2 inD cyc=                2384 op=1 src=290
L2 inA cyc=                2402 op=4 addr=800024c0 src=290 size=6 wait=    0 mshr= 0
L2 outA cyc=                2405 op=6 addr=800024c0
L2 outD cyc=                2406 op=5
L2 outD cyc=                2407 op=5
L2 outD cyc=                2408 op=5
L2 outD cyc=                2409 op=5
L2 outD cyc=                2410 op=5
L2 inD cyc=                2411 op=1 src=290
L2 outD cyc=                2411 op=5
L2 outD cyc=                2412 op=5
L2 inD cyc=                2413 op=1 src=290
L2 outD cyc=                2413 op=5
L2 inD cyc=                2415 op=1 src=290
L2 inD cyc=                2417 op=1 src=290
L2 inA cyc=                2428 op=4 addr=80001000 src=  0 size=3 wait=    0 mshr= 0
L2 inA cyc=                2432 op=4 addr=80002500 src=290 size=6 wait=    0 mshr= 0
L2 inD cyc=                2432 op=1 src=  0
L2 outA cyc=                2435 op=6 addr=80002500
L2 outD cyc=                2436 op=5
L2 outD cyc=                2437 op=5
L2 outD cyc=                2438 op=5
L2 outD cyc=                2439 op=5
L2 outD cyc=                2440 op=5
L2 inD cyc=                2441 op=1 src=290
L2 outD cyc=                2441 op=5
L2 outD cyc=                2442 op=5
L2 inD cyc=                2443 op=1 src=290
L2 outD cyc=                2443 op=5
L2 inD cyc=                2445 op=1 src=290
L2 inD cyc=                2447 op=1 src=290
L2 inA cyc=                2455 op=6 addr=80093dc0 src=288 size=6 wait=    0 mshr= 0
L2 outA cyc=                2458 op=6 addr=80093dc0
L2 outD cyc=                2459 op=5
L2 outD cyc=                2460 op=5
L2 outD cyc=                2461 op=5
L2 outD cyc=                2462 op=5
L2 outD cyc=                2463 op=5
L2 inD cyc=                2464 op=5 src=288
L2 outD cyc=                2464 op=5
L2 outD cyc=                2465 op=5
L2 inD cyc=                2466 op=5 src=288
L2 outD cyc=                2466 op=5
L2 inD cyc=                2468 op=5 src=288
L2 inD cyc=                2470 op=5 src=288
L2 inA cyc=                2583 op=4 addr=80001000 src=  0 size=3 wait=    0 mshr= 0
L2 inD cyc=                2587 op=1 src=  0
L2 inA cyc=                2738 op=4 addr=80001000 src=  0 size=3 wait=    0 mshr= 0
L2 inD cyc=                2742 op=1 src=  0
L2 inA cyc=                2762 op=6 addr=80093d80 src=288 size=6 wait=    0 mshr= 0
L2 outA cyc=                2765 op=6 addr=80093d80
L2 outD cyc=                2766 op=5
L2 outD cyc=                2767 op=5
L2 outD cyc=                2768 op=5
L2 outD cyc=                2769 op=5
L2 outD cyc=                2770 op=5
L2 inD cyc=                2771 op=5 src=288
L2 outD cyc=                2771 op=5
L2 outD cyc=                2772 op=5
L2 inD cyc=                2773 op=5 src=288
L2 outD cyc=                2773 op=5
L2 inD cyc=                2775 op=5 src=288
L2 inD cyc=                2777 op=5 src=288
L2 inA cyc=                2793 op=4 addr=80002700 src=290 size=6 wait=    0 mshr= 0
L2 outA cyc=                2796 op=6 addr=80002700
L2 outD cyc=                2797 op=5
L2 outD cyc=                2798 op=5
L2 outD cyc=                2799 op=5
L2 outD cyc=                2800 op=5
L2 outD cyc=                2801 op=5
L2 inD cyc=                2802 op=1 src=290
L2 outD cyc=                2802 op=5
L2 outD cyc=                2803 op=5
L2 inD cyc=                2804 op=1 src=290
L2 outD cyc=                2804 op=5
L2 inD cyc=                2806 op=1 src=290
L2 inD cyc=                2808 op=1 src=290
L2 inA cyc=                2817 op=6 addr=80001000 src=288 size=6 wait=    0 mshr= 0
L2 inD cyc=                2821 op=5 src=288
L2 inD cyc=                2822 op=5 src=288
L2 inD cyc=                2823 op=5 src=288
L2 inD cyc=                2824 op=5 src=288
L2 inA cyc=                2830 op=6 addr=80001040 src=288 size=6 wait=    0 mshr= 0
L2 outA cyc=                2833 op=6 addr=80001040
L2 outD cyc=                2834 op=5
L2 outD cyc=                2835 op=5
L2 outD cyc=                2836 op=5
L2 outD cyc=                2837 op=5
L2 outD cyc=                2838 op=5
L2 inD cyc=                2839 op=5 src=288
L2 outD cyc=                2839 op=5
L2 outD cyc=                2840 op=5
L2 inD cyc=                2841 op=5 src=288
L2 outD cyc=                2841 op=5
L2 inD cyc=                2843 op=5 src=288
L2 inD cyc=                2845 op=5 src=288
L2 inA cyc=                2893 op=4 addr=80001000 src=  0 size=3 wait=    0 mshr= 0
L2 inD cyc=                2907 op=1 src=  0
L2 inA cyc=                3063 op=1 addr=80001000 src=  0 size=3 wait=    0 mshr= 0
L2 inD cyc=                3074 op=0 src=  0
L2 inA cyc=                3208 op=4 addr=80093d80 src=  0 size=3 wait=    0 mshr= 0
L2 inD cyc=                3224 op=1 src=  0
L2 inA cyc=                3343 op=4 addr=80093d88 src=  0 size=3 wait=    0 mshr= 0
L2 inD cyc=                3347 op=1 src=  0
L2 inA cyc=                3468 op=4 addr=80093d90 src=  0 size=3 wait=    0 mshr= 0
L2 inD cyc=                3472 op=1 src=  0
L2 inA cyc=                3593 op=4 addr=80093d98 src=  0 size=3 wait=    0 mshr= 0
L2 inD cyc=                3597 op=1 src=  0
L2 inA cyc=                3718 op=4 addr=80093da0 src=  0 size=3 wait=    0 mshr= 0
L2 inD cyc=                3722 op=1 src=  0
L2 inA cyc=                3843 op=4 addr=80093da8 src=  0 size=3 wait=    0 mshr= 0
L2 inD cyc=                3847 op=1 src=  0
L2 inA cyc=                3968 op=4 addr=80093db0 src=  0 size=3 wait=    0 mshr= 0
L2 inD cyc=                3972 op=1 src=  0
L2 inA cyc=                4093 op=4 addr=80093db8 src=  0 size=3 wait=    0 mshr= 0
L2 inD cyc=                4097 op=1 src=  0
L2 inA cyc=                4243 op=4 addr=800740c4 src=  0 size=2 wait=    0 mshr= 0
L2 inD cyc=                4261 op=1 src=  0
L2 inA cyc=                4398 op=4 addr=800740c0 src=  0 size=2 wait=    0 mshr= 0
L2 inD cyc=                4402 op=1 src=  0
N=4096
L2 inA cyc=                4553 op=1 addr=80093d80 src=  0 size=3 wait=    0 mshr= 0
L2 inD cyc=                4564 op=0 src=  0
L2 inA cyc=                4683 op=1 addr=80093d88 src=  0 size=3 wait=    0 mshr= 0
L2 inD cyc=                4687 op=0 src=  0
L2 inA cyc=                4808 op=1 addr=80093d90 src=  0 size=3 wait=    0 mshr= 0
L2 inD cyc=                4812 op=0 src=  0
L2 inA cyc=                4933 op=1 addr=80093d98 src=  0 size=3 wait=    0 mshr= 0
L2 inD cyc=                4937 op=0 src=  0
L2 inA cyc=                5058 op=1 addr=80093da0 src=  0 size=3 wait=    0 mshr= 0
L2 inD cyc=                5062 op=0 src=  0
L2 inA cyc=                5183 op=1 addr=80093da8 src=  0 size=3 wait=    0 mshr= 0
L2 inD cyc=                5187 op=0 src=  0
L2 inA cyc=                5308 op=1 addr=80093db0 src=  0 size=3 wait=    0 mshr= 0
L2 inD cyc=                5312 op=0 src=  0
L2 inA cyc=                5433 op=1 addr=80093db8 src=  0 size=3 wait=    0 mshr= 0
L2 inD cyc=                5437 op=0 src=  0
L2 inA cyc=                5573 op=4 addr=80001040 src=  0 size=3 wait=    0 mshr= 0
L2 inD cyc=                5583 op=1 src=  0
L2 inA cyc=                5738 op=1 addr=80001040 src=  0 size=3 wait=    0 mshr= 0
L2 inD cyc=                5750 op=0 src=  0
L2 inA cyc=                5751 op=6 addr=80001040 src=288 size=6 wait=    0 mshr= 0
L2 inD cyc=                5755 op=5 src=288
L2 inD cyc=                5756 op=5 src=288
L2 inD cyc=                5757 op=5 src=288
L2 inD cyc=                5758 op=5 src=288
L2 inA cyc=                5775 op=6 addr=80093d80 src=288 size=6 wait=    0 mshr= 0
L2 inD cyc=                5779 op=5 src=288
L2 inD cyc=                5780 op=5 src=288
L2 inD cyc=                5781 op=5 src=288
L2 inD cyc=                5782 op=5 src=288
L2 inA cyc=                5813 op=4 addr=80002440 src=290 size=6 wait=    0 mshr= 0
L2 outA cyc=                5816 op=6 addr=80002440
L2 outD cyc=                5817 op=5
L2 outD cyc=                5818 op=5
L2 outD cyc=                5819 op=5
L2 outD cyc=                5820 op=5
L2 outD cyc=                5821 op=5
L2 inD cyc=                5822 op=1 src=290
L2 outD cyc=                5822 op=5
L2 outD cyc=                5823 op=5
L2 inD cyc=                5824 op=1 src=290
L2 outD cyc=                5824 op=5
L2 inD cyc=                5826 op=1 src=290
L2 inD cyc=                5828 op=1 src=290
L2 inA cyc=                5854 op=6 addr=80003c40 src=288 size=6 wait=    0 mshr= 0
L2 outA cyc=                5857 op=6 addr=80003c40
L2 outD cyc=                5858 op=5
L2 outD cyc=                5859 op=5
L2 outD cyc=                5860 op=5
L2 outD cyc=                5861 op=5
L2 outD cyc=                5862 op=5
L2 inD cyc=                5863 op=5 src=288
L2 outD cyc=                5863 op=5
L2 outD cyc=                5864 op=5
L2 inD cyc=                5865 op=5 src=288
L2 outD cyc=                5865 op=5
L2 inD cyc=                5867 op=5 src=288
L2 inD cyc=                5869 op=5 src=288
L2 inA cyc=                5881 op=4 addr=80002b00 src=290 size=6 wait=    0 mshr= 0
L2 inA cyc=                5883 op=4 addr=80001000 src=  0 size=3 wait=    0 mshr= 1
L2 outA cyc=                5884 op=6 addr=80002b00
L2 outD cyc=                5885 op=5
L2 outD cyc=                5886 op=5
L2 inD cyc=                5887 op=1 src=  0
L2 outD cyc=                5887 op=5
L2 outD cyc=                5888 op=5
L2 outD cyc=                5889 op=5
L2 inD cyc=                5890 op=1 src=290
L2 outD cyc=                5890 op=5
L2 outD cyc=                5891 op=5
L2 inD cyc=                5892 op=1 src=290
L2 outD cyc=                5892 op=5
L2 inD cyc=                5894 op=1 src=290
L2 inD cyc=                5896 op=1 src=290
L2 inA cyc=                5929 op=4 addr=80002b40 src=290 size=6 wait=    0 mshr= 0
L2 outA cyc=                5932 op=6 addr=80002b40
L2 outD cyc=                5933 op=5
L2 outD cyc=                5934 op=5
L2 outD cyc=                5935 op=5
L2 outD cyc=                5936 op=5
L2 outD cyc=                5937 op=5
L2 inD cyc=                5938 op=1 src=290
L2 outD cyc=                5938 op=5
L2 outD cyc=                5939 op=5
L2 inD cyc=                5940 op=1 src=290
L2 outD cyc=                5940 op=5
L2 inD cyc=                5942 op=1 src=290
L2 inD cyc=                5944 op=1 src=290
L2 inA cyc=                6038 op=4 addr=80001000 src=  0 size=3 wait=    0 mshr= 0
L2 inD cyc=                6042 op=1 src=  0
L2 inD cyc=                6050 op=6 src=288
L2 inA cyc=                6054 op=6 addr=8006c000 src=288 size=6 wait=    0 mshr= 0
L2 outA cyc=                6057 op=6 addr=8006c000
L2 outD cyc=                6058 op=5
L2 outD cyc=                6059 op=5
L2 outD cyc=                6060 op=5
L2 outD cyc=                6061 op=5
L2 outD cyc=                6062 op=5
L2 inD cyc=                6063 op=5 src=288
L2 outD cyc=                6063 op=5
L2 outD cyc=                6064 op=5
L2 inD cyc=                6065 op=5 src=288
L2 outD cyc=                6065 op=5
L2 inD cyc=                6067 op=5 src=288
L2 inD cyc=                6069 op=5 src=288
L2 inD cyc=                6147 op=6 src=288
L2 inA cyc=                6151 op=6 addr=80063000 src=288 size=6 wait=    0 mshr= 0
L2 outA cyc=                6154 op=6 addr=80063000
L2 outD cyc=                6155 op=5
L2 outD cyc=                6156 op=5
L2 outD cyc=                6157 op=5
L2 outD cyc=                6158 op=5
L2 outD cyc=                6159 op=5
L2 inD cyc=                6160 op=5 src=288
L2 outD cyc=                6160 op=5
L2 outD cyc=                6161 op=5
L2 inD cyc=                6162 op=5 src=288
L2 outD cyc=                6162 op=5
L2 inD cyc=                6164 op=5 src=288
L2 inD cyc=                6166 op=5 src=288
L2 inA cyc=                6175 op=4 addr=80002b80 src=290 size=6 wait=    0 mshr= 0
L2 outA cyc=                6178 op=6 addr=80002b80
L2 outD cyc=                6179 op=5
L2 inD cyc=                6180 op=6 src=288
L2 outD cyc=                6180 op=5
L2 outD cyc=                6181 op=5
L2 outD cyc=                6182 op=5
L2 outD cyc=                6183 op=5
L2 inA cyc=                6184 op=6 addr=8005a000 src=288 size=6 wait=    0 mshr= 1
L2 outD cyc=                6184 op=5
L2 outD cyc=                6185 op=5
L2 outD cyc=                6186 op=5
L2 inD cyc=                6187 op=1 src=290
L2 outA cyc=                6187 op=6 addr=8005a000
L2 outD cyc=                6188 op=5
L2 inD cyc=                6189 op=1 src=290
L2 outD cyc=                6189 op=5
L2 inD cyc=                6190 op=1 src=290
L2 outD cyc=                6190 op=5
L2 inD cyc=                6191 op=1 src=290
L2 outD cyc=                6191 op=5
L2 outD cyc=                6192 op=5
L2 inA cyc=                6193 op=4 addr=80001000 src=  0 size=3 wait=    0 mshr= 1
L2 inD cyc=                6193 op=5 src=288
L2 outD cyc=                6193 op=5
L2 outD cyc=                6194 op=5
L2 inD cyc=                6195 op=5 src=288
L2 outD cyc=                6195 op=5
L2 inD cyc=                6197 op=5 src=288
L2 inD cyc=                6199 op=5 src=288
L2 inD cyc=                6200 op=1 src=  0
L2 inD cyc=                6314 op=6 src=288
L2 inA cyc=                6318 op=6 addr=8006c000 src=288 size=6 wait=    0 mshr= 0
L2 inD cyc=                6322 op=5 src=288
L2 inD cyc=                6323 op=5 src=288
L2 inD cyc=                6324 op=5 src=288
L2 inD cyc=                6325 op=5 src=288
L2 inA cyc=                6348 op=4 addr=80001000 src=  0 size=3 wait=    0 mshr= 0
L2 inD cyc=                6352 op=1 src=  0
L2 inA cyc=                6395 op=6 addr=80063000 src=288 size=6 wait=    0 mshr= 0
L2 inD cyc=                6399 op=5 src=288
L2 inD cyc=                6400 op=5 src=288
L2 inD cyc=                6401 op=5 src=288
L2 inD cyc=                6402 op=5 src=288
L2 inA cyc=                6408 op=6 addr=8005a000 src=288 size=6 wait=    0 mshr= 0
L2 inD cyc=                6412 op=5 src=288
L2 inD cyc=                6413 op=5 src=288
L2 inD cyc=                6414 op=5 src=288
L2 inD cyc=                6415 op=5 src=288
L2 inA cyc=                6503 op=4 addr=80001000 src=  0 size=3 wait=    0 mshr= 0
L2 inD cyc=                6507 op=1 src=  0
L2 inA cyc=                6658 op=4 addr=80001000 src=  0 size=3 wait=    0 mshr= 0
L2 inD cyc=                6662 op=1 src=  0
L2 inA cyc=                6813 op=4 addr=80001000 src=  0 size=3 wait=    0 mshr= 0
L2 inD cyc=                6817 op=1 src=  0
L2 inA cyc=                6968 op=4 addr=80001000 src=  0 size=3 wait=    0 mshr= 0
L2 inD cyc=                6972 op=1 src=  0
L2 inA cyc=                7123 op=4 addr=80001000 src=  0 size=3 wait=    0 mshr= 0
L2 inD cyc=                7127 op=1 src=  0
L2 inA cyc=                7278 op=4 addr=80001000 src=  0 size=3 wait=    0 mshr= 0
L2 inD cyc=                7282 op=1 src=  0
L2 inA cyc=                7433 op=4 addr=80001000 src=  0 size=3 wait=    0 mshr= 0
L2 inD cyc=                7437 op=1 src=  0
L2 inA cyc=                7545 op=6 addr=8006c040 src=288 size=6 wait=    0 mshr= 0
L2 outA cyc=                7548 op=6 addr=8006c040
L2 outD cyc=                7549 op=5
L2 outD cyc=                7550 op=5
L2 outD cyc=                7551 op=5
L2 outD cyc=                7552 op=5
L2 outD cyc=                7553 op=5
L2 inD cyc=                7554 op=5 src=288
L2 outD cyc=                7554 op=5
L2 outD cyc=                7555 op=5
L2 inD cyc=                7556 op=5 src=288
L2 outD cyc=                7556 op=5
L2 inD cyc=                7558 op=5 src=288
L2 inD cyc=                7560 op=5 src=288
L2 inA cyc=                7588 op=4 addr=80001000 src=  0 size=3 wait=    0 mshr= 0
L2 inD cyc=                7592 op=1 src=  0
L2 inD cyc=                7638 op=6 src=288
L2 inA cyc=                7642 op=6 addr=80063040 src=288 size=6 wait=    0 mshr= 0
L2 outA cyc=                7645 op=6 addr=80063040
L2 outD cyc=                7646 op=5
L2 outD cyc=                7647 op=5
L2 outD cyc=                7648 op=5
L2 outD cyc=                7649 op=5
L2 outD cyc=                7650 op=5
L2 inD cyc=                7651 op=5 src=288
L2 outD cyc=                7651 op=5
L2 outD cyc=                7652 op=5
L2 inD cyc=                7653 op=5 src=288
L2 outD cyc=                7653 op=5
L2 inD cyc=                7655 op=5 src=288
L2 inD cyc=                7657 op=5 src=288
L2 inA cyc=                7663 op=6 addr=8005a040 src=288 size=6 wait=    0 mshr= 0
L2 outA cyc=                7666 op=6 addr=8005a040
L2 outD cyc=                7667 op=5
L2 outD cyc=                7668 op=5
L2 outD cyc=                7669 op=5
L2 outD cyc=                7670 op=5
L2 outD cyc=                7671 op=5
L2 inD cyc=                7672 op=5 src=288
L2 outD cyc=                7672 op=5
L2 outD cyc=                7673 op=5
L2 inD cyc=                7674 op=5 src=288
L2 outD cyc=                7674 op=5
L2 inD cyc=                7676 op=5 src=288
L2 inD cyc=                7678 op=5 src=288
L2 inA cyc=                7743 op=4 addr=80001000 src=  0 size=3 wait=    0 mshr= 0
L2 inD cyc=                7747 op=1 src=  0
L2 inD cyc=                7792 op=6 src=288
L2 inA cyc=                7796 op=6 addr=8006c040 src=288 size=6 wait=    0 mshr= 0
L2 inD cyc=                7800 op=5 src=288
L2 inD cyc=                7801 op=5 src=288
L2 inD cyc=                7802 op=5 src=288
L2 inD cyc=                7803 op=5 src=288
L2 inA cyc=                7898 op=4 addr=80001000 src=  0 size=3 wait=    0 mshr= 0
L2 inD cyc=                7902 op=1 src=  0
L2 inA cyc=                8053 op=4 addr=80001000 src=  0 size=3 wait=    0 mshr= 0
L2 inD cyc=                8057 op=1 src=  0
L2 inA cyc=                8208 op=4 addr=80001000 src=  0 size=3 wait=    0 mshr= 0
L2 inD cyc=                8212 op=1 src=  0
L2 inA cyc=                8363 op=4 addr=80001000 src=  0 size=3 wait=    0 mshr= 0
L2 inD cyc=                8367 op=1 src=  0
L2 inA cyc=                8518 op=4 addr=80001000 src=  0 size=3 wait=    0 mshr= 0
L2 inD cyc=                8522 op=1 src=  0
L2 inA cyc=                8673 op=4 addr=80001000 src=  0 size=3 wait=    0 mshr= 0
L2 inD cyc=                8677 op=1 src=  0
L2 inA cyc=                8828 op=4 addr=80001000 src=  0 size=3 wait=    0 mshr= 0
L2 inD cyc=                8832 op=1 src=  0
L2 inA cyc=                8983 op=4 addr=80001000 src=  0 size=3 wait=    0 mshr= 0
L2 inD cyc=                8987 op=1 src=  0
L2 inD cyc=                9004 op=6 src=288
L2 inA cyc=                9008 op=6 addr=8006c080 src=288 size=6 wait=    0 mshr= 0
L2 outA cyc=                9011 op=6 addr=8006c080
L2 outD cyc=                9012 op=5
L2 outD cyc=                9013 op=5
L2 outD cyc=                9014 op=5
L2 outD cyc=                9015 op=5
L2 outD cyc=                9016 op=5
L2 inD cyc=                9017 op=5 src=288
L2 outD cyc=                9017 op=5
L2 outD cyc=                9018 op=5
L2 inD cyc=                9019 op=5 src=288
L2 outD cyc=                9019 op=5
L2 inD cyc=                9021 op=5 src=288
L2 inD cyc=                9023 op=5 src=288
L2 inA cyc=                9093 op=6 addr=80063080 src=288 size=6 wait=    0 mshr= 0
L2 outA cyc=                9096 op=6 addr=80063080
L2 outD cyc=                9097 op=5
L2 outD cyc=                9098 op=5
L2 outD cyc=                9099 op=5
L2 outD cyc=                9100 op=5
L2 outD cyc=                9101 op=5
L2 inD cyc=                9102 op=5 src=288
L2 outD cyc=                9102 op=5
L2 outD cyc=                9103 op=5
L2 inD cyc=                9104 op=5 src=288
L2 outD cyc=                9104 op=5
L2 inD cyc=                9106 op=5 src=288
L2 inD cyc=                9108 op=5 src=288
L2 inA cyc=                9114 op=6 addr=8005a080 src=288 size=6 wait=    0 mshr= 0
L2 outA cyc=                9117 op=6 addr=8005a080
L2 outD cyc=                9118 op=5
L2 outD cyc=                9119 op=5
L2 outD cyc=                9120 op=5
L2 outD cyc=                9121 op=5
L2 outD cyc=                9122 op=5
L2 inD cyc=                9123 op=5 src=288
L2 outD cyc=                9123 op=5
L2 outD cyc=                9124 op=5
L2 inD cyc=                9125 op=5 src=288
L2 outD cyc=                9125 op=5
L2 inD cyc=                9127 op=5 src=288
L2 inD cyc=                9129 op=5 src=288
L2 inA cyc=                9138 op=4 addr=80001000 src=  0 size=3 wait=    0 mshr= 0
L2 inD cyc=                9142 op=1 src=  0
L2 inA cyc=                9293 op=4 addr=80001000 src=  0 size=3 wait=    0 mshr= 0
L2 inD cyc=                9297 op=1 src=  0
L2 inA cyc=                9448 op=4 addr=80001000 src=  0 size=3 wait=    0 mshr= 0
L2 inD cyc=                9452 op=1 src=  0
L2 inA cyc=                9603 op=4 addr=80001000 src=  0 size=3 wait=    0 mshr= 0
L2 inD cyc=                9607 op=1 src=  0
L2 inA cyc=                9758 op=4 addr=80001000 src=  0 size=3 wait=    0 mshr= 0
L2 inD cyc=                9762 op=1 src=  0
L2 inA cyc=                9913 op=4 addr=80001000 src=  0 size=3 wait=    0 mshr= 0
L2 inD cyc=                9917 op=1 src=  0
L2 inA cyc=               10068 op=4 addr=80001000 src=  0 size=3 wait=    0 mshr= 0
L2 inD cyc=               10072 op=1 src=  0
L2 inA cyc=               10223 op=4 addr=80001000 src=  0 size=3 wait=    0 mshr= 0
L2 inD cyc=               10227 op=1 src=  0
L2 inA cyc=               10378 op=4 addr=80001000 src=  0 size=3 wait=    0 mshr= 0
L2 inD cyc=               10382 op=1 src=  0
L2 inA cyc=               10421 op=6 addr=8006c0c0 src=288 size=6 wait=    0 mshr= 0
L2 outA cyc=               10424 op=6 addr=8006c0c0
L2 outD cyc=               10425 op=5
L2 outD cyc=               10426 op=5
L2 outD cyc=               10427 op=5
L2 outD cyc=               10428 op=5
L2 outD cyc=               10429 op=5
L2 inD cyc=               10430 op=5 src=288
L2 outD cyc=               10430 op=5
L2 outD cyc=               10431 op=5
L2 inD cyc=               10432 op=5 src=288
L2 outD cyc=               10432 op=5
L2 inD cyc=               10434 op=5 src=288
L2 inD cyc=               10436 op=5 src=288
L2 inA cyc=               10506 op=6 addr=800630c0 src=288 size=6 wait=    0 mshr= 0
L2 outA cyc=               10509 op=6 addr=800630c0
L2 outD cyc=               10510 op=5
L2 outD cyc=               10511 op=5
L2 outD cyc=               10512 op=5
L2 outD cyc=               10513 op=5
L2 outD cyc=               10514 op=5
L2 inD cyc=               10515 op=5 src=288
L2 outD cyc=               10515 op=5
L2 outD cyc=               10516 op=5
L2 inD cyc=               10517 op=5 src=288
L2 outD cyc=               10517 op=5
L2 inD cyc=               10519 op=5 src=288
L2 inD cyc=               10521 op=5 src=288
L2 inA cyc=               10527 op=6 addr=8005a0c0 src=288 size=6 wait=    0 mshr= 0
L2 outA cyc=               10530 op=6 addr=8005a0c0
L2 outD cyc=               10531 op=5
L2 outD cyc=               10532 op=5
L2 inA cyc=               10533 op=4 addr=80001000 src=  0 size=3 wait=    0 mshr= 1
L2 outD cyc=               10533 op=5
L2 outD cyc=               10534 op=5
L2 outD cyc=               10535 op=5
L2 inD cyc=               10536 op=5 src=288
L2 outD cyc=               10536 op=5
L2 outD cyc=               10537 op=5
L2 inD cyc=               10538 op=5 src=288
L2 outD cyc=               10538 op=5
L2 inD cyc=               10540 op=5 src=288
L2 inD cyc=               10542 op=5 src=288
L2 inD cyc=               10543 op=1 src=  0
L2 inA cyc=               10693 op=4 addr=80001000 src=  0 size=3 wait=    0 mshr= 0
L2 inD cyc=               10697 op=1 src=  0
L2 inA cyc=               10848 op=4 addr=80001000 src=  0 size=3 wait=    0 mshr= 0
L2 inD cyc=               10852 op=1 src=  0
L2 inA cyc=               11003 op=4 addr=80001000 src=  0 size=3 wait=    0 mshr= 0
L2 inD cyc=               11007 op=1 src=  0
L2 inA cyc=               11158 op=4 addr=80001000 src=  0 size=3 wait=    0 mshr= 0
L2 inD cyc=               11162 op=1 src=  0
L2 inA cyc=               11313 op=4 addr=80001000 src=  0 size=3 wait=    0 mshr= 0
L2 inD cyc=               11317 op=1 src=  0
L2 inA cyc=               11468 op=4 addr=80001000 src=  0 size=3 wait=    0 mshr= 0
L2 inD cyc=               11472 op=1 src=  0
L2 inA cyc=               11623 op=4 addr=80001000 src=  0 size=3 wait=    0 mshr= 0
L2 inD cyc=               11627 op=1 src=  0
L2 inA cyc=               11778 op=4 addr=80001000 src=  0 size=3 wait=    0 mshr= 0
L2 inD cyc=               11782 op=1 src=  0
L2 inA cyc=               11828 op=6 addr=8006c100 src=288 size=6 wait=    0 mshr= 0
L2 outA cyc=               11831 op=6 addr=8006c100
L2 outD cyc=               11832 op=5
L2 outD cyc=               11833 op=5
L2 outD cyc=               11834 op=5
L2 outD cyc=               11835 op=5
L2 outD cyc=               11836 op=5
L2 inD cyc=               11837 op=5 src=288
L2 outD cyc=               11837 op=5
L2 outD cyc=               11838 op=5
L2 inD cyc=               11839 op=5 src=288
L2 outD cyc=               11839 op=5
L2 inD cyc=               11841 op=5 src=288
L2 inD cyc=               11843 op=5 src=288
L2 inA cyc=               11912 op=6 addr=80063100 src=288 size=6 wait=    0 mshr= 0
L2 outA cyc=               11915 op=6 addr=80063100
L2 outD cyc=               11916 op=5
L2 outD cyc=               11917 op=5
L2 outD cyc=               11918 op=5
L2 outD cyc=               11919 op=5
L2 outD cyc=               11920 op=5
L2 inD cyc=               11921 op=5 src=288
L2 outD cyc=               11921 op=5
L2 outD cyc=               11922 op=5
L2 inD cyc=               11923 op=5 src=288
L2 outD cyc=               11923 op=5
L2 inD cyc=               11925 op=5 src=288
L2 inD cyc=               11927 op=5 src=288
L2 inA cyc=               11933 op=4 addr=80001000 src=  0 size=3 wait=    0 mshr= 0
L2 inA cyc=               11934 op=6 addr=8005a100 src=288 size=6 wait=    0 mshr= 1
L2 inD cyc=               11937 op=1 src=  0
L2 outA cyc=               11937 op=6 addr=8005a100
L2 outD cyc=               11938 op=5
L2 outD cyc=               11939 op=5
L2 outD cyc=               11940 op=5
L2 outD cyc=               11941 op=5
L2 outD cyc=               11942 op=5
L2 inD cyc=               11943 op=5 src=288
L2 outD cyc=               11943 op=5
L2 outD cyc=               11944 op=5
L2 inD cyc=               11945 op=5 src=288
L2 outD cyc=               11945 op=5
L2 inD cyc=               11947 op=5 src=288
L2 inD cyc=               11949 op=5 src=288
L2 inA cyc=               12088 op=4 addr=80001000 src=  0 size=3 wait=    0 mshr= 0
L2 inD cyc=               12092 op=1 src=  0
L2 inA cyc=               12243 op=4 addr=80001000 src=  0 size=3 wait=    0 mshr= 0
L2 inD cyc=               12247 op=1 src=  0
L2 inA cyc=               12398 op=4 addr=80001000 src=  0 size=3 wait=    0 mshr= 0
L2 inD cyc=               12402 op=1 src=  0
L2 inA cyc=               12553 op=4 addr=80001000 src=  0 size=3 wait=    0 mshr= 0
L2 inD cyc=               12557 op=1 src=  0
L2 inA cyc=               12708 op=4 addr=80001000 src=  0 size=3 wait=    0 mshr= 0
L2 inD cyc=               12712 op=1 src=  0
L2 inA cyc=               12863 op=4 addr=80001000 src=  0 size=3 wait=    0 mshr= 0
L2 inD cyc=               12867 op=1 src=  0
L2 inA cyc=               13018 op=4 addr=80001000 src=  0 size=3 wait=    0 mshr= 0
L2 inD cyc=               13022 op=1 src=  0
L2 inA cyc=               13173 op=4 addr=80001000 src=  0 size=3 wait=    0 mshr= 0
L2 inD cyc=               13177 op=1 src=  0
L2 inA cyc=               13242 op=6 addr=8006c140 src=288 size=6 wait=    0 mshr= 0
L2 outA cyc=               13245 op=6 addr=8006c140
L2 outD cyc=               13246 op=5
L2 outD cyc=               13247 op=5
L2 outD cyc=               13248 op=5
L2 outD cyc=               13249 op=5
L2 outD cyc=               13250 op=5
L2 inD cyc=               13251 op=5 src=288
L2 outD cyc=               13251 op=5
L2 outD cyc=               13252 op=5
L2 inD cyc=               13253 op=5 src=288
L2 outD cyc=               13253 op=5
L2 inD cyc=               13255 op=5 src=288
L2 inD cyc=               13257 op=5 src=288
L2 inA cyc=               13328 op=4 addr=80001000 src=  0 size=3 wait=    0 mshr= 0
L2 inD cyc=               13332 op=1 src=  0
L2 inD cyc=               13334 op=6 src=288
L2 inA cyc=               13338 op=6 addr=80063140 src=288 size=6 wait=    0 mshr= 0
L2 outA cyc=               13341 op=6 addr=80063140
L2 outD cyc=               13342 op=5
L2 outD cyc=               13343 op=5
L2 outD cyc=               13344 op=5
L2 outD cyc=               13345 op=5
L2 outD cyc=               13346 op=5
L2 inD cyc=               13347 op=5 src=288
L2 outD cyc=               13347 op=5
L2 outD cyc=               13348 op=5
L2 inD cyc=               13349 op=5 src=288
L2 outD cyc=               13349 op=5
L2 inD cyc=               13351 op=5 src=288
L2 inD cyc=               13353 op=5 src=288
L2 inA cyc=               13359 op=6 addr=8005a140 src=288 size=6 wait=    0 mshr= 0
L2 outA cyc=               13362 op=6 addr=8005a140
L2 outD cyc=               13363 op=5
L2 outD cyc=               13364 op=5
L2 outD cyc=               13365 op=5
L2 outD cyc=               13366 op=5
L2 outD cyc=               13367 op=5
L2 inD cyc=               13368 op=5 src=288
L2 outD cyc=               13368 op=5
L2 outD cyc=               13369 op=5
L2 inD cyc=               13370 op=5 src=288
L2 outD cyc=               13370 op=5
L2 inD cyc=               13372 op=5 src=288
L2 inD cyc=               13374 op=5 src=288
L2 inA cyc=               13479 op=6 addr=8006c140 src=288 size=6 wait=    0 mshr= 0
L2 inA cyc=               13483 op=4 addr=80001000 src=  0 size=3 wait=    0 mshr= 1
L2 inD cyc=               13483 op=5 src=288
L2 inD cyc=               13484 op=5 src=288
L2 inD cyc=               13485 op=5 src=288
L2 inD cyc=               13486 op=5 src=288
L2 inD cyc=               13487 op=1 src=  0
L2 inA cyc=               13638 op=4 addr=80001000 src=  0 size=3 wait=    0 mshr= 0
L2 inD cyc=               13642 op=1 src=  0
L2 inA cyc=               13793 op=4 addr=80001000 src=  0 size=3 wait=    0 mshr= 0
L2 inD cyc=               13797 op=1 src=  0
L2 inA cyc=               13948 op=4 addr=80001000 src=  0 size=3 wait=    0 mshr= 0
L2 inD cyc=               13952 op=1 src=  0
L2 inA cyc=               14103 op=4 addr=80001000 src=  0 size=3 wait=    0 mshr= 0
L2 inD cyc=               14107 op=1 src=  0
L2 inA cyc=               14258 op=4 addr=80001000 src=  0 size=3 wait=    0 mshr= 0
L2 inD cyc=               14262 op=1 src=  0
L2 inA cyc=               14413 op=4 addr=80001000 src=  0 size=3 wait=    0 mshr= 0
L2 inD cyc=               14417 op=1 src=  0
L2 inA cyc=               14568 op=4 addr=80001000 src=  0 size=3 wait=    0 mshr= 0
L2 inD cyc=               14572 op=1 src=  0
L2 inA cyc=               14682 op=6 addr=8006c180 src=288 size=6 wait=    0 mshr= 0
L2 outA cyc=               14685 op=6 addr=8006c180
L2 outD cyc=               14686 op=5
L2 outD cyc=               14687 op=5
L2 outD cyc=               14688 op=5
L2 outD cyc=               14689 op=5
L2 outD cyc=               14690 op=5
L2 inD cyc=               14691 op=5 src=288
L2 outD cyc=               14691 op=5
L2 outD cyc=               14692 op=5
L2 inD cyc=               14693 op=5 src=288
L2 outD cyc=               14693 op=5
L2 inD cyc=               14695 op=5 src=288
L2 inD cyc=               14697 op=5 src=288
L2 inA cyc=               14723 op=4 addr=80001000 src=  0 size=3 wait=    0 mshr= 0
L2 inD cyc=               14727 op=1 src=  0
L2 inA cyc=               14767 op=6 addr=80063180 src=288 size=6 wait=    0 mshr= 0
L2 outA cyc=               14770 op=6 addr=80063180
L2 outD cyc=               14771 op=5
L2 outD cyc=               14772 op=5
L2 outD cyc=               14773 op=5
L2 outD cyc=               14774 op=5
L2 outD cyc=               14775 op=5
L2 inD cyc=               14776 op=5 src=288
L2 outD cyc=               14776 op=5
L2 outD cyc=               14777 op=5
L2 inD cyc=               14778 op=5 src=288
L2 outD cyc=               14778 op=5
L2 inD cyc=               14780 op=5 src=288
L2 inD cyc=               14782 op=5 src=288
L2 inA cyc=               14788 op=6 addr=8005a180 src=288 size=6 wait=    0 mshr= 0
L2 outA cyc=               14791 op=6 addr=8005a180
L2 outD cyc=               14792 op=5
L2 outD cyc=               14793 op=5
L2 outD cyc=               14794 op=5
L2 outD cyc=               14795 op=5
L2 outD cyc=               14796 op=5
L2 inD cyc=               14797 op=5 src=288
L2 outD cyc=               14797 op=5
L2 outD cyc=               14798 op=5
L2 inD cyc=               14799 op=5 src=288
L2 outD cyc=               14799 op=5
L2 inD cyc=               14801 op=5 src=288
L2 inD cyc=               14803 op=5 src=288
L2 inA cyc=               14878 op=4 addr=80001000 src=  0 size=3 wait=    0 mshr= 0
L2 inD cyc=               14882 op=1 src=  0
L2 inA cyc=               15033 op=4 addr=80001000 src=  0 size=3 wait=    0 mshr= 0
L2 inD cyc=               15037 op=1 src=  0
L2 inA cyc=               15188 op=4 addr=80001000 src=  0 size=3 wait=    0 mshr= 0
L2 inD cyc=               15192 op=1 src=  0
L2 inA cyc=               15343 op=4 addr=80001000 src=  0 size=3 wait=    0 mshr= 0
L2 inD cyc=               15347 op=1 src=  0
L2 inA cyc=               15498 op=4 addr=80001000 src=  0 size=3 wait=    0 mshr= 0
L2 inD cyc=               15502 op=1 src=  0
L2 inA cyc=               15653 op=4 addr=80001000 src=  0 size=3 wait=    0 mshr= 0
L2 inD cyc=               15657 op=1 src=  0
L2 inA cyc=               15808 op=4 addr=80001000 src=  0 size=3 wait=    0 mshr= 0
L2 inD cyc=               15812 op=1 src=  0
L2 inA cyc=               15963 op=4 addr=80001000 src=  0 size=3 wait=    0 mshr= 0
L2 inD cyc=               15967 op=1 src=  0
L2 inA cyc=               16089 op=6 addr=8006c1c0 src=288 size=6 wait=    0 mshr= 0
L2 outA cyc=               16092 op=6 addr=8006c1c0
L2 outD cyc=               16093 op=5
L2 outD cyc=               16094 op=5
L2 outD cyc=               16095 op=5
L2 outD cyc=               16096 op=5
L2 outD cyc=               16097 op=5
L2 inD cyc=               16098 op=5 src=288
L2 outD cyc=               16098 op=5
L2 outD cyc=               16099 op=5
L2 inD cyc=               16100 op=5 src=288
L2 outD cyc=               16100 op=5
L2 inD cyc=               16102 op=5 src=288
L2 inD cyc=               16104 op=5 src=288
L2 inA cyc=               16118 op=4 addr=80001000 src=  0 size=3 wait=    0 mshr= 0
L2 inD cyc=               16122 op=1 src=  0
L2 inA cyc=               16173 op=6 addr=800631c0 src=288 size=6 wait=    0 mshr= 0
L2 outA cyc=               16176 op=6 addr=800631c0
L2 outD cyc=               16177 op=5
L2 outD cyc=               16178 op=5
L2 outD cyc=               16179 op=5
L2 outD cyc=               16180 op=5
L2 outD cyc=               16181 op=5
L2 inD cyc=               16182 op=5 src=288
L2 outD cyc=               16182 op=5
L2 outD cyc=               16183 op=5
L2 inD cyc=               16184 op=5 src=288
L2 outD cyc=               16184 op=5
L2 inD cyc=               16186 op=5 src=288
L2 inD cyc=               16188 op=5 src=288
L2 inA cyc=               16194 op=6 addr=8005a1c0 src=288 size=6 wait=    0 mshr= 0
L2 outA cyc=               16197 op=6 addr=8005a1c0
L2 outD cyc=               16198 op=5
L2 outD cyc=               16199 op=5
L2 outD cyc=               16200 op=5
L2 outD cyc=               16201 op=5
L2 outD cyc=               16202 op=5
L2 inD cyc=               16203 op=5 src=288
L2 outD cyc=               16203 op=5
L2 outD cyc=               16204 op=5
L2 inD cyc=               16205 op=5 src=288
L2 outD cyc=               16205 op=5
L2 inD cyc=               16207 op=5 src=288
L2 inD cyc=               16209 op=5 src=288
L2 inA cyc=               16273 op=4 addr=80001000 src=  0 size=3 wait=    0 mshr= 0
L2 inD cyc=               16277 op=1 src=  0
L2 inA cyc=               16428 op=4 addr=80001000 src=  0 size=3 wait=    0 mshr= 0
L2 inD cyc=               16432 op=1 src=  0
L2 inA cyc=               16583 op=4 addr=80001000 src=  0 size=3 wait=    0 mshr= 0
L2 inD cyc=               16587 op=1 src=  0
L2 inA cyc=               16738 op=4 addr=80001000 src=  0 size=3 wait=    0 mshr= 0
L2 inD cyc=               16742 op=1 src=  0
L2 inA cyc=               16893 op=4 addr=80001000 src=  0 size=3 wait=    0 mshr= 0
L2 inD cyc=               16897 op=1 src=  0
L2 inA cyc=               17048 op=4 addr=80001000 src=  0 size=3 wait=    0 mshr= 0
L2 inD cyc=               17052 op=1 src=  0
L2 inA cyc=               17203 op=4 addr=80001000 src=  0 size=3 wait=    0 mshr= 0
L2 inD cyc=               17207 op=1 src=  0
L2 inA cyc=               17358 op=4 addr=80001000 src=  0 size=3 wait=    0 mshr= 0
L2 inD cyc=               17362 op=1 src=  0
L2 inA cyc=               17501 op=6 addr=8006c200 src=288 size=6 wait=    0 mshr= 0
L2 outA cyc=               17504 op=6 addr=8006c200
L2 outD cyc=               17505 op=5
L2 outD cyc=               17506 op=5
L2 outD cyc=               17507 op=5
L2 outD cyc=               17508 op=5
L2 outD cyc=               17509 op=5
L2 inD cyc=               17510 op=5 src=288
L2 outD cyc=               17510 op=5
L2 outD cyc=               17511 op=5
L2 inD cyc=               17512 op=5 src=288
L2 outD cyc=               17512 op=5
L2 inA cyc=               17513 op=4 addr=80001000 src=  0 size=3 wait=    0 mshr= 1
L2 inD cyc=               17514 op=5 src=288
L2 inD cyc=               17516 op=5 src=288
L2 inD cyc=               17517 op=1 src=  0
L2 inA cyc=               17586 op=6 addr=80063200 src=288 size=6 wait=    0 mshr= 0
L2 outA cyc=               17589 op=6 addr=80063200
L2 outD cyc=               17590 op=5
L2 outD cyc=               17591 op=5
L2 outD cyc=               17592 op=5
L2 outD cyc=               17593 op=5
L2 outD cyc=               17594 op=5
L2 inD cyc=               17595 op=5 src=288
L2 outD cyc=               17595 op=5
L2 outD cyc=               17596 op=5
L2 inD cyc=               17597 op=5 src=288
L2 outD cyc=               17597 op=5
L2 inD cyc=               17599 op=5 src=288
L2 inD cyc=               17601 op=5 src=288
L2 inD cyc=               17615 op=6 src=288
L2 inA cyc=               17619 op=6 addr=8005a200 src=288 size=6 wait=    0 mshr= 0
L2 outA cyc=               17622 op=6 addr=8005a200
L2 outD cyc=               17623 op=5
L2 outD cyc=               17624 op=5
L2 outD cyc=               17625 op=5
L2 outD cyc=               17626 op=5
L2 outD cyc=               17627 op=5
L2 inD cyc=               17628 op=5 src=288
L2 outD cyc=               17628 op=5
L2 outD cyc=               17629 op=5
L2 inD cyc=               17630 op=5 src=288
L2 outD cyc=               17630 op=5
L2 inD cyc=               17632 op=5 src=288
L2 inD cyc=               17634 op=5 src=288
L2 inA cyc=               17668 op=4 addr=80001000 src=  0 size=3 wait=    0 mshr= 0
L2 inD cyc=               17672 op=1 src=  0
L2 inA cyc=               17739 op=6 addr=8006c200 src=288 size=6 wait=    0 mshr= 0
L2 inD cyc=               17743 op=5 src=288
L2 inD cyc=               17744 op=5 src=288
L2 inD cyc=               17745 op=5 src=288
L2 inD cyc=               17746 op=5 src=288
L2 inA cyc=               17823 op=4 addr=80001000 src=  0 size=3 wait=    0 mshr= 0
L2 inD cyc=               17827 op=1 src=  0
L2 inA cyc=               17978 op=4 addr=80001000 src=  0 size=3 wait=    0 mshr= 0
L2 inD cyc=               17982 op=1 src=  0
L2 inA cyc=               18133 op=4 addr=80001000 src=  0 size=3 wait=    0 mshr= 0
L2 inD cyc=               18137 op=1 src=  0
L2 inA cyc=               18288 op=4 addr=80001000 src=  0 size=3 wait=    0 mshr= 0
L2 inD cyc=               18292 op=1 src=  0
L2 inA cyc=               18443 op=4 addr=80001000 src=  0 size=3 wait=    0 mshr= 0
L2 inD cyc=               18447 op=1 src=  0
L2 inA cyc=               18598 op=4 addr=80001000 src=  0 size=3 wait=    0 mshr= 0
L2 inD cyc=               18602 op=1 src=  0
L2 inA cyc=               18753 op=4 addr=80001000 src=  0 size=3 wait=    0 mshr= 0
L2 inD cyc=               18757 op=1 src=  0
L2 inA cyc=               18908 op=4 addr=80001000 src=  0 size=3 wait=    0 mshr= 0
L2 inD cyc=               18912 op=1 src=  0
L2 inA cyc=               18940 op=6 addr=8006c240 src=288 size=6 wait=    0 mshr= 0
L2 outA cyc=               18943 op=6 addr=8006c240
L2 outD cyc=               18944 op=5
L2 outD cyc=               18945 op=5
L2 outD cyc=               18946 op=5
L2 outD cyc=               18947 op=5
L2 outD cyc=               18948 op=5
L2 inD cyc=               18949 op=5 src=288
L2 outD cyc=               18949 op=5
L2 outD cyc=               18950 op=5
L2 inD cyc=               18951 op=5 src=288
L2 outD cyc=               18951 op=5
L2 inD cyc=               18953 op=5 src=288
L2 inD cyc=               18955 op=5 src=288
L2 inA cyc=               19025 op=6 addr=80063240 src=288 size=6 wait=    0 mshr= 0
L2 outA cyc=               19028 op=6 addr=80063240
L2 outD cyc=               19029 op=5
L2 outD cyc=               19030 op=5
L2 outD cyc=               19031 op=5
L2 outD cyc=               19032 op=5
L2 outD cyc=               19033 op=5
L2 inD cyc=               19034 op=5 src=288
L2 outD cyc=               19034 op=5
L2 outD cyc=               19035 op=5
L2 inD cyc=               19036 op=5 src=288
L2 outD cyc=               19036 op=5
L2 inD cyc=               19038 op=5 src=288
L2 inD cyc=               19040 op=5 src=288
L2 inA cyc=               19046 op=6 addr=8005a240 src=288 size=6 wait=    0 mshr= 0
L2 outA cyc=               19049 op=6 addr=8005a240
L2 outD cyc=               19050 op=5
L2 outD cyc=               19051 op=5
L2 outD cyc=               19052 op=5
L2 outD cyc=               19053 op=5
L2 outD cyc=               19054 op=5
L2 inD cyc=               19055 op=5 src=288
L2 outD cyc=               19055 op=5
L2 outD cyc=               19056 op=5
L2 inD cyc=               19057 op=5 src=288
L2 outD cyc=               19057 op=5
L2 inD cyc=               19059 op=5 src=288
L2 inD cyc=               19061 op=5 src=288
L2 inA cyc=               19063 op=4 addr=80001000 src=  0 size=3 wait=    0 mshr= 0
L2 inD cyc=               19067 op=1 src=  0
L2 inA cyc=               19218 op=4 addr=80001000 src=  0 size=3 wait=    0 mshr= 0
L2 inD cyc=               19222 op=1 src=  0
L2 inA cyc=               19373 op=4 addr=80001000 src=  0 size=3 wait=    0 mshr= 0
L2 inD cyc=               19377 op=1 src=  0
L2 inA cyc=               19528 op=4 addr=80001000 src=  0 size=3 wait=    0 mshr= 0
L2 inD cyc=               19532 op=1 src=  0
L2 inA cyc=               19683 op=4 addr=80001000 src=  0 size=3 wait=    0 mshr= 0
L2 inD cyc=               19687 op=1 src=  0
L2 inA cyc=               19838 op=4 addr=80001000 src=  0 size=3 wait=    0 mshr= 0
L2 inD cyc=               19842 op=1 src=  0
L2 inA cyc=               19993 op=4 addr=80001000 src=  0 size=3 wait=    0 mshr= 0
L2 inD cyc=               19997 op=1 src=  0
L2 inA cyc=               20148 op=4 addr=80001000 src=  0 size=3 wait=    0 mshr= 0
L2 inD cyc=               20152 op=1 src=  0
L2 inA cyc=               20303 op=4 addr=80001000 src=  0 size=3 wait=    0 mshr= 0
L2 inD cyc=               20307 op=1 src=  0
L2 inA cyc=               20353 op=6 addr=8006c280 src=288 size=6 wait=    0 mshr= 0
L2 outA cyc=               20356 op=6 addr=8006c280
L2 outD cyc=               20357 op=5
L2 outD cyc=               20358 op=5
L2 outD cyc=               20359 op=5
L2 outD cyc=               20360 op=5
L2 outD cyc=               20361 op=5
L2 inD cyc=               20362 op=5 src=288
L2 outD cyc=               20362 op=5
L2 outD cyc=               20363 op=5
L2 inD cyc=               20364 op=5 src=288
L2 outD cyc=               20364 op=5
L2 inD cyc=               20366 op=5 src=288
L2 inD cyc=               20368 op=5 src=288
L2 inA cyc=               20437 op=6 addr=80063280 src=288 size=6 wait=    0 mshr= 0
L2 outA cyc=               20440 op=6 addr=80063280
L2 outD cyc=               20441 op=5
L2 outD cyc=               20442 op=5
L2 outD cyc=               20443 op=5
L2 outD cyc=               20444 op=5
L2 outD cyc=               20445 op=5
L2 inD cyc=               20446 op=5 src=288
L2 outD cyc=               20446 op=5
L2 outD cyc=               20447 op=5
L2 inD cyc=               20448 op=5 src=288
L2 outD cyc=               20448 op=5
L2 inD cyc=               20450 op=5 src=288
L2 inD cyc=               20452 op=5 src=288
L2 inA cyc=               20458 op=4 addr=80001000 src=  0 size=3 wait=    0 mshr= 0
L2 inA cyc=               20459 op=6 addr=8005a280 src=288 size=6 wait=    0 mshr= 1
L2 inD cyc=               20462 op=1 src=  0
L2 outA cyc=               20462 op=6 addr=8005a280
L2 outD cyc=               20463 op=5
L2 outD cyc=               20464 op=5
L2 outD cyc=               20465 op=5
L2 outD cyc=               20466 op=5
L2 outD cyc=               20467 op=5
L2 inD cyc=               20468 op=5 src=288
L2 outD cyc=               20468 op=5
L2 outD cyc=               20469 op=5
L2 inD cyc=               20470 op=5 src=288
L2 outD cyc=               20470 op=5
L2 inD cyc=               20472 op=5 src=288
L2 inD cyc=               20474 op=5 src=288
L2 inA cyc=               20613 op=4 addr=80001000 src=  0 size=3 wait=    0 mshr= 0
L2 inD cyc=               20617 op=1 src=  0
L2 inA cyc=               20768 op=4 addr=80001000 src=  0 size=3 wait=    0 mshr= 0
L2 inD cyc=               20772 op=1 src=  0
L2 inA cyc=               20923 op=4 addr=80001000 src=  0 size=3 wait=    0 mshr= 0
L2 inD cyc=               20927 op=1 src=  0
L2 inA cyc=               21078 op=4 addr=80001000 src=  0 size=3 wait=    0 mshr= 0
L2 inD cyc=               21082 op=1 src=  0
L2 inA cyc=               21233 op=4 addr=80001000 src=  0 size=3 wait=    0 mshr= 0
L2 inD cyc=               21237 op=1 src=  0
L2 inA cyc=               21388 op=4 addr=80001000 src=  0 size=3 wait=    0 mshr= 0
L2 inD cyc=               21392 op=1 src=  0
L2 inA cyc=               21543 op=4 addr=80001000 src=  0 size=3 wait=    0 mshr= 0
L2 inD cyc=               21547 op=1 src=  0
L2 inA cyc=               21698 op=4 addr=80001000 src=  0 size=3 wait=    0 mshr= 0
L2 inD cyc=               21702 op=1 src=  0
L2 inA cyc=               21763 op=6 addr=8006c2c0 src=288 size=6 wait=    0 mshr= 0
L2 outA cyc=               21766 op=6 addr=8006c2c0
L2 outD cyc=               21767 op=5
L2 outD cyc=               21768 op=5
L2 outD cyc=               21769 op=5
L2 outD cyc=               21770 op=5
L2 outD cyc=               21771 op=5
L2 inD cyc=               21772 op=5 src=288
L2 outD cyc=               21772 op=5
L2 outD cyc=               21773 op=5
L2 inD cyc=               21774 op=5 src=288
L2 outD cyc=               21774 op=5
L2 inD cyc=               21776 op=5 src=288
L2 inD cyc=               21778 op=5 src=288
L2 inA cyc=               21853 op=4 addr=80001000 src=  0 size=3 wait=    0 mshr= 1
L2 inD cyc=               21855 op=6 src=288
L2 inA cyc=               21859 op=6 addr=800632c0 src=288 size=6 wait=    0 mshr= 0
L2 inD cyc=               21859 op=1 src=  0
L2 outA cyc=               21862 op=6 addr=800632c0
L2 outD cyc=               21863 op=5
L2 outD cyc=               21864 op=5
L2 outD cyc=               21865 op=5
L2 outD cyc=               21866 op=5
L2 outD cyc=               21867 op=5
L2 inD cyc=               21868 op=5 src=288
L2 outD cyc=               21868 op=5
L2 outD cyc=               21869 op=5
L2 inD cyc=               21870 op=5 src=288
L2 outD cyc=               21870 op=5
L2 inD cyc=               21872 op=5 src=288
L2 inD cyc=               21874 op=5 src=288
L2 inA cyc=               21880 op=6 addr=8005a2c0 src=288 size=6 wait=    0 mshr= 0
L2 outA cyc=               21883 op=6 addr=8005a2c0
L2 outD cyc=               21884 op=5
L2 outD cyc=               21885 op=5
L2 outD cyc=               21886 op=5
L2 outD cyc=               21887 op=5
L2 outD cyc=               21888 op=5
L2 inD cyc=               21889 op=5 src=288
L2 outD cyc=               21889 op=5
L2 outD cyc=               21890 op=5
L2 inD cyc=               21891 op=5 src=288
L2 outD cyc=               21891 op=5
L2 inD cyc=               21893 op=5 src=288
L2 inD cyc=               21895 op=5 src=288
L2 inA cyc=               21997 op=6 addr=8006c2c0 src=288 size=6 wait=    0 mshr= 0
L2 inD cyc=               22001 op=5 src=288
L2 inD cyc=               22002 op=5 src=288
L2 inD cyc=               22003 op=5 src=288
L2 inD cyc=               22004 op=5 src=288
L2 inA cyc=               22008 op=4 addr=80001000 src=  0 size=3 wait=    0 mshr= 0
L2 inD cyc=               22012 op=1 src=  0
L2 inA cyc=               22163 op=4 addr=80001000 src=  0 size=3 wait=    0 mshr= 0
L2 inD cyc=               22167 op=1 src=  0
L2 inA cyc=               22318 op=4 addr=80001000 src=  0 size=3 wait=    0 mshr= 0
L2 inD cyc=               22322 op=1 src=  0
L2 inA cyc=               22473 op=4 addr=80001000 src=  0 size=3 wait=    0 mshr= 0
L2 inD cyc=               22477 op=1 src=  0
L2 inA cyc=               22628 op=4 addr=80001000 src=  0 size=3 wait=    0 mshr= 0
L2 inD cyc=               22632 op=1 src=  0
L2 inA cyc=               22783 op=4 addr=80001000 src=  0 size=3 wait=    0 mshr= 0
L2 inD cyc=               22787 op=1 src=  0
L2 inA cyc=               22938 op=4 addr=80001000 src=  0 size=3 wait=    0 mshr= 0
L2 inD cyc=               22942 op=1 src=  0
L2 inA cyc=               23093 op=4 addr=80001000 src=  0 size=3 wait=    0 mshr= 0
L2 inD cyc=               23097 op=1 src=  0
L2 inA cyc=               23194 op=6 addr=8006c300 src=288 size=6 wait=    0 mshr= 0
L2 outA cyc=               23197 op=6 addr=8006c300
L2 outD cyc=               23198 op=5
L2 outD cyc=               23199 op=5
L2 outD cyc=               23200 op=5
L2 outD cyc=               23201 op=5
L2 outD cyc=               23202 op=5
L2 inD cyc=               23203 op=5 src=288
L2 outD cyc=               23203 op=5
L2 outD cyc=               23204 op=5
L2 inD cyc=               23205 op=5 src=288
L2 outD cyc=               23205 op=5
L2 inD cyc=               23207 op=5 src=288
L2 inD cyc=               23209 op=5 src=288
L2 inA cyc=               23248 op=4 addr=80001000 src=  0 size=3 wait=    0 mshr= 0
L2 inD cyc=               23252 op=1 src=  0
L2 inA cyc=               23279 op=6 addr=80063300 src=288 size=6 wait=    0 mshr= 0
L2 outA cyc=               23282 op=6 addr=80063300
L2 outD cyc=               23283 op=5
L2 outD cyc=               23284 op=5
L2 outD cyc=               23285 op=5
L2 outD cyc=               23286 op=5
L2 outD cyc=               23287 op=5
L2 inD cyc=               23288 op=5 src=288
L2 outD cyc=               23288 op=5
L2 outD cyc=               23289 op=5
L2 inD cyc=               23290 op=5 src=288
L2 outD cyc=               23290 op=5
L2 inD cyc=               23292 op=5 src=288
L2 inD cyc=               23294 op=5 src=288
L2 inA cyc=               23300 op=6 addr=8005a300 src=288 size=6 wait=    0 mshr= 0
L2 outA cyc=               23303 op=6 addr=8005a300
L2 outD cyc=               23304 op=5
L2 outD cyc=               23305 op=5
L2 outD cyc=               23306 op=5
L2 outD cyc=               23307 op=5
L2 outD cyc=               23308 op=5
L2 inD cyc=               23309 op=5 src=288
L2 outD cyc=               23309 op=5
L2 outD cyc=               23310 op=5
L2 inD cyc=               23311 op=5 src=288
L2 outD cyc=               23311 op=5
L2 inD cyc=               23313 op=5 src=288
L2 inD cyc=               23315 op=5 src=288
L2 inA cyc=               23403 op=4 addr=80001000 src=  0 size=3 wait=    0 mshr= 0
L2 inD cyc=               23407 op=1 src=  0
L2 inA cyc=               23558 op=4 addr=80001000 src=  0 size=3 wait=    0 mshr= 0
L2 inD cyc=               23562 op=1 src=  0
L2 inA cyc=               23713 op=4 addr=80001000 src=  0 size=3 wait=    0 mshr= 0
L2 inD cyc=               23717 op=1 src=  0
L2 inA cyc=               23868 op=4 addr=80001000 src=  0 size=3 wait=    0 mshr= 0
L2 inD cyc=               23872 op=1 src=  0
L2 inA cyc=               24023 op=4 addr=80001000 src=  0 size=3 wait=    0 mshr= 0
L2 inD cyc=               24027 op=1 src=  0
L2 inA cyc=               24178 op=4 addr=80001000 src=  0 size=3 wait=    0 mshr= 0
L2 inD cyc=               24182 op=1 src=  0
L2 inA cyc=               24333 op=4 addr=80001000 src=  0 size=3 wait=    0 mshr= 0
L2 inD cyc=               24337 op=1 src=  0
L2 inA cyc=               24488 op=4 addr=80001000 src=  0 size=3 wait=    0 mshr= 0
L2 inD cyc=               24492 op=1 src=  0
L2 inA cyc=               24602 op=6 addr=8006c340 src=288 size=6 wait=    0 mshr= 0
L2 outA cyc=               24605 op=6 addr=8006c340
L2 outD cyc=               24606 op=5
L2 outD cyc=               24607 op=5
L2 outD cyc=               24608 op=5
L2 outD cyc=               24609 op=5
L2 outD cyc=               24610 op=5
L2 inD cyc=               24611 op=5 src=288
L2 outD cyc=               24611 op=5
L2 outD cyc=               24612 op=5
L2 inD cyc=               24613 op=5 src=288
L2 outD cyc=               24613 op=5
L2 inD cyc=               24615 op=5 src=288
L2 inD cyc=               24617 op=5 src=288
L2 inA cyc=               24643 op=4 addr=80001000 src=  0 size=3 wait=    0 mshr= 0
L2 inD cyc=               24647 op=1 src=  0
L2 inD cyc=               24695 op=6 src=288
L2 inA cyc=               24699 op=6 addr=80063340 src=288 size=6 wait=    0 mshr= 0
L2 outA cyc=               24702 op=6 addr=80063340
L2 outD cyc=               24703 op=5
L2 outD cyc=               24704 op=5
L2 outD cyc=               24705 op=5
L2 outD cyc=               24706 op=5
L2 outD cyc=               24707 op=5
L2 inD cyc=               24708 op=5 src=288
L2 outD cyc=               24708 op=5
L2 outD cyc=               24709 op=5
L2 inD cyc=               24710 op=5 src=288
L2 outD cyc=               24710 op=5
L2 inD cyc=               24712 op=5 src=288
L2 inD cyc=               24714 op=5 src=288
L2 inA cyc=               24720 op=6 addr=8005a340 src=288 size=6 wait=    0 mshr= 0
L2 outA cyc=               24723 op=6 addr=8005a340
L2 outD cyc=               24724 op=5
L2 outD cyc=               24725 op=5
L2 outD cyc=               24726 op=5
L2 outD cyc=               24727 op=5
L2 outD cyc=               24728 op=5
L2 inD cyc=               24729 op=5 src=288
L2 outD cyc=               24729 op=5
L2 outD cyc=               24730 op=5
L2 inD cyc=               24731 op=5 src=288
L2 outD cyc=               24731 op=5
L2 inD cyc=               24733 op=5 src=288
L2 inD cyc=               24735 op=5 src=288
L2 inA cyc=               24798 op=4 addr=80001000 src=  0 size=3 wait=    0 mshr= 0
L2 inD cyc=               24802 op=1 src=  0
L2 inA cyc=               24840 op=6 addr=8006c340 src=288 size=6 wait=    0 mshr= 0
L2 inD cyc=               24844 op=5 src=288
L2 inD cyc=               24845 op=5 src=288
L2 inD cyc=               24846 op=5 src=288
L2 inD cyc=               24847 op=5 src=288
L2 inA cyc=               24953 op=4 addr=80001000 src=  0 size=3 wait=    0 mshr= 0
L2 inD cyc=               24957 op=1 src=  0
L2 inA cyc=               25108 op=4 addr=80001000 src=  0 size=3 wait=    0 mshr= 0
L2 inD cyc=               25112 op=1 src=  0
L2 inA cyc=               25263 op=4 addr=80001000 src=  0 size=3 wait=    0 mshr= 0
L2 inD cyc=               25267 op=1 src=  0
L2 inA cyc=               25418 op=4 addr=80001000 src=  0 size=3 wait=    0 mshr= 0
L2 inD cyc=               25422 op=1 src=  0
L2 inA cyc=               25573 op=4 addr=80001000 src=  0 size=3 wait=    0 mshr= 0
L2 inD cyc=               25577 op=1 src=  0
L2 inA cyc=               25728 op=4 addr=80001000 src=  0 size=3 wait=    0 mshr= 0
L2 inD cyc=               25732 op=1 src=  0
L2 inA cyc=               25883 op=4 addr=80001000 src=  0 size=3 wait=    0 mshr= 0
L2 inD cyc=               25887 op=1 src=  0
L2 inA cyc=               26038 op=6 addr=8006c380 src=288 size=6 wait=    0 mshr= 0
L2 inA cyc=               26039 op=4 addr=80001000 src=  0 size=3 wait=    0 mshr= 1
L2 outA cyc=               26041 op=6 addr=8006c380
L2 outD cyc=               26042 op=5
L2 inD cyc=               26043 op=1 src=  0
L2 outD cyc=               26043 op=5
L2 outD cyc=               26044 op=5
L2 outD cyc=               26045 op=5
L2 outD cyc=               26046 op=5
L2 inD cyc=               26047 op=5 src=288
L2 outD cyc=               26047 op=5
L2 outD cyc=               26048 op=5
L2 inD cyc=               26049 op=5 src=288
L2 outD cyc=               26049 op=5
L2 inD cyc=               26051 op=5 src=288
L2 inD cyc=               26053 op=5 src=288
L2 inD cyc=               26130 op=6 src=288
L2 inA cyc=               26134 op=6 addr=80063380 src=288 size=6 wait=    0 mshr= 0
L2 outA cyc=               26137 op=6 addr=80063380
L2 outD cyc=               26138 op=5
L2 outD cyc=               26139 op=5
L2 outD cyc=               26140 op=5
L2 outD cyc=               26141 op=5
L2 outD cyc=               26142 op=5
L2 inD cyc=               26143 op=5 src=288
L2 outD cyc=               26143 op=5
L2 outD cyc=               26144 op=5
L2 inD cyc=               26145 op=5 src=288
L2 outD cyc=               26145 op=5
L2 inD cyc=               26147 op=5 src=288
L2 inD cyc=               26149 op=5 src=288
L2 inA cyc=               26155 op=6 addr=8005a380 src=288 size=6 wait=    0 mshr= 0
L2 outA cyc=               26158 op=6 addr=8005a380
L2 outD cyc=               26159 op=5
L2 outD cyc=               26160 op=5
L2 outD cyc=               26161 op=5
L2 outD cyc=               26162 op=5
L2 outD cyc=               26163 op=5
L2 inD cyc=               26164 op=5 src=288
L2 outD cyc=               26164 op=5
L2 outD cyc=               26165 op=5
L2 inD cyc=               26166 op=5 src=288
L2 outD cyc=               26166 op=5
L2 inD cyc=               26168 op=5 src=288
L2 inD cyc=               26170 op=5 src=288
L2 inA cyc=               26193 op=4 addr=80001000 src=  0 size=3 wait=    0 mshr= 0
L2 inD cyc=               26197 op=1 src=  0
L2 inA cyc=               26275 op=6 addr=8006c380 src=288 size=6 wait=    0 mshr= 0
L2 inD cyc=               26279 op=5 src=288
L2 inD cyc=               26280 op=5 src=288
L2 inD cyc=               26281 op=5 src=288
L2 inD cyc=               26282 op=5 src=288
L2 inA cyc=               26348 op=4 addr=80001000 src=  0 size=3 wait=    0 mshr= 0
L2 inD cyc=               26352 op=1 src=  0
L2 inA cyc=               26503 op=4 addr=80001000 src=  0 size=3 wait=    0 mshr= 0
L2 inD cyc=               26507 op=1 src=  0
L2 inA cyc=               26658 op=4 addr=80001000 src=  0 size=3 wait=    0 mshr= 0
L2 inD cyc=               26662 op=1 src=  0
L2 inA cyc=               26813 op=4 addr=80001000 src=  0 size=3 wait=    0 mshr= 0
L2 inD cyc=               26817 op=1 src=  0
L2 inA cyc=               26968 op=4 addr=80001000 src=  0 size=3 wait=    0 mshr= 0
L2 inD cyc=               26972 op=1 src=  0
L2 inA cyc=               27123 op=4 addr=80001000 src=  0 size=3 wait=    0 mshr= 0
L2 inD cyc=               27127 op=1 src=  0
L2 inA cyc=               27278 op=4 addr=80001000 src=  0 size=3 wait=    0 mshr= 0
L2 inD cyc=               27282 op=1 src=  0
L2 inA cyc=               27433 op=4 addr=80001000 src=  0 size=3 wait=    0 mshr= 0
L2 inD cyc=               27437 op=1 src=  0
L2 inA cyc=               27474 op=6 addr=8006c3c0 src=288 size=6 wait=    0 mshr= 0
L2 outA cyc=               27477 op=6 addr=8006c3c0
L2 outD cyc=               27478 op=5
L2 outD cyc=               27479 op=5
L2 outD cyc=               27480 op=5
L2 outD cyc=               27481 op=5
L2 outD cyc=               27482 op=5
L2 inD cyc=               27483 op=5 src=288
L2 outD cyc=               27483 op=5
L2 outD cyc=               27484 op=5
L2 inD cyc=               27485 op=5 src=288
L2 outD cyc=               27485 op=5
L2 inD cyc=               27487 op=5 src=288
L2 inD cyc=               27489 op=5 src=288
L2 inD cyc=               27567 op=6 src=288
L2 inA cyc=               27571 op=6 addr=800633c0 src=288 size=6 wait=    0 mshr= 0
L2 outA cyc=               27574 op=6 addr=800633c0
L2 outD cyc=               27575 op=5
L2 outD cyc=               27576 op=5
L2 outD cyc=               27577 op=5
L2 outD cyc=               27578 op=5
L2 outD cyc=               27579 op=5
L2 inD cyc=               27580 op=5 src=288
L2 outD cyc=               27580 op=5
L2 outD cyc=               27581 op=5
L2 inD cyc=               27582 op=5 src=288
L2 outD cyc=               27582 op=5
L2 inD cyc=               27584 op=5 src=288
L2 inD cyc=               27586 op=5 src=288
L2 inA cyc=               27588 op=4 addr=80001000 src=  0 size=3 wait=    0 mshr= 0
L2 inA cyc=               27592 op=6 addr=8005a3c0 src=288 size=6 wait=    0 mshr= 0
L2 inD cyc=               27592 op=1 src=  0
L2 outA cyc=               27595 op=6 addr=8005a3c0
L2 outD cyc=               27596 op=5
L2 outD cyc=               27597 op=5
L2 outD cyc=               27598 op=5
L2 outD cyc=               27599 op=5
L2 outD cyc=               27600 op=5
L2 inD cyc=               27601 op=5 src=288
L2 outD cyc=               27601 op=5
L2 outD cyc=               27602 op=5
L2 inD cyc=               27603 op=5 src=288
L2 outD cyc=               27603 op=5
L2 inD cyc=               27605 op=5 src=288
L2 inD cyc=               27607 op=5 src=288
L2 inA cyc=               27711 op=6 addr=8006c3c0 src=288 size=6 wait=    0 mshr= 0
L2 inD cyc=               27715 op=5 src=288
L2 inD cyc=               27716 op=5 src=288
L2 inD cyc=               27717 op=5 src=288
L2 inD cyc=               27718 op=5 src=288
L2 inA cyc=               27743 op=4 addr=80001000 src=  0 size=3 wait=    0 mshr= 0
L2 inD cyc=               27747 op=1 src=  0
L2 inA cyc=               27898 op=4 addr=80001000 src=  0 size=3 wait=    0 mshr= 0
L2 inD cyc=               27902 op=1 src=  0
L2 inA cyc=               28053 op=4 addr=80001000 src=  0 size=3 wait=    0 mshr= 0
L2 inD cyc=               28057 op=1 src=  0
L2 inA cyc=               28208 op=4 addr=80001000 src=  0 size=3 wait=    0 mshr= 0
L2 inD cyc=               28212 op=1 src=  0
L2 inA cyc=               28363 op=4 addr=80001000 src=  0 size=3 wait=    0 mshr= 0
L2 inD cyc=               28367 op=1 src=  0
L2 inA cyc=               28518 op=4 addr=80001000 src=  0 size=3 wait=    0 mshr= 0
L2 inD cyc=               28522 op=1 src=  0
L2 inA cyc=               28673 op=4 addr=80001000 src=  0 size=3 wait=    0 mshr= 0
L2 inD cyc=               28677 op=1 src=  0
L2 inA cyc=               28828 op=4 addr=80001000 src=  0 size=3 wait=    0 mshr= 0
L2 inD cyc=               28832 op=1 src=  0
L2 inA cyc=               28903 op=6 addr=8006c400 src=288 size=6 wait=    0 mshr= 0
L2 outA cyc=               28906 op=6 addr=8006c400
L2 outD cyc=               28907 op=5
L2 outD cyc=               28908 op=5
L2 outD cyc=               28909 op=5
L2 outD cyc=               28910 op=5
L2 outD cyc=               28911 op=5
L2 inD cyc=               28912 op=5 src=288
L2 outD cyc=               28912 op=5
L2 outD cyc=               28913 op=5
L2 inD cyc=               28914 op=5 src=288
L2 outD cyc=               28914 op=5
L2 inD cyc=               28916 op=5 src=288
L2 inD cyc=               28918 op=5 src=288
L2 inA cyc=               28983 op=4 addr=80001000 src=  0 size=3 wait=    0 mshr= 0
L2 inD cyc=               28987 op=1 src=  0
L2 inA cyc=               28988 op=6 addr=80063400 src=288 size=6 wait=    0 mshr= 0
L2 outA cyc=               28991 op=6 addr=80063400
L2 outD cyc=               28992 op=5
L2 outD cyc=               28993 op=5
L2 outD cyc=               28994 op=5
L2 outD cyc=               28995 op=5
L2 outD cyc=               28996 op=5
L2 inD cyc=               28997 op=5 src=288
L2 outD cyc=               28997 op=5
L2 outD cyc=               28998 op=5
L2 inD cyc=               28999 op=5 src=288
L2 outD cyc=               28999 op=5
L2 inD cyc=               29001 op=5 src=288
L2 inD cyc=               29003 op=5 src=288
L2 inA cyc=               29009 op=6 addr=8005a400 src=288 size=6 wait=    0 mshr= 0
L2 outA cyc=               29012 op=6 addr=8005a400
L2 outD cyc=               29013 op=5
L2 outD cyc=               29014 op=5
L2 outD cyc=               29015 op=5
L2 outD cyc=               29016 op=5
L2 outD cyc=               29017 op=5
L2 inD cyc=               29018 op=5 src=288
L2 outD cyc=               29018 op=5
L2 outD cyc=               29019 op=5
L2 inD cyc=               29020 op=5 src=288
L2 outD cyc=               29020 op=5
L2 inD cyc=               29022 op=5 src=288
L2 inD cyc=               29024 op=5 src=288
L2 inA cyc=               29138 op=4 addr=80001000 src=  0 size=3 wait=    0 mshr= 0
L2 inD cyc=               29142 op=1 src=  0
L2 inA cyc=               29293 op=4 addr=80001000 src=  0 size=3 wait=    0 mshr= 0
L2 inD cyc=               29297 op=1 src=  0
L2 inA cyc=               29448 op=4 addr=80001000 src=  0 size=3 wait=    0 mshr= 0
L2 inD cyc=               29452 op=1 src=  0
L2 inA cyc=               29603 op=4 addr=80001000 src=  0 size=3 wait=    0 mshr= 0
L2 inD cyc=               29607 op=1 src=  0
L2 inA cyc=               29758 op=4 addr=80001000 src=  0 size=3 wait=    0 mshr= 0
L2 inD cyc=               29762 op=1 src=  0
L2 inA cyc=               29913 op=4 addr=80001000 src=  0 size=3 wait=    0 mshr= 0
L2 inD cyc=               29917 op=1 src=  0
L2 inA cyc=               30068 op=4 addr=80001000 src=  0 size=3 wait=    0 mshr= 0
L2 inD cyc=               30072 op=1 src=  0
L2 inA cyc=               30223 op=4 addr=80001000 src=  0 size=3 wait=    0 mshr= 0
L2 inD cyc=               30227 op=1 src=  0
L2 inA cyc=               30310 op=6 addr=8006c440 src=288 size=6 wait=    0 mshr= 0
L2 outA cyc=               30313 op=6 addr=8006c440
L2 outD cyc=               30314 op=5
L2 outD cyc=               30315 op=5
L2 outD cyc=               30316 op=5
L2 outD cyc=               30317 op=5
L2 outD cyc=               30318 op=5
L2 inD cyc=               30319 op=5 src=288
L2 outD cyc=               30319 op=5
L2 outD cyc=               30320 op=5
L2 inD cyc=               30321 op=5 src=288
L2 outD cyc=               30321 op=5
L2 inD cyc=               30323 op=5 src=288
L2 inD cyc=               30325 op=5 src=288
L2 inA cyc=               30378 op=4 addr=80001000 src=  0 size=3 wait=    0 mshr= 0
L2 inD cyc=               30382 op=1 src=  0
L2 inD cyc=               30403 op=6 src=288
L2 inA cyc=               30407 op=6 addr=80063440 src=288 size=6 wait=    0 mshr= 0
L2 outA cyc=               30410 op=6 addr=80063440
L2 outD cyc=               30411 op=5
L2 outD cyc=               30412 op=5
L2 outD cyc=               30413 op=5
L2 outD cyc=               30414 op=5
L2 outD cyc=               30415 op=5
L2 inD cyc=               30416 op=5 src=288
L2 outD cyc=               30416 op=5
L2 outD cyc=               30417 op=5
L2 inD cyc=               30418 op=5 src=288
L2 outD cyc=               30418 op=5
L2 inD cyc=               30420 op=5 src=288
L2 inD cyc=               30422 op=5 src=288
L2 inD cyc=               30436 op=6 src=288
L2 inA cyc=               30440 op=6 addr=8005a440 src=288 size=6 wait=    0 mshr= 0
L2 outA cyc=               30443 op=6 addr=8005a440
L2 outD cyc=               30444 op=5
L2 outD cyc=               30445 op=5
L2 outD cyc=               30446 op=5
L2 outD cyc=               30447 op=5
L2 outD cyc=               30448 op=5
L2 inD cyc=               30449 op=5 src=288
L2 outD cyc=               30449 op=5
L2 outD cyc=               30450 op=5
L2 inD cyc=               30451 op=5 src=288
L2 outD cyc=               30451 op=5
L2 inD cyc=               30453 op=5 src=288
L2 inD cyc=               30455 op=5 src=288
L2 inA cyc=               30533 op=4 addr=80001000 src=  0 size=3 wait=    0 mshr= 0
L2 inD cyc=               30537 op=1 src=  0
L2 inA cyc=               30561 op=6 addr=8006c440 src=288 size=6 wait=    0 mshr= 0
L2 inD cyc=               30565 op=5 src=288
L2 inD cyc=               30566 op=5 src=288
L2 inD cyc=               30567 op=5 src=288
L2 inD cyc=               30568 op=5 src=288
L2 inA cyc=               30637 op=6 addr=80063440 src=288 size=6 wait=    0 mshr= 0
L2 inD cyc=               30641 op=5 src=288
L2 inD cyc=               30642 op=5 src=288
L2 inD cyc=               30643 op=5 src=288
L2 inD cyc=               30644 op=5 src=288
L2 inA cyc=               30688 op=4 addr=80001000 src=  0 size=3 wait=    0 mshr= 0
L2 inD cyc=               30692 op=1 src=  0
L2 inA cyc=               30843 op=4 addr=80001000 src=  0 size=3 wait=    0 mshr= 0
L2 inD cyc=               30847 op=1 src=  0
L2 inA cyc=               30998 op=4 addr=80001000 src=  0 size=3 wait=    0 mshr= 0
L2 inD cyc=               31002 op=1 src=  0
L2 inA cyc=               31153 op=4 addr=80001000 src=  0 size=3 wait=    0 mshr= 0
L2 inD cyc=               31157 op=1 src=  0
L2 inA cyc=               31308 op=4 addr=80001000 src=  0 size=3 wait=    0 mshr= 0
L2 inD cyc=               31312 op=1 src=  0
L2 inA cyc=               31463 op=4 addr=80001000 src=  0 size=3 wait=    0 mshr= 0
L2 inD cyc=               31467 op=1 src=  0
L2 inA cyc=               31618 op=4 addr=80001000 src=  0 size=3 wait=    0 mshr= 0
L2 inD cyc=               31622 op=1 src=  0
L2 inA cyc=               31760 op=6 addr=8006c480 src=288 size=6 wait=    0 mshr= 0
L2 outA cyc=               31763 op=6 addr=8006c480
L2 outD cyc=               31764 op=5
L2 outD cyc=               31765 op=5
L2 outD cyc=               31766 op=5
L2 outD cyc=               31767 op=5
L2 outD cyc=               31768 op=5
L2 inD cyc=               31769 op=5 src=288
L2 outD cyc=               31769 op=5
L2 outD cyc=               31770 op=5
L2 inD cyc=               31771 op=5 src=288
L2 outD cyc=               31771 op=5
L2 inA cyc=               31773 op=4 addr=80001000 src=  0 size=3 wait=    0 mshr= 1
L2 inD cyc=               31773 op=5 src=288
L2 inD cyc=               31775 op=5 src=288
L2 inD cyc=               31777 op=1 src=  0
L2 inA cyc=               31844 op=6 addr=80063480 src=288 size=6 wait=    0 mshr= 0
L2 outA cyc=               31847 op=6 addr=80063480
L2 outD cyc=               31848 op=5
L2 outD cyc=               31849 op=5
L2 outD cyc=               31850 op=5
L2 outD cyc=               31851 op=5
L2 outD cyc=               31852 op=5
L2 inD cyc=               31853 op=5 src=288
L2 outD cyc=               31853 op=5
L2 outD cyc=               31854 op=5
L2 inD cyc=               31855 op=5 src=288
L2 outD cyc=               31855 op=5
L2 inD cyc=               31857 op=5 src=288
L2 inD cyc=               31859 op=5 src=288
L2 inD cyc=               31873 op=6 src=288
L2 inA cyc=               31877 op=6 addr=8005a480 src=288 size=6 wait=    0 mshr= 0
L2 outA cyc=               31880 op=6 addr=8005a480
L2 outD cyc=               31881 op=5
L2 outD cyc=               31882 op=5
L2 outD cyc=               31883 op=5
L2 outD cyc=               31884 op=5
L2 outD cyc=               31885 op=5
L2 inD cyc=               31886 op=5 src=288
L2 outD cyc=               31886 op=5
L2 outD cyc=               31887 op=5
L2 inD cyc=               31888 op=5 src=288
L2 outD cyc=               31888 op=5
L2 inD cyc=               31890 op=5 src=288
L2 inD cyc=               31892 op=5 src=288
L2 inA cyc=               31928 op=4 addr=80001000 src=  0 size=3 wait=    0 mshr= 0
L2 inD cyc=               31932 op=1 src=  0
L2 inD cyc=               32004 op=6 src=288
L2 inA cyc=               32008 op=6 addr=8006c480 src=288 size=6 wait=    0 mshr= 0
L2 inD cyc=               32012 op=5 src=288
L2 inD cyc=               32013 op=5 src=288
L2 inD cyc=               32014 op=5 src=288
L2 inD cyc=               32015 op=5 src=288
L2 inA cyc=               32083 op=4 addr=80001000 src=  0 size=3 wait=    0 mshr= 0
L2 inA cyc=               32084 op=6 addr=80063480 src=288 size=6 wait=    0 mshr= 1
L2 inD cyc=               32087 op=1 src=  0
L2 inD cyc=               32088 op=5 src=288
L2 inD cyc=               32089 op=5 src=288
L2 inD cyc=               32090 op=5 src=288
L2 inD cyc=               32091 op=5 src=288
L2 inA cyc=               32238 op=4 addr=80001000 src=  0 size=3 wait=    0 mshr= 0
L2 inD cyc=               32242 op=1 src=  0
L2 inA cyc=               32393 op=4 addr=80001000 src=  0 size=3 wait=    0 mshr= 0
L2 inD cyc=               32397 op=1 src=  0
L2 inA cyc=               32548 op=4 addr=80001000 src=  0 size=3 wait=    0 mshr= 0
L2 inD cyc=               32552 op=1 src=  0
L2 inA cyc=               32703 op=4 addr=80001000 src=  0 size=3 wait=    0 mshr= 0
L2 inD cyc=               32707 op=1 src=  0
L2 inA cyc=               32858 op=4 addr=80001000 src=  0 size=3 wait=    0 mshr= 0
L2 inD cyc=               32862 op=1 src=  0
L2 inA cyc=               33013 op=4 addr=80001000 src=  0 size=3 wait=    0 mshr= 0
L2 inD cyc=               33017 op=1 src=  0
L2 inA cyc=               33168 op=4 addr=80001000 src=  0 size=3 wait=    0 mshr= 0
L2 inD cyc=               33172 op=1 src=  0
L2 inA cyc=               33211 op=6 addr=8006c4c0 src=288 size=6 wait=    0 mshr= 0
L2 outA cyc=               33214 op=6 addr=8006c4c0
L2 outD cyc=               33215 op=5
L2 outD cyc=               33216 op=5
L2 outD cyc=               33217 op=5
L2 outD cyc=               33218 op=5
L2 outD cyc=               33219 op=5
L2 inD cyc=               33220 op=5 src=288
L2 outD cyc=               33220 op=5
L2 outD cyc=               33221 op=5
L2 inD cyc=               33222 op=5 src=288
L2 outD cyc=               33222 op=5
L2 inD cyc=               33224 op=5 src=288
L2 inD cyc=               33226 op=5 src=288
L2 inA cyc=               33295 op=6 addr=800634c0 src=288 size=6 wait=    0 mshr= 0
L2 outA cyc=               33298 op=6 addr=800634c0
L2 outD cyc=               33299 op=5
L2 outD cyc=               33300 op=5
L2 outD cyc=               33301 op=5
L2 outD cyc=               33302 op=5
L2 outD cyc=               33303 op=5
L2 inD cyc=               33304 op=5 src=288
L2 outD cyc=               33304 op=5
L2 outD cyc=               33305 op=5
L2 inD cyc=               33306 op=5 src=288
L2 outD cyc=               33306 op=5
L2 inD cyc=               33308 op=5 src=288
L2 inD cyc=               33310 op=5 src=288
L2 inA cyc=               33323 op=4 addr=80001000 src=  0 size=3 wait=    0 mshr= 0
L2 inD cyc=               33324 op=6 src=288
L2 inA cyc=               33328 op=6 addr=8005a4c0 src=288 size=6 wait=    0 mshr= 0
L2 inD cyc=               33328 op=1 src=  0
L2 outA cyc=               33331 op=6 addr=8005a4c0
L2 outD cyc=               33332 op=5
L2 outD cyc=               33333 op=5
L2 outD cyc=               33334 op=5
L2 outD cyc=               33335 op=5
L2 outD cyc=               33336 op=5
L2 inD cyc=               33337 op=5 src=288
L2 outD cyc=               33337 op=5
L2 outD cyc=               33338 op=5
L2 inD cyc=               33339 op=5 src=288
L2 outD cyc=               33339 op=5
L2 inD cyc=               33341 op=5 src=288
L2 inD cyc=               33343 op=5 src=288
L2 inA cyc=               33478 op=4 addr=80001000 src=  0 size=3 wait=    0 mshr= 0
L2 inD cyc=               33482 op=1 src=  0
L2 inA cyc=               33513 op=6 addr=800634c0 src=288 size=6 wait=    0 mshr= 0
L2 inD cyc=               33517 op=5 src=288
L2 inD cyc=               33518 op=5 src=288
L2 inD cyc=               33519 op=5 src=288
L2 inD cyc=               33520 op=5 src=288
L2 inA cyc=               33633 op=4 addr=80001000 src=  0 size=3 wait=    0 mshr= 0
L2 inD cyc=               33637 op=1 src=  0
L2 inA cyc=               33788 op=4 addr=80001000 src=  0 size=3 wait=    0 mshr= 0
L2 inD cyc=               33792 op=1 src=  0
L2 inA cyc=               33943 op=4 addr=80001000 src=  0 size=3 wait=    0 mshr= 0
L2 inD cyc=               33947 op=1 src=  0
L2 inA cyc=               34098 op=4 addr=80001000 src=  0 size=3 wait=    0 mshr= 0
L2 inD cyc=               34102 op=1 src=  0
L2 inA cyc=               34253 op=4 addr=80001000 src=  0 size=3 wait=    0 mshr= 0
L2 inD cyc=               34257 op=1 src=  0
L2 inA cyc=               34408 op=4 addr=80001000 src=  0 size=3 wait=    0 mshr= 0
L2 inD cyc=               34412 op=1 src=  0
L2 inA cyc=               34563 op=4 addr=80001000 src=  0 size=3 wait=    0 mshr= 0
L2 inD cyc=               34567 op=1 src=  0
L2 inA cyc=               34635 op=6 addr=8006c500 src=288 size=6 wait=    0 mshr= 0
L2 outA cyc=               34638 op=6 addr=8006c500
L2 outD cyc=               34639 op=5
L2 outD cyc=               34640 op=5
L2 outD cyc=               34641 op=5
L2 outD cyc=               34642 op=5
L2 outD cyc=               34643 op=5
L2 inD cyc=               34644 op=5 src=288
L2 outD cyc=               34644 op=5
L2 outD cyc=               34645 op=5
L2 inD cyc=               34646 op=5 src=288
L2 outD cyc=               34646 op=5
L2 inD cyc=               34648 op=5 src=288
L2 inD cyc=               34650 op=5 src=288
L2 inA cyc=               34718 op=4 addr=80001000 src=  0 size=3 wait=    0 mshr= 0
L2 inA cyc=               34719 op=6 addr=80063500 src=288 size=6 wait=    0 mshr= 1
L2 inD cyc=               34722 op=1 src=  0
L2 outA cyc=               34722 op=6 addr=80063500
L2 outD cyc=               34723 op=5
L2 outD cyc=               34724 op=5
L2 outD cyc=               34725 op=5
L2 outD cyc=               34726 op=5
L2 outD cyc=               34727 op=5
L2 inD cyc=               34728 op=5 src=288
L2 outD cyc=               34728 op=5
L2 outD cyc=               34729 op=5
L2 inD cyc=               34730 op=5 src=288
L2 outD cyc=               34730 op=5
L2 inD cyc=               34732 op=5 src=288
L2 inD cyc=               34734 op=5 src=288
L2 inA cyc=               34740 op=6 addr=8005a500 src=288 size=6 wait=    0 mshr= 0
L2 outA cyc=               34743 op=6 addr=8005a500
L2 outD cyc=               34744 op=5
L2 outD cyc=               34745 op=5
L2 outD cyc=               34746 op=5
L2 outD cyc=               34747 op=5
L2 outD cyc=               34748 op=5
L2 inD cyc=               34749 op=5 src=288
L2 outD cyc=               34749 op=5
L2 outD cyc=               34750 op=5
L2 inD cyc=               34751 op=5 src=288
L2 outD cyc=               34751 op=5
L2 inD cyc=               34753 op=5 src=288
L2 inD cyc=               34755 op=5 src=288
L2 inA cyc=               34873 op=4 addr=80001000 src=  0 size=3 wait=    0 mshr= 0
L2 inD cyc=               34877 op=1 src=  0
L2 inA cyc=               35028 op=4 addr=80001000 src=  0 size=3 wait=    0 mshr= 0
L2 inD cyc=               35032 op=1 src=  0
L2 inA cyc=               35183 op=4 addr=80001000 src=  0 size=3 wait=    0 mshr= 0
L2 inD cyc=               35187 op=1 src=  0
L2 inA cyc=               35338 op=4 addr=80001000 src=  0 size=3 wait=    0 mshr= 0
L2 inD cyc=               35342 op=1 src=  0
L2 inA cyc=               35493 op=4 addr=80001000 src=  0 size=3 wait=    0 mshr= 0
L2 inD cyc=               35497 op=1 src=  0
L2 inA cyc=               35648 op=4 addr=80001000 src=  0 size=3 wait=    0 mshr= 0
L2 inD cyc=               35652 op=1 src=  0
L2 inA cyc=               35803 op=4 addr=80001000 src=  0 size=3 wait=    0 mshr= 0
L2 inD cyc=               35807 op=1 src=  0
L2 inA cyc=               35958 op=4 addr=80001000 src=  0 size=3 wait=    0 mshr= 0
L2 inD cyc=               35962 op=1 src=  0
L2 inA cyc=               36039 op=6 addr=8006c540 src=288 size=6 wait=    0 mshr= 0
L2 outA cyc=               36042 op=6 addr=8006c540
L2 outD cyc=               36043 op=5
L2 outD cyc=               36044 op=5
L2 outD cyc=               36045 op=5
L2 outD cyc=               36046 op=5
L2 outD cyc=               36047 op=5
L2 inD cyc=               36048 op=5 src=288
L2 outD cyc=               36048 op=5
L2 outD cyc=               36049 op=5
L2 inD cyc=               36050 op=5 src=288
L2 outD cyc=               36050 op=5
L2 inD cyc=               36052 op=5 src=288
L2 inD cyc=               36054 op=5 src=288
L2 inA cyc=               36113 op=4 addr=80001000 src=  0 size=3 wait=    0 mshr= 0
L2 inD cyc=               36117 op=1 src=  0
L2 inD cyc=               36131 op=6 src=288
L2 inA cyc=               36135 op=6 addr=80063540 src=288 size=6 wait=    0 mshr= 0
L2 outA cyc=               36138 op=6 addr=80063540
L2 outD cyc=               36139 op=5
L2 outD cyc=               36140 op=5
L2 outD cyc=               36141 op=5
L2 outD cyc=               36142 op=5
L2 outD cyc=               36143 op=5
L2 inD cyc=               36144 op=5 src=288
L2 outD cyc=               36144 op=5
L2 outD cyc=               36145 op=5
L2 inD cyc=               36146 op=5 src=288
L2 outD cyc=               36146 op=5
L2 inD cyc=               36148 op=5 src=288
L2 inD cyc=               36150 op=5 src=288
L2 inD cyc=               36164 op=6 src=288
L2 inA cyc=               36168 op=6 addr=8005a540 src=288 size=6 wait=    0 mshr= 0
L2 outA cyc=               36171 op=6 addr=8005a540
L2 outD cyc=               36172 op=5
L2 outD cyc=               36173 op=5
L2 outD cyc=               36174 op=5
L2 outD cyc=               36175 op=5
L2 outD cyc=               36176 op=5
L2 inD cyc=               36177 op=5 src=288
L2 outD cyc=               36177 op=5
L2 outD cyc=               36178 op=5
L2 inD cyc=               36179 op=5 src=288
L2 outD cyc=               36179 op=5
L2 inD cyc=               36181 op=5 src=288
L2 inD cyc=               36183 op=5 src=288
L2 inA cyc=               36268 op=4 addr=80001000 src=  0 size=3 wait=    0 mshr= 0
L2 inD cyc=               36272 op=1 src=  0
L2 inD cyc=               36296 op=6 src=288
L2 inA cyc=               36300 op=6 addr=8006c540 src=288 size=6 wait=    0 mshr= 0
L2 inD cyc=               36304 op=5 src=288
L2 inD cyc=               36305 op=5 src=288
L2 inD cyc=               36306 op=5 src=288
L2 inD cyc=               36307 op=5 src=288
L2 inD cyc=               36385 op=6 src=288
L2 inA cyc=               36389 op=6 addr=80063540 src=288 size=6 wait=    0 mshr= 0
L2 inD cyc=               36393 op=5 src=288
L2 inD cyc=               36394 op=5 src=288
L2 inD cyc=               36395 op=5 src=288
L2 inD cyc=               36396 op=5 src=288
L2 inD cyc=               36410 op=6 src=288
L2 inA cyc=               36414 op=6 addr=8005a540 src=288 size=6 wait=    0 mshr= 0
L2 inD cyc=               36418 op=5 src=288
L2 inD cyc=               36419 op=5 src=288
L2 inD cyc=               36420 op=5 src=288
L2 inD cyc=               36421 op=5 src=288
L2 inA cyc=               36423 op=4 addr=80001000 src=  0 size=3 wait=    0 mshr= 0
L2 inD cyc=               36427 op=1 src=  0
L2 inD cyc=               36535 op=6 src=288
L2 inA cyc=               36539 op=6 addr=8006c540 src=288 size=6 wait=    0 mshr= 0
L2 inD cyc=               36543 op=5 src=288
L2 inD cyc=               36544 op=5 src=288
L2 inD cyc=               36545 op=5 src=288
L2 inD cyc=               36546 op=5 src=288
L2 inA cyc=               36578 op=4 addr=80001000 src=  0 size=3 wait=    0 mshr= 0
L2 inD cyc=               36582 op=1 src=  0
L2 inA cyc=               36616 op=6 addr=80063540 src=288 size=6 wait=    0 mshr= 0
L2 inD cyc=               36620 op=5 src=288
L2 inD cyc=               36621 op=5 src=288
L2 inD cyc=               36622 op=5 src=288
L2 inD cyc=               36623 op=5 src=288
L2 inA cyc=               36629 op=6 addr=8005a540 src=288 size=6 wait=    0 mshr= 0
L2 inD cyc=               36633 op=5 src=288
L2 inD cyc=               36634 op=5 src=288
L2 inD cyc=               36635 op=5 src=288
L2 inD cyc=               36636 op=5 src=288
L2 inA cyc=               36733 op=4 addr=80001000 src=  0 size=3 wait=    0 mshr= 0
L2 inD cyc=               36737 op=1 src=  0
L2 inA cyc=               36888 op=4 addr=80001000 src=  0 size=3 wait=    0 mshr= 0
L2 inD cyc=               36892 op=1 src=  0
L2 inA cyc=               37043 op=4 addr=80001000 src=  0 size=3 wait=    0 mshr= 0
L2 inD cyc=               37047 op=1 src=  0
L2 inA cyc=               37198 op=4 addr=80001000 src=  0 size=3 wait=    0 mshr= 0
L2 inD cyc=               37202 op=1 src=  0
L2 inA cyc=               37353 op=4 addr=80001000 src=  0 size=3 wait=    0 mshr= 0
L2 inD cyc=               37357 op=1 src=  0
L2 inA cyc=               37508 op=4 addr=80001000 src=  0 size=3 wait=    0 mshr= 0
L2 inD cyc=               37512 op=1 src=  0
L2 inA cyc=               37588 op=6 addr=8006c580 src=288 size=6 wait=    0 mshr= 0
L2 outA cyc=               37591 op=6 addr=8006c580
L2 outD cyc=               37592 op=5
L2 outD cyc=               37593 op=5
L2 outD cyc=               37594 op=5
L2 outD cyc=               37595 op=5
L2 outD cyc=               37596 op=5
L2 inD cyc=               37597 op=5 src=288
L2 outD cyc=               37597 op=5
L2 outD cyc=               37598 op=5
L2 inD cyc=               37599 op=5 src=288
L2 outD cyc=               37599 op=5
L2 inD cyc=               37601 op=5 src=288
L2 inD cyc=               37603 op=5 src=288
L2 inA cyc=               37663 op=4 addr=80001000 src=  0 size=3 wait=    0 mshr= 0
L2 inD cyc=               37667 op=1 src=  0
L2 inA cyc=               37672 op=6 addr=80063580 src=288 size=6 wait=    0 mshr= 0
L2 outA cyc=               37675 op=6 addr=80063580
L2 outD cyc=               37676 op=5
L2 outD cyc=               37677 op=5
L2 outD cyc=               37678 op=5
L2 outD cyc=               37679 op=5
L2 outD cyc=               37680 op=5
L2 inD cyc=               37681 op=5 src=288
L2 outD cyc=               37681 op=5
L2 outD cyc=               37682 op=5
L2 inD cyc=               37683 op=5 src=288
L2 outD cyc=               37683 op=5
L2 inD cyc=               37685 op=5 src=288
L2 inD cyc=               37687 op=5 src=288
L2 inD cyc=               37701 op=6 src=288
L2 inA cyc=               37705 op=6 addr=8005a580 src=288 size=6 wait=    0 mshr= 0
L2 outA cyc=               37708 op=6 addr=8005a580
L2 outD cyc=               37709 op=5
L2 outD cyc=               37710 op=5
L2 outD cyc=               37711 op=5
L2 outD cyc=               37712 op=5
L2 outD cyc=               37713 op=5
L2 inD cyc=               37714 op=5 src=288
L2 outD cyc=               37714 op=5
L2 outD cyc=               37715 op=5
L2 inD cyc=               37716 op=5 src=288
L2 outD cyc=               37716 op=5
L2 inD cyc=               37718 op=5 src=288
L2 inD cyc=               37720 op=5 src=288
L2 inA cyc=               37817 op=6 addr=8006c580 src=288 size=6 wait=    0 mshr= 0
L2 inA cyc=               37818 op=4 addr=80001000 src=  0 size=3 wait=    0 mshr= 1
L2 inD cyc=               37821 op=5 src=288
L2 inD cyc=               37822 op=5 src=288
L2 inD cyc=               37823 op=5 src=288
L2 inD cyc=               37824 op=5 src=288
L2 inD cyc=               37825 op=1 src=  0
L2 inA cyc=               37973 op=4 addr=80001000 src=  0 size=3 wait=    0 mshr= 0
L2 inD cyc=               37977 op=1 src=  0
L2 inA cyc=               38128 op=4 addr=80001000 src=  0 size=3 wait=    0 mshr= 0
L2 inD cyc=               38132 op=1 src=  0
L2 inA cyc=               38283 op=4 addr=80001000 src=  0 size=3 wait=    0 mshr= 0
L2 inD cyc=               38287 op=1 src=  0
L2 inA cyc=               38438 op=4 addr=80001000 src=  0 size=3 wait=    0 mshr= 0
L2 inD cyc=               38442 op=1 src=  0
L2 inA cyc=               38593 op=4 addr=80001000 src=  0 size=3 wait=    0 mshr= 0
L2 inD cyc=               38597 op=1 src=  0
L2 inA cyc=               38748 op=4 addr=80001000 src=  0 size=3 wait=    0 mshr= 0
L2 inD cyc=               38752 op=1 src=  0
L2 inA cyc=               38903 op=4 addr=80001000 src=  0 size=3 wait=    0 mshr= 0
L2 inD cyc=               38907 op=1 src=  0
L2 inA cyc=               39016 op=6 addr=8006c5c0 src=288 size=6 wait=    0 mshr= 0
L2 outA cyc=               39019 op=6 addr=8006c5c0
L2 outD cyc=               39020 op=5
L2 outD cyc=               39021 op=5
L2 outD cyc=               39022 op=5
L2 outD cyc=               39023 op=5
L2 outD cyc=               39024 op=5
L2 inD cyc=               39025 op=5 src=288
L2 outD cyc=               39025 op=5
L2 outD cyc=               39026 op=5
L2 inD cyc=               39027 op=5 src=288
L2 outD cyc=               39027 op=5
L2 inD cyc=               39029 op=5 src=288
L2 inD cyc=               39031 op=5 src=288
L2 inA cyc=               39058 op=4 addr=80001000 src=  0 size=3 wait=    0 mshr= 0
L2 inD cyc=               39062 op=1 src=  0
L2 inA cyc=               39101 op=6 addr=800635c0 src=288 size=6 wait=    0 mshr= 0
L2 outA cyc=               39104 op=6 addr=800635c0
L2 outD cyc=               39105 op=5
L2 outD cyc=               39106 op=5
L2 outD cyc=               39107 op=5
L2 outD cyc=               39108 op=5
L2 outD cyc=               39109 op=5
L2 inD cyc=               39110 op=5 src=288
L2 outD cyc=               39110 op=5
L2 outD cyc=               39111 op=5
L2 inD cyc=               39112 op=5 src=288
L2 outD cyc=               39112 op=5
L2 inD cyc=               39114 op=5 src=288
L2 inD cyc=               39116 op=5 src=288
L2 inA cyc=               39122 op=6 addr=8005a5c0 src=288 size=6 wait=    0 mshr= 0
L2 outA cyc=               39125 op=6 addr=8005a5c0
L2 outD cyc=               39126 op=5
L2 outD cyc=               39127 op=5
L2 outD cyc=               39128 op=5
L2 outD cyc=               39129 op=5
L2 outD cyc=               39130 op=5
L2 inD cyc=               39131 op=5 src=288
L2 outD cyc=               39131 op=5
L2 outD cyc=               39132 op=5
L2 inD cyc=               39133 op=5 src=288
L2 outD cyc=               39133 op=5
L2 inD cyc=               39135 op=5 src=288
L2 inD cyc=               39137 op=5 src=288
L2 inA cyc=               39213 op=4 addr=80001000 src=  0 size=3 wait=    0 mshr= 0
L2 inD cyc=               39217 op=1 src=  0
L2 inA cyc=               39368 op=4 addr=80001000 src=  0 size=3 wait=    0 mshr= 0
L2 inD cyc=               39372 op=1 src=  0
L2 inA cyc=               39523 op=4 addr=80001000 src=  0 size=3 wait=    0 mshr= 0
L2 inD cyc=               39527 op=1 src=  0
L2 inA cyc=               39678 op=4 addr=80001000 src=  0 size=3 wait=    0 mshr= 0
L2 inD cyc=               39682 op=1 src=  0
L2 inA cyc=               39833 op=4 addr=80001000 src=  0 size=3 wait=    0 mshr= 0
L2 inD cyc=               39837 op=1 src=  0
L2 inA cyc=               39988 op=4 addr=80001000 src=  0 size=3 wait=    0 mshr= 0
L2 inD cyc=               39992 op=1 src=  0
L2 inA cyc=               40143 op=4 addr=80001000 src=  0 size=3 wait=    0 mshr= 0
L2 inD cyc=               40147 op=1 src=  0
L2 inA cyc=               40298 op=4 addr=80001000 src=  0 size=3 wait=    0 mshr= 0
L2 inD cyc=               40302 op=1 src=  0
L2 inA cyc=               40432 op=6 addr=8006c600 src=288 size=6 wait=    0 mshr= 0
L2 outA cyc=               40435 op=6 addr=8006c600
L2 outD cyc=               40436 op=5
L2 outD cyc=               40437 op=5
L2 outD cyc=               40438 op=5
L2 outD cyc=               40439 op=5
L2 outD cyc=               40440 op=5
L2 inD cyc=               40441 op=5 src=288
L2 outD cyc=               40441 op=5
L2 outD cyc=               40442 op=5
L2 inD cyc=               40443 op=5 src=288
L2 outD cyc=               40443 op=5
L2 inD cyc=               40445 op=5 src=288
L2 inD cyc=               40447 op=5 src=288
L2 inA cyc=               40453 op=4 addr=80001000 src=  0 size=3 wait=    0 mshr= 0
L2 inD cyc=               40457 op=1 src=  0
L2 inD cyc=               40525 op=6 src=288
L2 inA cyc=               40529 op=6 addr=80063600 src=288 size=6 wait=    0 mshr= 0
L2 outA cyc=               40532 op=6 addr=80063600
L2 outD cyc=               40533 op=5
L2 outD cyc=               40534 op=5
L2 outD cyc=               40535 op=5
L2 outD cyc=               40536 op=5
L2 outD cyc=               40537 op=5
L2 inD cyc=               40538 op=5 src=288
L2 outD cyc=               40538 op=5
L2 outD cyc=               40539 op=5
L2 inD cyc=               40540 op=5 src=288
L2 outD cyc=               40540 op=5
L2 inD cyc=               40542 op=5 src=288
L2 inD cyc=               40544 op=5 src=288
L2 inA cyc=               40550 op=6 addr=8005a600 src=288 size=6 wait=    0 mshr= 0
L2 outA cyc=               40553 op=6 addr=8005a600
L2 outD cyc=               40554 op=5
L2 outD cyc=               40555 op=5
L2 outD cyc=               40556 op=5
L2 outD cyc=               40557 op=5
L2 outD cyc=               40558 op=5
L2 inD cyc=               40559 op=5 src=288
L2 outD cyc=               40559 op=5
L2 outD cyc=               40560 op=5
L2 inD cyc=               40561 op=5 src=288
L2 outD cyc=               40561 op=5
L2 inD cyc=               40563 op=5 src=288
L2 inD cyc=               40565 op=5 src=288
L2 inA cyc=               40608 op=4 addr=80001000 src=  0 size=3 wait=    0 mshr= 0
L2 inD cyc=               40612 op=1 src=  0
L2 inA cyc=               40671 op=6 addr=8006c600 src=288 size=6 wait=    0 mshr= 0
L2 inD cyc=               40675 op=5 src=288
L2 inD cyc=               40676 op=5 src=288
L2 inD cyc=               40677 op=5 src=288
L2 inD cyc=               40678 op=5 src=288
L2 inA cyc=               40763 op=4 addr=80001000 src=  0 size=3 wait=    0 mshr= 0
L2 inD cyc=               40767 op=1 src=  0
L2 inA cyc=               40918 op=4 addr=80001000 src=  0 size=3 wait=    0 mshr= 0
L2 inD cyc=               40922 op=1 src=  0
L2 inA cyc=               41073 op=4 addr=80001000 src=  0 size=3 wait=    0 mshr= 0
L2 inD cyc=               41077 op=1 src=  0
L2 inA cyc=               41228 op=4 addr=80001000 src=  0 size=3 wait=    0 mshr= 0
L2 inD cyc=               41232 op=1 src=  0
L2 inA cyc=               41383 op=4 addr=80001000 src=  0 size=3 wait=    0 mshr= 0
L2 inD cyc=               41387 op=1 src=  0
L2 inA cyc=               41538 op=4 addr=80001000 src=  0 size=3 wait=    0 mshr= 0
L2 inD cyc=               41542 op=1 src=  0
L2 inA cyc=               41693 op=4 addr=80001000 src=  0 size=3 wait=    0 mshr= 0
L2 inD cyc=               41697 op=1 src=  0
L2 inA cyc=               41848 op=4 addr=80001000 src=  0 size=3 wait=    0 mshr= 0
L2 inD cyc=               41852 op=1 src=  0
L2 inA cyc=               41865 op=6 addr=8006c640 src=288 size=6 wait=    0 mshr= 0
L2 outA cyc=               41868 op=6 addr=8006c640
L2 outD cyc=               41869 op=5
L2 outD cyc=               41870 op=5
L2 outD cyc=               41871 op=5
L2 outD cyc=               41872 op=5
L2 outD cyc=               41873 op=5
L2 inD cyc=               41874 op=5 src=288
L2 outD cyc=               41874 op=5
L2 outD cyc=               41875 op=5
L2 inD cyc=               41876 op=5 src=288
L2 outD cyc=               41876 op=5
L2 inD cyc=               41878 op=5 src=288
L2 inD cyc=               41880 op=5 src=288
L2 inD cyc=               41958 op=6 src=288
L2 inA cyc=               41962 op=6 addr=80063640 src=288 size=6 wait=    0 mshr= 0
L2 outA cyc=               41965 op=6 addr=80063640
L2 outD cyc=               41966 op=5
L2 outD cyc=               41967 op=5
L2 outD cyc=               41968 op=5
L2 outD cyc=               41969 op=5
L2 outD cyc=               41970 op=5
L2 inD cyc=               41971 op=5 src=288
L2 outD cyc=               41971 op=5
L2 outD cyc=               41972 op=5
L2 inD cyc=               41973 op=5 src=288
L2 outD cyc=               41973 op=5
L2 inD cyc=               41975 op=5 src=288
L2 inD cyc=               41977 op=5 src=288
L2 inD cyc=               41991 op=6 src=288
L2 inA cyc=               41995 op=6 addr=8005a640 src=288 size=6 wait=    0 mshr= 0
L2 outA cyc=               41998 op=6 addr=8005a640
L2 outD cyc=               41999 op=5
L2 outD cyc=               42000 op=5
L2 outD cyc=               42001 op=5
L2 outD cyc=               42002 op=5
L2 inA cyc=               42003 op=4 addr=80001000 src=  0 size=3 wait=    0 mshr= 1
L2 outD cyc=               42003 op=5
L2 inD cyc=               42004 op=5 src=288
L2 outD cyc=               42004 op=5
L2 outD cyc=               42005 op=5
L2 inD cyc=               42006 op=5 src=288
L2 outD cyc=               42006 op=5
L2 inD cyc=               42008 op=5 src=288
L2 inD cyc=               42010 op=5 src=288
L2 inD cyc=               42011 op=1 src=  0
L2 inA cyc=               42112 op=6 addr=8006c640 src=288 size=6 wait=    0 mshr= 0
L2 inD cyc=               42116 op=5 src=288
L2 inD cyc=               42117 op=5 src=288
L2 inD cyc=               42118 op=5 src=288
L2 inD cyc=               42119 op=5 src=288
L2 inA cyc=               42158 op=4 addr=80001000 src=  0 size=3 wait=    0 mshr= 0
L2 inD cyc=               42162 op=1 src=  0
L2 inA cyc=               42189 op=6 addr=80063640 src=288 size=6 wait=    0 mshr= 0
L2 inD cyc=               42193 op=5 src=288
L2 inD cyc=               42194 op=5 src=288
L2 inD cyc=               42195 op=5 src=288
L2 inD cyc=               42196 op=5 src=288
L2 inA cyc=               42313 op=4 addr=80001000 src=  0 size=3 wait=    0 mshr= 0
L2 inD cyc=               42317 op=1 src=  0
L2 inA cyc=               42468 op=4 addr=80001000 src=  0 size=3 wait=    0 mshr= 0
L2 inD cyc=               42472 op=1 src=  0
L2 inA cyc=               42623 op=4 addr=80001000 src=  0 size=3 wait=    0 mshr= 0
L2 inD cyc=               42627 op=1 src=  0
L2 inA cyc=               42778 op=4 addr=80001000 src=  0 size=3 wait=    0 mshr= 0
L2 inD cyc=               42782 op=1 src=  0
L2 inA cyc=               42933 op=4 addr=80001000 src=  0 size=3 wait=    0 mshr= 0
L2 inD cyc=               42937 op=1 src=  0
L2 inA cyc=               43088 op=4 addr=80001000 src=  0 size=3 wait=    0 mshr= 0
L2 inD cyc=               43092 op=1 src=  0
L2 inA cyc=               43243 op=4 addr=80001000 src=  0 size=3 wait=    0 mshr= 0
L2 inD cyc=               43247 op=1 src=  0
L2 inA cyc=               43322 op=6 addr=8006c680 src=288 size=6 wait=    0 mshr= 0
L2 outA cyc=               43325 op=6 addr=8006c680
L2 outD cyc=               43326 op=5
L2 outD cyc=               43327 op=5
L2 outD cyc=               43328 op=5
L2 outD cyc=               43329 op=5
L2 outD cyc=               43330 op=5
L2 inD cyc=               43331 op=5 src=288
L2 outD cyc=               43331 op=5
L2 outD cyc=               43332 op=5
L2 inD cyc=               43333 op=5 src=288
L2 outD cyc=               43333 op=5
L2 inD cyc=               43335 op=5 src=288
L2 inD cyc=               43337 op=5 src=288
L2 inA cyc=               43398 op=4 addr=80001000 src=  0 size=3 wait=    0 mshr= 0
L2 inD cyc=               43402 op=1 src=  0
L2 inA cyc=               43407 op=6 addr=80063680 src=288 size=6 wait=    0 mshr= 0
L2 outA cyc=               43410 op=6 addr=80063680
L2 outD cyc=               43411 op=5
L2 outD cyc=               43412 op=5
L2 outD cyc=               43413 op=5
L2 outD cyc=               43414 op=5
L2 outD cyc=               43415 op=5
L2 inD cyc=               43416 op=5 src=288
L2 outD cyc=               43416 op=5
L2 outD cyc=               43417 op=5
L2 inD cyc=               43418 op=5 src=288
L2 outD cyc=               43418 op=5
L2 inD cyc=               43420 op=5 src=288
L2 inD cyc=               43422 op=5 src=288
L2 inA cyc=               43428 op=6 addr=8005a680 src=288 size=6 wait=    0 mshr= 0
L2 outA cyc=               43431 op=6 addr=8005a680
L2 outD cyc=               43432 op=5
L2 outD cyc=               43433 op=5
L2 outD cyc=               43434 op=5
L2 outD cyc=               43435 op=5
L2 outD cyc=               43436 op=5
L2 inD cyc=               43437 op=5 src=288
L2 outD cyc=               43437 op=5
L2 outD cyc=               43438 op=5
L2 inD cyc=               43439 op=5 src=288
L2 outD cyc=               43439 op=5
L2 inD cyc=               43441 op=5 src=288
L2 inD cyc=               43443 op=5 src=288
L2 inA cyc=               43553 op=4 addr=80001000 src=  0 size=3 wait=    0 mshr= 0
L2 inD cyc=               43557 op=1 src=  0
L2 inA cyc=               43708 op=4 addr=80001000 src=  0 size=3 wait=    0 mshr= 0
L2 inD cyc=               43712 op=1 src=  0
L2 inA cyc=               43863 op=4 addr=80001000 src=  0 size=3 wait=    0 mshr= 0
L2 inD cyc=               43867 op=1 src=  0
L2 inA cyc=               44018 op=4 addr=80001000 src=  0 size=3 wait=    0 mshr= 0
L2 inD cyc=               44022 op=1 src=  0
L2 inA cyc=               44173 op=4 addr=80001000 src=  0 size=3 wait=    0 mshr= 0
L2 inD cyc=               44177 op=1 src=  0
L2 inA cyc=               44328 op=4 addr=80001000 src=  0 size=3 wait=    0 mshr= 0
L2 inD cyc=               44332 op=1 src=  0
L2 inA cyc=               44483 op=4 addr=80001000 src=  0 size=3 wait=    0 mshr= 0
L2 inD cyc=               44487 op=1 src=  0
L2 inA cyc=               44638 op=4 addr=80001000 src=  0 size=3 wait=    0 mshr= 0
L2 inD cyc=               44642 op=1 src=  0
L2 inA cyc=               44733 op=6 addr=8006c6c0 src=288 size=6 wait=    0 mshr= 0
L2 outA cyc=               44736 op=6 addr=8006c6c0
L2 outD cyc=               44737 op=5
L2 outD cyc=               44738 op=5
L2 outD cyc=               44739 op=5
L2 outD cyc=               44740 op=5
L2 outD cyc=               44741 op=5
L2 inD cyc=               44742 op=5 src=288
L2 outD cyc=               44742 op=5
L2 outD cyc=               44743 op=5
L2 inD cyc=               44744 op=5 src=288
L2 outD cyc=               44744 op=5
L2 inD cyc=               44746 op=5 src=288
L2 inD cyc=               44748 op=5 src=288
L2 inA cyc=               44793 op=4 addr=80001000 src=  0 size=3 wait=    0 mshr= 0
L2 inD cyc=               44797 op=1 src=  0
L2 inA cyc=               44818 op=6 addr=800636c0 src=288 size=6 wait=    0 mshr= 0
L2 outA cyc=               44821 op=6 addr=800636c0
L2 outD cyc=               44822 op=5
L2 outD cyc=               44823 op=5
L2 outD cyc=               44824 op=5
L2 outD cyc=               44825 op=5
L2 outD cyc=               44826 op=5
L2 inD cyc=               44827 op=5 src=288
L2 outD cyc=               44827 op=5
L2 outD cyc=               44828 op=5
L2 inD cyc=               44829 op=5 src=288
L2 outD cyc=               44829 op=5
L2 inD cyc=               44831 op=5 src=288
L2 inD cyc=               44833 op=5 src=288
L2 inD cyc=               44847 op=6 src=288
L2 inA cyc=               44851 op=6 addr=8005a6c0 src=288 size=6 wait=    0 mshr= 0
L2 outA cyc=               44854 op=6 addr=8005a6c0
L2 outD cyc=               44855 op=5
L2 outD cyc=               44856 op=5
L2 outD cyc=               44857 op=5
L2 outD cyc=               44858 op=5
L2 outD cyc=               44859 op=5
L2 inD cyc=               44860 op=5 src=288
L2 outD cyc=               44860 op=5
L2 outD cyc=               44861 op=5
L2 inD cyc=               44862 op=5 src=288
L2 outD cyc=               44862 op=5
L2 inD cyc=               44864 op=5 src=288
L2 inD cyc=               44866 op=5 src=288
L2 inA cyc=               44948 op=4 addr=80001000 src=  0 size=3 wait=    0 mshr= 0
L2 inD cyc=               44952 op=1 src=  0
L2 inD cyc=               44980 op=6 src=288
L2 inA cyc=               44984 op=6 addr=8006c6c0 src=288 size=6 wait=    0 mshr= 0
L2 inD cyc=               44988 op=5 src=288
L2 inD cyc=               44989 op=5 src=288
L2 inD cyc=               44990 op=5 src=288
L2 inD cyc=               44991 op=5 src=288
L2 inD cyc=               45069 op=6 src=288
L2 inA cyc=               45073 op=6 addr=800636c0 src=288 size=6 wait=    0 mshr= 0
L2 inD cyc=               45077 op=5 src=288
L2 inD cyc=               45078 op=5 src=288
L2 inD cyc=               45079 op=5 src=288
L2 inD cyc=               45080 op=5 src=288
L2 inA cyc=               45086 op=6 addr=8005a6c0 src=288 size=6 wait=    0 mshr= 0
L2 inD cyc=               45090 op=5 src=288
L2 inD cyc=               45091 op=5 src=288
L2 inD cyc=               45092 op=5 src=288
L2 inD cyc=               45093 op=5 src=288
L2 inA cyc=               45103 op=4 addr=80001000 src=  0 size=3 wait=    0 mshr= 0
L2 inD cyc=               45107 op=1 src=  0
L2 inA cyc=               45258 op=4 addr=80001000 src=  0 size=3 wait=    0 mshr= 0
L2 inD cyc=               45262 op=1 src=  0
L2 inA cyc=               45413 op=4 addr=80001000 src=  0 size=3 wait=    0 mshr= 0
L2 inD cyc=               45417 op=1 src=  0
L2 inA cyc=               45568 op=4 addr=80001000 src=  0 size=3 wait=    0 mshr= 0
L2 inD cyc=               45572 op=1 src=  0
L2 inA cyc=               45723 op=4 addr=80001000 src=  0 size=3 wait=    0 mshr= 0
L2 inD cyc=               45727 op=1 src=  0
L2 inA cyc=               45878 op=4 addr=80001000 src=  0 size=3 wait=    0 mshr= 0
L2 inD cyc=               45882 op=1 src=  0
L2 inA cyc=               46033 op=4 addr=80001000 src=  0 size=3 wait=    0 mshr= 0
L2 inD cyc=               46037 op=1 src=  0
L2 inA cyc=               46188 op=4 addr=80001000 src=  0 size=3 wait=    0 mshr= 0
L2 inD cyc=               46192 op=1 src=  0
L2 inA cyc=               46211 op=6 addr=8006c700 src=288 size=6 wait=    0 mshr= 0
L2 outA cyc=               46214 op=6 addr=8006c700
L2 outD cyc=               46215 op=5
L2 outD cyc=               46216 op=5
L2 outD cyc=               46217 op=5
L2 outD cyc=               46218 op=5
L2 outD cyc=               46219 op=5
L2 inD cyc=               46220 op=5 src=288
L2 outD cyc=               46220 op=5
L2 outD cyc=               46221 op=5
L2 inD cyc=               46222 op=5 src=288
L2 outD cyc=               46222 op=5
L2 inD cyc=               46224 op=5 src=288
L2 inD cyc=               46226 op=5 src=288
L2 inD cyc=               46304 op=6 src=288
L2 inA cyc=               46308 op=6 addr=80063700 src=288 size=6 wait=    0 mshr= 0
L2 outA cyc=               46311 op=6 addr=80063700
L2 outD cyc=               46312 op=5
L2 outD cyc=               46313 op=5
L2 outD cyc=               46314 op=5
L2 outD cyc=               46315 op=5
L2 outD cyc=               46316 op=5
L2 inD cyc=               46317 op=5 src=288
L2 outD cyc=               46317 op=5
L2 outD cyc=               46318 op=5
L2 inD cyc=               46319 op=5 src=288
L2 outD cyc=               46319 op=5
L2 inD cyc=               46321 op=5 src=288
L2 inD cyc=               46323 op=5 src=288
L2 inD cyc=               46337 op=6 src=288
L2 inA cyc=               46341 op=6 addr=8005a700 src=288 size=6 wait=    0 mshr= 0
L2 inA cyc=               46343 op=4 addr=80001000 src=  0 size=3 wait=    0 mshr= 1
L2 outA cyc=               46344 op=6 addr=8005a700
L2 outD cyc=               46345 op=5
L2 outD cyc=               46346 op=5
L2 inD cyc=               46347 op=1 src=  0
L2 outD cyc=               46347 op=5
L2 outD cyc=               46348 op=5
L2 outD cyc=               46349 op=5
L2 inD cyc=               46350 op=5 src=288
L2 outD cyc=               46350 op=5
L2 outD cyc=               46351 op=5
L2 inD cyc=               46352 op=5 src=288
L2 outD cyc=               46352 op=5
L2 inD cyc=               46354 op=5 src=288
L2 inD cyc=               46356 op=5 src=288
L2 inD cyc=               46467 op=6 src=288
L2 inA cyc=               46471 op=6 addr=8006c700 src=288 size=6 wait=    0 mshr= 0
L2 inD cyc=               46475 op=5 src=288
L2 inD cyc=               46476 op=5 src=288
L2 inD cyc=               46477 op=5 src=288
L2 inD cyc=               46478 op=5 src=288
L2 inA cyc=               46498 op=4 addr=80001000 src=  0 size=3 wait=    0 mshr= 0
L2 inD cyc=               46502 op=1 src=  0
L2 inA cyc=               46547 op=6 addr=80063700 src=288 size=6 wait=    0 mshr= 0
L2 inD cyc=               46551 op=5 src=288
L2 inD cyc=               46552 op=5 src=288
L2 inD cyc=               46553 op=5 src=288
L2 inD cyc=               46554 op=5 src=288
L2 inA cyc=               46560 op=6 addr=8005a700 src=288 size=6 wait=    0 mshr= 0
L2 inD cyc=               46564 op=5 src=288
L2 inD cyc=               46565 op=5 src=288
L2 inD cyc=               46566 op=5 src=288
L2 inD cyc=               46567 op=5 src=288
L2 inA cyc=               46653 op=4 addr=80001000 src=  0 size=3 wait=    0 mshr= 0
L2 inD cyc=               46657 op=1 src=  0
L2 inA cyc=               46808 op=4 addr=80001000 src=  0 size=3 wait=    0 mshr= 0
L2 inD cyc=               46812 op=1 src=  0
L2 inA cyc=               46963 op=4 addr=80001000 src=  0 size=3 wait=    0 mshr= 0
L2 inD cyc=               46967 op=1 src=  0
L2 inA cyc=               47118 op=4 addr=80001000 src=  0 size=3 wait=    0 mshr= 0
L2 inD cyc=               47122 op=1 src=  0
L2 inA cyc=               47273 op=4 addr=80001000 src=  0 size=3 wait=    0 mshr= 0
L2 inD cyc=               47277 op=1 src=  0
L2 inA cyc=               47428 op=4 addr=80001000 src=  0 size=3 wait=    0 mshr= 0
L2 inD cyc=               47432 op=1 src=  0
L2 inA cyc=               47583 op=4 addr=80001000 src=  0 size=3 wait=    0 mshr= 0
L2 inD cyc=               47587 op=1 src=  0
L2 inA cyc=               47688 op=6 addr=8006c740 src=288 size=6 wait=    0 mshr= 0
L2 outA cyc=               47691 op=6 addr=8006c740
L2 outD cyc=               47692 op=5
L2 outD cyc=               47693 op=5
L2 outD cyc=               47694 op=5
L2 outD cyc=               47695 op=5
L2 outD cyc=               47696 op=5
L2 inD cyc=               47697 op=5 src=288
L2 outD cyc=               47697 op=5
L2 outD cyc=               47698 op=5
L2 inD cyc=               47699 op=5 src=288
L2 outD cyc=               47699 op=5
L2 inD cyc=               47701 op=5 src=288
L2 inD cyc=               47703 op=5 src=288
L2 inA cyc=               47738 op=4 addr=80001000 src=  0 size=3 wait=    0 mshr= 0
L2 inD cyc=               47742 op=1 src=  0
L2 inA cyc=               47772 op=6 addr=80063740 src=288 size=6 wait=    0 mshr= 0
L2 outA cyc=               47775 op=6 addr=80063740
L2 outD cyc=               47776 op=5
L2 outD cyc=               47777 op=5
L2 outD cyc=               47778 op=5
L2 outD cyc=               47779 op=5
L2 outD cyc=               47780 op=5
L2 inD cyc=               47781 op=5 src=288
L2 outD cyc=               47781 op=5
L2 outD cyc=               47782 op=5
L2 inD cyc=               47783 op=5 src=288
L2 outD cyc=               47783 op=5
L2 inD cyc=               47785 op=5 src=288
L2 inD cyc=               47787 op=5 src=288
L2 inA cyc=               47793 op=6 addr=8005a740 src=288 size=6 wait=    0 mshr= 0
L2 outA cyc=               47796 op=6 addr=8005a740
L2 outD cyc=               47797 op=5
L2 outD cyc=               47798 op=5
L2 outD cyc=               47799 op=5
L2 outD cyc=               47800 op=5
L2 outD cyc=               47801 op=5
L2 inD cyc=               47802 op=5 src=288
L2 outD cyc=               47802 op=5
L2 outD cyc=               47803 op=5
L2 inD cyc=               47804 op=5 src=288
L2 outD cyc=               47804 op=5
L2 inD cyc=               47806 op=5 src=288
L2 inD cyc=               47808 op=5 src=288
L2 inA cyc=               47893 op=4 addr=80001000 src=  0 size=3 wait=    0 mshr= 0
L2 inD cyc=               47897 op=1 src=  0
L2 inA cyc=               48048 op=4 addr=80001000 src=  0 size=3 wait=    0 mshr= 0
L2 inD cyc=               48052 op=1 src=  0
L2 inA cyc=               48203 op=4 addr=80001000 src=  0 size=3 wait=    0 mshr= 0
L2 inD cyc=               48207 op=1 src=  0
L2 inA cyc=               48358 op=4 addr=80001000 src=  0 size=3 wait=    0 mshr= 0
L2 inD cyc=               48362 op=1 src=  0
L2 inA cyc=               48513 op=4 addr=80001000 src=  0 size=3 wait=    0 mshr= 0
L2 inD cyc=               48517 op=1 src=  0
L2 inA cyc=               48668 op=4 addr=80001000 src=  0 size=3 wait=    0 mshr= 0
L2 inD cyc=               48672 op=1 src=  0
L2 inA cyc=               48823 op=4 addr=80001000 src=  0 size=3 wait=    0 mshr= 0
L2 inD cyc=               48827 op=1 src=  0
L2 inA cyc=               48978 op=4 addr=80001000 src=  0 size=3 wait=    0 mshr= 0
L2 inD cyc=               48982 op=1 src=  0
L2 inA cyc=               49102 op=6 addr=8006c780 src=288 size=6 wait=    0 mshr= 0
L2 outA cyc=               49105 op=6 addr=8006c780
L2 outD cyc=               49106 op=5
L2 outD cyc=               49107 op=5
L2 outD cyc=               49108 op=5
L2 outD cyc=               49109 op=5
L2 outD cyc=               49110 op=5
L2 inD cyc=               49111 op=5 src=288
L2 outD cyc=               49111 op=5
L2 outD cyc=               49112 op=5
L2 inD cyc=               49113 op=5 src=288
L2 outD cyc=               49113 op=5
L2 inD cyc=               49115 op=5 src=288
L2 inD cyc=               49117 op=5 src=288
L2 inA cyc=               49133 op=4 addr=80001000 src=  0 size=3 wait=    0 mshr= 0
L2 inD cyc=               49137 op=1 src=  0
L2 inA cyc=               49187 op=6 addr=80063780 src=288 size=6 wait=    0 mshr= 0
L2 outA cyc=               49190 op=6 addr=80063780
L2 outD cyc=               49191 op=5
L2 outD cyc=               49192 op=5
L2 outD cyc=               49193 op=5
L2 outD cyc=               49194 op=5
L2 outD cyc=               49195 op=5
L2 inD cyc=               49196 op=5 src=288
L2 outD cyc=               49196 op=5
L2 outD cyc=               49197 op=5
L2 inD cyc=               49198 op=5 src=288
L2 outD cyc=               49198 op=5
L2 inD cyc=               49200 op=5 src=288
L2 inD cyc=               49202 op=5 src=288
L2 inD cyc=               49216 op=6 src=288
L2 inA cyc=               49220 op=6 addr=8005a780 src=288 size=6 wait=    0 mshr= 0
L2 outA cyc=               49223 op=6 addr=8005a780
L2 outD cyc=               49224 op=5
L2 outD cyc=               49225 op=5
L2 outD cyc=               49226 op=5
L2 outD cyc=               49227 op=5
L2 outD cyc=               49228 op=5
L2 inD cyc=               49229 op=5 src=288
L2 outD cyc=               49229 op=5
L2 outD cyc=               49230 op=5
L2 inD cyc=               49231 op=5 src=288
L2 outD cyc=               49231 op=5
L2 inD cyc=               49233 op=5 src=288
L2 inD cyc=               49235 op=5 src=288
L2 inA cyc=               49288 op=4 addr=80001000 src=  0 size=3 wait=    0 mshr= 0
L2 inD cyc=               49292 op=1 src=  0
L2 inA cyc=               49338 op=6 addr=8006c780 src=288 size=6 wait=    0 mshr= 0
L2 inD cyc=               49342 op=5 src=288
L2 inD cyc=               49343 op=5 src=288
L2 inD cyc=               49344 op=5 src=288
L2 inD cyc=               49345 op=5 src=288
L2 inA cyc=               49443 op=4 addr=80001000 src=  0 size=3 wait=    0 mshr= 0
L2 inD cyc=               49447 op=1 src=  0
L2 inA cyc=               49598 op=4 addr=80001000 src=  0 size=3 wait=    0 mshr= 0
L2 inD cyc=               49602 op=1 src=  0
L2 inA cyc=               49753 op=4 addr=80001000 src=  0 size=3 wait=    0 mshr= 0
L2 inD cyc=               49757 op=1 src=  0
L2 inA cyc=               49908 op=4 addr=80001000 src=  0 size=3 wait=    0 mshr= 0
L2 inD cyc=               49912 op=1 src=  0
L2 inA cyc=               50063 op=4 addr=80001000 src=  0 size=3 wait=    0 mshr= 0
L2 inD cyc=               50067 op=1 src=  0
L2 inA cyc=               50218 op=4 addr=80001000 src=  0 size=3 wait=    0 mshr= 0
L2 inD cyc=               50222 op=1 src=  0
L2 inA cyc=               50373 op=4 addr=80001000 src=  0 size=3 wait=    0 mshr= 0
L2 inD cyc=               50377 op=1 src=  0
L2 inA cyc=               50528 op=4 addr=80001000 src=  0 size=3 wait=    0 mshr= 0
L2 inD cyc=               50532 op=1 src=  0
L2 inA cyc=               50537 op=6 addr=8006c7c0 src=288 size=6 wait=    0 mshr= 0
L2 outA cyc=               50540 op=6 addr=8006c7c0
L2 outD cyc=               50541 op=5
L2 outD cyc=               50542 op=5
L2 outD cyc=               50543 op=5
L2 outD cyc=               50544 op=5
L2 outD cyc=               50545 op=5
L2 inD cyc=               50546 op=5 src=288
L2 outD cyc=               50546 op=5
L2 outD cyc=               50547 op=5
L2 inD cyc=               50548 op=5 src=288
L2 outD cyc=               50548 op=5
L2 inD cyc=               50550 op=5 src=288
L2 inD cyc=               50552 op=5 src=288
L2 inA cyc=               50622 op=6 addr=800637c0 src=288 size=6 wait=    0 mshr= 0
L2 outA cyc=               50625 op=6 addr=800637c0
L2 outD cyc=               50626 op=5
L2 outD cyc=               50627 op=5
L2 outD cyc=               50628 op=5
L2 outD cyc=               50629 op=5
L2 outD cyc=               50630 op=5
L2 inD cyc=               50631 op=5 src=288
L2 outD cyc=               50631 op=5
L2 outD cyc=               50632 op=5
L2 inD cyc=               50633 op=5 src=288
L2 outD cyc=               50633 op=5
L2 inD cyc=               50635 op=5 src=288
L2 inD cyc=               50637 op=5 src=288
L2 inD cyc=               50651 op=6 src=288
L2 inA cyc=               50655 op=6 addr=8005a7c0 src=288 size=6 wait=    0 mshr= 0
L2 outA cyc=               50658 op=6 addr=8005a7c0
L2 outD cyc=               50659 op=5
L2 outD cyc=               50660 op=5
L2 outD cyc=               50661 op=5
L2 outD cyc=               50662 op=5
L2 outD cyc=               50663 op=5
L2 inD cyc=               50664 op=5 src=288
L2 outD cyc=               50664 op=5
L2 outD cyc=               50665 op=5
L2 inD cyc=               50666 op=5 src=288
L2 outD cyc=               50666 op=5
L2 inD cyc=               50668 op=5 src=288
L2 inD cyc=               50670 op=5 src=288
L2 inA cyc=               50683 op=4 addr=80001000 src=  0 size=3 wait=    0 mshr= 0
L2 inD cyc=               50687 op=1 src=  0
L2 inA cyc=               50776 op=6 addr=8006c7c0 src=288 size=6 wait=    0 mshr= 0
L2 inD cyc=               50780 op=5 src=288
L2 inD cyc=               50781 op=5 src=288
L2 inD cyc=               50782 op=5 src=288
L2 inD cyc=               50783 op=5 src=288
L2 inA cyc=               50838 op=4 addr=80001000 src=  0 size=3 wait=    0 mshr= 0
L2 inD cyc=               50842 op=1 src=  0
L2 inA cyc=               50993 op=4 addr=80001000 src=  0 size=3 wait=    0 mshr= 0
L2 inD cyc=               50997 op=1 src=  0
L2 inA cyc=               51148 op=4 addr=80001000 src=  0 size=3 wait=    0 mshr= 0
L2 inD cyc=               51152 op=1 src=  0
L2 inA cyc=               51303 op=4 addr=80001000 src=  0 size=3 wait=    0 mshr= 0
L2 inD cyc=               51307 op=1 src=  0
L2 inA cyc=               51458 op=4 addr=80001000 src=  0 size=3 wait=    0 mshr= 0
L2 inD cyc=               51462 op=1 src=  0
L2 inA cyc=               51613 op=4 addr=80001000 src=  0 size=3 wait=    0 mshr= 0
L2 inD cyc=               51617 op=1 src=  0
L2 inA cyc=               51768 op=4 addr=80001000 src=  0 size=3 wait=    0 mshr= 0
L2 inD cyc=               51772 op=1 src=  0
L2 inA cyc=               51923 op=4 addr=80001000 src=  0 size=3 wait=    0 mshr= 0
L2 inD cyc=               51927 op=1 src=  0
L2 inA cyc=               51971 op=6 addr=8006c800 src=288 size=6 wait=    0 mshr= 0
L2 outA cyc=               51974 op=6 addr=8006c800
L2 outD cyc=               51975 op=5
L2 outD cyc=               51976 op=5
L2 outD cyc=               51977 op=5
L2 outD cyc=               51978 op=5
L2 outD cyc=               51979 op=5
L2 inD cyc=               51980 op=5 src=288
L2 outD cyc=               51980 op=5
L2 outD cyc=               51981 op=5
L2 inD cyc=               51982 op=5 src=288
L2 outD cyc=               51982 op=5
L2 inD cyc=               51984 op=5 src=288
L2 inD cyc=               51986 op=5 src=288
L2 inA cyc=               52056 op=6 addr=80063800 src=288 size=6 wait=    0 mshr= 0
L2 outA cyc=               52059 op=6 addr=80063800
L2 outD cyc=               52060 op=5
L2 outD cyc=               52061 op=5
L2 outD cyc=               52062 op=5
L2 outD cyc=               52063 op=5
L2 outD cyc=               52064 op=5
L2 inD cyc=               52065 op=5 src=288
L2 outD cyc=               52065 op=5
L2 outD cyc=               52066 op=5
L2 inD cyc=               52067 op=5 src=288
L2 outD cyc=               52067 op=5
L2 inD cyc=               52069 op=5 src=288
L2 inD cyc=               52071 op=5 src=288
L2 inA cyc=               52078 op=4 addr=80001000 src=  0 size=3 wait=    0 mshr= 0
L2 inD cyc=               52082 op=1 src=  0
L2 inD cyc=               52085 op=6 src=288
L2 inA cyc=               52089 op=6 addr=8005a800 src=288 size=6 wait=    0 mshr= 0
L2 outA cyc=               52092 op=6 addr=8005a800
L2 outD cyc=               52093 op=5
L2 outD cyc=               52094 op=5
L2 outD cyc=               52095 op=5
L2 outD cyc=               52096 op=5
L2 outD cyc=               52097 op=5
L2 inD cyc=               52098 op=5 src=288
L2 outD cyc=               52098 op=5
L2 outD cyc=               52099 op=5
L2 inD cyc=               52100 op=5 src=288
L2 outD cyc=               52100 op=5
L2 inD cyc=               52102 op=5 src=288
L2 inD cyc=               52104 op=5 src=288
L2 inA cyc=               52233 op=4 addr=80001000 src=  0 size=3 wait=    0 mshr= 0
L2 inD cyc=               52237 op=1 src=  0
L2 inA cyc=               52275 op=6 addr=80063800 src=288 size=6 wait=    0 mshr= 0
L2 inD cyc=               52279 op=5 src=288
L2 inD cyc=               52280 op=5 src=288
L2 inD cyc=               52281 op=5 src=288
L2 inD cyc=               52282 op=5 src=288
L2 inA cyc=               52388 op=4 addr=80001000 src=  0 size=3 wait=    0 mshr= 0
L2 inD cyc=               52392 op=1 src=  0
L2 inA cyc=               52543 op=4 addr=80001000 src=  0 size=3 wait=    0 mshr= 0
L2 inD cyc=               52547 op=1 src=  0
L2 inA cyc=               52698 op=4 addr=80001000 src=  0 size=3 wait=    0 mshr= 0
L2 inD cyc=               52702 op=1 src=  0
L2 inA cyc=               52853 op=4 addr=80001000 src=  0 size=3 wait=    0 mshr= 0
L2 inD cyc=               52857 op=1 src=  0
L2 inA cyc=               53008 op=4 addr=80001000 src=  0 size=3 wait=    0 mshr= 0
L2 inD cyc=               53012 op=1 src=  0
L2 inA cyc=               53163 op=4 addr=80001000 src=  0 size=3 wait=    0 mshr= 0
L2 inD cyc=               53167 op=1 src=  0
L2 inA cyc=               53318 op=4 addr=80001000 src=  0 size=3 wait=    0 mshr= 0
L2 inD cyc=               53322 op=1 src=  0
L2 inA cyc=               53402 op=6 addr=8006c840 src=288 size=6 wait=    0 mshr= 0
L2 outA cyc=               53405 op=6 addr=8006c840
L2 outD cyc=               53406 op=5
L2 outD cyc=               53407 op=5
L2 outD cyc=               53408 op=5
L2 outD cyc=               53409 op=5
L2 outD cyc=               53410 op=5
L2 inD cyc=               53411 op=5 src=288
L2 outD cyc=               53411 op=5
L2 outD cyc=               53412 op=5
L2 inD cyc=               53413 op=5 src=288
L2 outD cyc=               53413 op=5
L2 inD cyc=               53415 op=5 src=288
L2 inD cyc=               53417 op=5 src=288
L2 inA cyc=               53473 op=4 addr=80001000 src=  0 size=3 wait=    0 mshr= 0
L2 inD cyc=               53477 op=1 src=  0
L2 inD cyc=               53494 op=6 src=288
L2 inA cyc=               53498 op=6 addr=80063840 src=288 size=6 wait=    0 mshr= 0
L2 outA cyc=               53501 op=6 addr=80063840
L2 outD cyc=               53502 op=5
L2 outD cyc=               53503 op=5
L2 outD cyc=               53504 op=5
L2 outD cyc=               53505 op=5
L2 outD cyc=               53506 op=5
L2 inD cyc=               53507 op=5 src=288
L2 outD cyc=               53507 op=5
L2 outD cyc=               53508 op=5
L2 inD cyc=               53509 op=5 src=288
L2 outD cyc=               53509 op=5
L2 inD cyc=               53511 op=5 src=288
L2 inD cyc=               53513 op=5 src=288
L2 inA cyc=               53519 op=6 addr=8005a840 src=288 size=6 wait=    0 mshr= 0
L2 outA cyc=               53522 op=6 addr=8005a840
L2 outD cyc=               53523 op=5
L2 outD cyc=               53524 op=5
L2 outD cyc=               53525 op=5
L2 outD cyc=               53526 op=5
L2 outD cyc=               53527 op=5
L2 inD cyc=               53528 op=5 src=288
L2 outD cyc=               53528 op=5
L2 outD cyc=               53529 op=5
L2 inD cyc=               53530 op=5 src=288
L2 outD cyc=               53530 op=5
L2 inD cyc=               53532 op=5 src=288
L2 inD cyc=               53534 op=5 src=288
L2 inA cyc=               53628 op=4 addr=80001000 src=  0 size=3 wait=    0 mshr= 0
L2 inD cyc=               53632 op=1 src=  0
L2 inA cyc=               53639 op=6 addr=8006c840 src=288 size=6 wait=    0 mshr= 0
L2 inD cyc=               53643 op=5 src=288
L2 inD cyc=               53644 op=5 src=288
L2 inD cyc=               53645 op=5 src=288
L2 inD cyc=               53646 op=5 src=288
L2 inA cyc=               53783 op=4 addr=80001000 src=  0 size=3 wait=    0 mshr= 0
L2 inD cyc=               53787 op=1 src=  0
L2 inA cyc=               53938 op=4 addr=80001000 src=  0 size=3 wait=    0 mshr= 0
L2 inD cyc=               53942 op=1 src=  0
L2 inA cyc=               54093 op=4 addr=80001000 src=  0 size=3 wait=    0 mshr= 0
L2 inD cyc=               54097 op=1 src=  0
L2 inA cyc=               54248 op=4 addr=80001000 src=  0 size=3 wait=    0 mshr= 0
L2 inD cyc=               54252 op=1 src=  0
L2 inA cyc=               54403 op=4 addr=80001000 src=  0 size=3 wait=    0 mshr= 0
L2 inD cyc=               54407 op=1 src=  0
L2 inA cyc=               54558 op=4 addr=80001000 src=  0 size=3 wait=    0 mshr= 0
L2 inD cyc=               54562 op=1 src=  0
L2 inA cyc=               54713 op=4 addr=80001000 src=  0 size=3 wait=    0 mshr= 0
L2 inD cyc=               54717 op=1 src=  0
L2 inA cyc=               54836 op=6 addr=8006c880 src=288 size=6 wait=    0 mshr= 0
L2 outA cyc=               54839 op=6 addr=8006c880
L2 outD cyc=               54840 op=5
L2 outD cyc=               54841 op=5
L2 outD cyc=               54842 op=5
L2 outD cyc=               54843 op=5
L2 outD cyc=               54844 op=5
L2 inD cyc=               54845 op=5 src=288
L2 outD cyc=               54845 op=5
L2 outD cyc=               54846 op=5
L2 inD cyc=               54847 op=5 src=288
L2 outD cyc=               54847 op=5
L2 inD cyc=               54849 op=5 src=288
L2 inD cyc=               54851 op=5 src=288
L2 inA cyc=               54868 op=4 addr=80001000 src=  0 size=3 wait=    0 mshr= 0
L2 inD cyc=               54872 op=1 src=  0
L2 inA cyc=               54920 op=6 addr=80063880 src=288 size=6 wait=    0 mshr= 0
L2 outA cyc=               54923 op=6 addr=80063880
L2 outD cyc=               54924 op=5
L2 outD cyc=               54925 op=5
L2 outD cyc=               54926 op=5
L2 outD cyc=               54927 op=5
L2 outD cyc=               54928 op=5
L2 inD cyc=               54929 op=5 src=288
L2 outD cyc=               54929 op=5
L2 outD cyc=               54930 op=5
L2 inD cyc=               54931 op=5 src=288
L2 outD cyc=               54931 op=5
L2 inD cyc=               54933 op=5 src=288
L2 inD cyc=               54935 op=5 src=288
L2 inD cyc=               54949 op=6 src=288
L2 inA cyc=               54953 op=6 addr=8005a880 src=288 size=6 wait=    0 mshr= 0
L2 outA cyc=               54956 op=6 addr=8005a880
L2 outD cyc=               54957 op=5
L2 outD cyc=               54958 op=5
L2 outD cyc=               54959 op=5
L2 outD cyc=               54960 op=5
L2 outD cyc=               54961 op=5
L2 inD cyc=               54962 op=5 src=288
L2 outD cyc=               54962 op=5
L2 outD cyc=               54963 op=5
L2 inD cyc=               54964 op=5 src=288
L2 outD cyc=               54964 op=5
L2 inD cyc=               54966 op=5 src=288
L2 inD cyc=               54968 op=5 src=288
L2 inA cyc=               55023 op=4 addr=80001000 src=  0 size=3 wait=    0 mshr= 0
L2 inD cyc=               55027 op=1 src=  0
L2 inD cyc=               55078 op=6 src=288
L2 inA cyc=               55082 op=6 addr=8006c880 src=288 size=6 wait=    0 mshr= 0
L2 inD cyc=               55086 op=5 src=288
L2 inD cyc=               55087 op=5 src=288
L2 inD cyc=               55088 op=5 src=288
L2 inD cyc=               55089 op=5 src=288
L2 inA cyc=               55158 op=6 addr=80063880 src=288 size=6 wait=    0 mshr= 0
L2 inD cyc=               55162 op=5 src=288
L2 inD cyc=               55163 op=5 src=288
L2 inD cyc=               55164 op=5 src=288
L2 inD cyc=               55165 op=5 src=288
L2 inA cyc=               55178 op=4 addr=80001000 src=  0 size=3 wait=    0 mshr= 0
L2 inD cyc=               55182 op=1 src=  0
L2 inA cyc=               55333 op=4 addr=80001000 src=  0 size=3 wait=    0 mshr= 0
L2 inD cyc=               55337 op=1 src=  0
L2 inA cyc=               55488 op=4 addr=80001000 src=  0 size=3 wait=    0 mshr= 0
L2 inD cyc=               55492 op=1 src=  0
L2 inA cyc=               55643 op=4 addr=80001000 src=  0 size=3 wait=    0 mshr= 0
L2 inD cyc=               55647 op=1 src=  0
L2 inA cyc=               55798 op=4 addr=80001000 src=  0 size=3 wait=    0 mshr= 0
L2 inD cyc=               55802 op=1 src=  0
L2 inA cyc=               55953 op=4 addr=80001000 src=  0 size=3 wait=    0 mshr= 0
L2 inD cyc=               55957 op=1 src=  0
L2 inA cyc=               56108 op=4 addr=80001000 src=  0 size=3 wait=    0 mshr= 0
L2 inD cyc=               56112 op=1 src=  0
L2 inA cyc=               56263 op=4 addr=80001000 src=  0 size=3 wait=    0 mshr= 0
L2 inD cyc=               56267 op=1 src=  0
L2 inA cyc=               56285 op=6 addr=8006c8c0 src=288 size=6 wait=    0 mshr= 0
L2 outA cyc=               56288 op=6 addr=8006c8c0
L2 outD cyc=               56289 op=5
L2 outD cyc=               56290 op=5
L2 outD cyc=               56291 op=5
L2 outD cyc=               56292 op=5
L2 outD cyc=               56293 op=5
L2 inD cyc=               56294 op=5 src=288
L2 outD cyc=               56294 op=5
L2 outD cyc=               56295 op=5
L2 inD cyc=               56296 op=5 src=288
L2 outD cyc=               56296 op=5
L2 inD cyc=               56298 op=5 src=288
L2 inD cyc=               56300 op=5 src=288
L2 inA cyc=               56370 op=6 addr=800638c0 src=288 size=6 wait=    0 mshr= 0
L2 outA cyc=               56373 op=6 addr=800638c0
L2 outD cyc=               56374 op=5
L2 outD cyc=               56375 op=5
L2 outD cyc=               56376 op=5
L2 outD cyc=               56377 op=5
L2 outD cyc=               56378 op=5
L2 inD cyc=               56379 op=5 src=288
L2 outD cyc=               56379 op=5
L2 outD cyc=               56380 op=5
L2 inD cyc=               56381 op=5 src=288
L2 outD cyc=               56381 op=5
L2 inD cyc=               56383 op=5 src=288
L2 inD cyc=               56385 op=5 src=288
L2 inA cyc=               56391 op=6 addr=8005a8c0 src=288 size=6 wait=    0 mshr= 0
L2 outA cyc=               56394 op=6 addr=8005a8c0
L2 outD cyc=               56395 op=5
L2 outD cyc=               56396 op=5
L2 outD cyc=               56397 op=5
L2 outD cyc=               56398 op=5
L2 outD cyc=               56399 op=5
L2 inD cyc=               56400 op=5 src=288
L2 outD cyc=               56400 op=5
L2 outD cyc=               56401 op=5
L2 inD cyc=               56402 op=5 src=288
L2 outD cyc=               56402 op=5
L2 inD cyc=               56404 op=5 src=288
L2 inD cyc=               56406 op=5 src=288
L2 inA cyc=               56418 op=4 addr=80001000 src=  0 size=3 wait=    0 mshr= 0
L2 inD cyc=               56422 op=1 src=  0
L2 inA cyc=               56573 op=4 addr=80001000 src=  0 size=3 wait=    0 mshr= 0
L2 inD cyc=               56577 op=1 src=  0
L2 inA cyc=               56728 op=4 addr=80001000 src=  0 size=3 wait=    0 mshr= 0
L2 inD cyc=               56732 op=1 src=  0
L2 inA cyc=               56883 op=4 addr=80001000 src=  0 size=3 wait=    0 mshr= 0
L2 inD cyc=               56887 op=1 src=  0
L2 inA cyc=               57038 op=4 addr=80001000 src=  0 size=3 wait=    0 mshr= 0
L2 inD cyc=               57042 op=1 src=  0
L2 inA cyc=               57193 op=4 addr=80001000 src=  0 size=3 wait=    0 mshr= 0
L2 inD cyc=               57197 op=1 src=  0
L2 inA cyc=               57348 op=4 addr=80001000 src=  0 size=3 wait=    0 mshr= 0
L2 inD cyc=               57352 op=1 src=  0
L2 inA cyc=               57503 op=4 addr=80001000 src=  0 size=3 wait=    0 mshr= 0
L2 inD cyc=               57507 op=1 src=  0
L2 inA cyc=               57658 op=4 addr=80001000 src=  0 size=3 wait=    0 mshr= 0
L2 inD cyc=               57662 op=1 src=  0
L2 inA cyc=               57692 op=6 addr=8006c900 src=288 size=6 wait=    0 mshr= 0
L2 outA cyc=               57695 op=6 addr=8006c900
L2 outD cyc=               57696 op=5
L2 outD cyc=               57697 op=5
L2 outD cyc=               57698 op=5
L2 outD cyc=               57699 op=5
L2 outD cyc=               57700 op=5
L2 inD cyc=               57701 op=5 src=288
L2 outD cyc=               57701 op=5
L2 outD cyc=               57702 op=5
L2 inD cyc=               57703 op=5 src=288
L2 outD cyc=               57703 op=5
L2 inD cyc=               57705 op=5 src=288
L2 inD cyc=               57707 op=5 src=288
L2 inD cyc=               57785 op=6 src=288
L2 inA cyc=               57789 op=6 addr=80063900 src=288 size=6 wait=    0 mshr= 0
L2 outA cyc=               57792 op=6 addr=80063900
L2 outD cyc=               57793 op=5
L2 outD cyc=               57794 op=5
L2 outD cyc=               57795 op=5
L2 outD cyc=               57796 op=5
L2 outD cyc=               57797 op=5
L2 inD cyc=               57798 op=5 src=288
L2 outD cyc=               57798 op=5
L2 outD cyc=               57799 op=5
L2 inD cyc=               57800 op=5 src=288
L2 outD cyc=               57800 op=5
L2 inD cyc=               57802 op=5 src=288
L2 inD cyc=               57804 op=5 src=288
L2 inA cyc=               57810 op=6 addr=8005a900 src=288 size=6 wait=    0 mshr= 0
L2 inA cyc=               57813 op=4 addr=80001000 src=  0 size=3 wait=    0 mshr= 1
L2 outA cyc=               57813 op=6 addr=8005a900
L2 outD cyc=               57814 op=5
L2 outD cyc=               57815 op=5
L2 outD cyc=               57816 op=5
L2 outD cyc=               57817 op=5
L2 inD cyc=               57818 op=1 src=  0
L2 outD cyc=               57818 op=5
L2 inD cyc=               57819 op=5 src=288
L2 outD cyc=               57819 op=5
L2 outD cyc=               57820 op=5
L2 inD cyc=               57821 op=5 src=288
L2 outD cyc=               57821 op=5
L2 inD cyc=               57823 op=5 src=288
L2 inD cyc=               57825 op=5 src=288
L2 inA cyc=               57930 op=6 addr=8006c900 src=288 size=6 wait=    0 mshr= 0
L2 inD cyc=               57934 op=5 src=288
L2 inD cyc=               57935 op=5 src=288
L2 inD cyc=               57936 op=5 src=288
L2 inD cyc=               57937 op=5 src=288
L2 inA cyc=               57968 op=4 addr=80001000 src=  0 size=3 wait=    0 mshr= 0
L2 inD cyc=               57972 op=1 src=  0
L2 inA cyc=               58123 op=4 addr=80001000 src=  0 size=3 wait=    0 mshr= 0
L2 inD cyc=               58127 op=1 src=  0
L2 inA cyc=               58278 op=4 addr=80001000 src=  0 size=3 wait=    0 mshr= 0
L2 inD cyc=               58282 op=1 src=  0
L2 inA cyc=               58433 op=4 addr=80001000 src=  0 size=3 wait=    0 mshr= 0
L2 inD cyc=               58437 op=1 src=  0
L2 inA cyc=               58588 op=4 addr=80001000 src=  0 size=3 wait=    0 mshr= 0
L2 inD cyc=               58592 op=1 src=  0
L2 inA cyc=               58743 op=4 addr=80001000 src=  0 size=3 wait=    0 mshr= 0
L2 inD cyc=               58747 op=1 src=  0
L2 inA cyc=               58898 op=4 addr=80001000 src=  0 size=3 wait=    0 mshr= 0
L2 inD cyc=               58902 op=1 src=  0
L2 inA cyc=               59053 op=4 addr=80001000 src=  0 size=3 wait=    0 mshr= 0
L2 inD cyc=               59057 op=1 src=  0
L2 inA cyc=               59134 op=6 addr=8006c940 src=288 size=6 wait=    0 mshr= 0
L2 outA cyc=               59137 op=6 addr=8006c940
L2 outD cyc=               59138 op=5
L2 outD cyc=               59139 op=5
L2 outD cyc=               59140 op=5
L2 outD cyc=               59141 op=5
L2 outD cyc=               59142 op=5
L2 inD cyc=               59143 op=5 src=288
L2 outD cyc=               59143 op=5
L2 outD cyc=               59144 op=5
L2 inD cyc=               59145 op=5 src=288
L2 outD cyc=               59145 op=5
L2 inD cyc=               59147 op=5 src=288
L2 inD cyc=               59149 op=5 src=288
L2 inA cyc=               59208 op=4 addr=80001000 src=  0 size=3 wait=    0 mshr= 0
L2 inD cyc=               59212 op=1 src=  0
L2 inA cyc=               59218 op=6 addr=80063940 src=288 size=6 wait=    0 mshr= 0
L2 outA cyc=               59221 op=6 addr=80063940
L2 outD cyc=               59222 op=5
L2 outD cyc=               59223 op=5
L2 outD cyc=               59224 op=5
L2 outD cyc=               59225 op=5
L2 outD cyc=               59226 op=5
L2 inD cyc=               59227 op=5 src=288
L2 outD cyc=               59227 op=5
L2 outD cyc=               59228 op=5
L2 inD cyc=               59229 op=5 src=288
L2 outD cyc=               59229 op=5
L2 inD cyc=               59231 op=5 src=288
L2 inD cyc=               59233 op=5 src=288
L2 inA cyc=               59239 op=6 addr=8005a940 src=288 size=6 wait=    0 mshr= 0
L2 outA cyc=               59242 op=6 addr=8005a940
L2 outD cyc=               59243 op=5
L2 outD cyc=               59244 op=5
L2 outD cyc=               59245 op=5
L2 outD cyc=               59246 op=5
L2 outD cyc=               59247 op=5
L2 inD cyc=               59248 op=5 src=288
L2 outD cyc=               59248 op=5
L2 outD cyc=               59249 op=5
L2 inD cyc=               59250 op=5 src=288
L2 outD cyc=               59250 op=5
L2 inD cyc=               59252 op=5 src=288
L2 inD cyc=               59254 op=5 src=288
L2 inA cyc=               59363 op=4 addr=80001000 src=  0 size=3 wait=    0 mshr= 0
L2 inD cyc=               59367 op=1 src=  0
L2 inA cyc=               59518 op=4 addr=80001000 src=  0 size=3 wait=    0 mshr= 0
L2 inD cyc=               59522 op=1 src=  0
L2 inA cyc=               59673 op=4 addr=80001000 src=  0 size=3 wait=    0 mshr= 0
L2 inD cyc=               59677 op=1 src=  0
L2 inA cyc=               59828 op=4 addr=80001000 src=  0 size=3 wait=    0 mshr= 0
L2 inD cyc=               59832 op=1 src=  0
L2 inA cyc=               59983 op=4 addr=80001000 src=  0 size=3 wait=    0 mshr= 0
L2 inD cyc=               59987 op=1 src=  0
L2 inA cyc=               60138 op=4 addr=80001000 src=  0 size=3 wait=    0 mshr= 0
L2 inD cyc=               60142 op=1 src=  0
L2 inA cyc=               60293 op=4 addr=80001000 src=  0 size=3 wait=    0 mshr= 0
L2 inD cyc=               60297 op=1 src=  0
L2 inA cyc=               60448 op=4 addr=80001000 src=  0 size=3 wait=    0 mshr= 0
L2 inD cyc=               60452 op=1 src=  0
L2 inA cyc=               60540 op=6 addr=8006c980 src=288 size=6 wait=    0 mshr= 0
L2 outA cyc=               60543 op=6 addr=8006c980
L2 outD cyc=               60544 op=5
L2 outD cyc=               60545 op=5
L2 outD cyc=               60546 op=5
L2 outD cyc=               60547 op=5
L2 outD cyc=               60548 op=5
L2 inD cyc=               60549 op=5 src=288
L2 outD cyc=               60549 op=5
L2 outD cyc=               60550 op=5
L2 inD cyc=               60551 op=5 src=288
L2 outD cyc=               60551 op=5
L2 inD cyc=               60553 op=5 src=288
L2 inD cyc=               60555 op=5 src=288
L2 inA cyc=               60603 op=4 addr=80001000 src=  0 size=3 wait=    0 mshr= 0
L2 inD cyc=               60607 op=1 src=  0
L2 inA cyc=               60625 op=6 addr=80063980 src=288 size=6 wait=    0 mshr= 0
L2 outA cyc=               60635 op=6 addr=80063980
L2 outC cyc=               60636 op=6 addr=80003980
L2 outD cyc=               60636 op=5
L2 outD cyc=               60637 op=5
L2 outD cyc=               60638 op=5
L2 outD cyc=               60639 op=5
L2 outD cyc=               60640 op=5
L2 inD cyc=               60641 op=5 src=288
L2 outD cyc=               60641 op=5
L2 outD cyc=               60642 op=5
L2 inD cyc=               60643 op=5 src=288
L2 outD cyc=               60643 op=5
L2 outD cyc=               60644 op=6
L2 inD cyc=               60645 op=5 src=288
L2 inD cyc=               60647 op=5 src=288
L2 inD cyc=               60661 op=6 src=288
L2 inA cyc=               60665 op=6 addr=8005a980 src=288 size=6 wait=    0 mshr= 0
L2 outA cyc=               60668 op=6 addr=8005a980
L2 outD cyc=               60669 op=5
L2 outD cyc=               60670 op=5
L2 outD cyc=               60671 op=5
L2 outD cyc=               60672 op=5
L2 outD cyc=               60673 op=5
L2 inD cyc=               60674 op=5 src=288
L2 outD cyc=               60674 op=5
L2 outD cyc=               60675 op=5
L2 inD cyc=               60676 op=5 src=288
L2 outD cyc=               60676 op=5
L2 inD cyc=               60678 op=5 src=288
L2 inD cyc=               60680 op=5 src=288
L2 inA cyc=               60758 op=4 addr=80001000 src=  0 size=3 wait=    0 mshr= 0
L2 inD cyc=               60762 op=1 src=  0
L2 inD cyc=               60793 op=6 src=288
L2 inA cyc=               60797 op=6 addr=8006c980 src=288 size=6 wait=    0 mshr= 0
L2 inD cyc=               60801 op=5 src=288
L2 inD cyc=               60802 op=5 src=288
L2 inD cyc=               60803 op=5 src=288
L2 inD cyc=               60804 op=5 src=288
L2 inA cyc=               60873 op=6 addr=80063980 src=288 size=6 wait=    0 mshr= 0
L2 inD cyc=               60877 op=5 src=288
L2 inD cyc=               60878 op=5 src=288
L2 inD cyc=               60879 op=5 src=288
L2 inD cyc=               60880 op=5 src=288
L2 inA cyc=               60913 op=4 addr=80001000 src=  0 size=3 wait=    0 mshr= 0
L2 inD cyc=               60917 op=1 src=  0
L2 inA cyc=               61068 op=4 addr=80001000 src=  0 size=3 wait=    0 mshr= 0
L2 inD cyc=               61072 op=1 src=  0
L2 inA cyc=               61223 op=4 addr=80001000 src=  0 size=3 wait=    0 mshr= 0
L2 inD cyc=               61227 op=1 src=  0
L2 inA cyc=               61378 op=4 addr=80001000 src=  0 size=3 wait=    0 mshr= 0
L2 inD cyc=               61382 op=1 src=  0
L2 inA cyc=               61533 op=4 addr=80001000 src=  0 size=3 wait=    0 mshr= 0
L2 inD cyc=               61537 op=1 src=  0
L2 inA cyc=               61688 op=4 addr=80001000 src=  0 size=3 wait=    0 mshr= 0
L2 inD cyc=               61692 op=1 src=  0
L2 inA cyc=               61843 op=4 addr=80001000 src=  0 size=3 wait=    0 mshr= 0
L2 inD cyc=               61847 op=1 src=  0
L2 inA cyc=               61998 op=4 addr=80001000 src=  0 size=3 wait=    0 mshr= 0
L2 inA cyc=               62002 op=6 addr=8006c9c0 src=288 size=6 wait=    0 mshr= 0
L2 inD cyc=               62002 op=1 src=  0
L2 outA cyc=               62005 op=6 addr=8006c9c0
L2 outD cyc=               62006 op=5
L2 outD cyc=               62007 op=5
L2 outD cyc=               62008 op=5
L2 outD cyc=               62009 op=5
L2 outD cyc=               62010 op=5
L2 inD cyc=               62011 op=5 src=288
L2 outD cyc=               62011 op=5
L2 outD cyc=               62012 op=5
L2 inD cyc=               62013 op=5 src=288
L2 outD cyc=               62013 op=5
L2 inD cyc=               62015 op=5 src=288
L2 inD cyc=               62017 op=5 src=288
L2 inA cyc=               62086 op=6 addr=800639c0 src=288 size=6 wait=    0 mshr= 0
L2 outA cyc=               62089 op=6 addr=800639c0
L2 outD cyc=               62090 op=5
L2 outD cyc=               62091 op=5
L2 outD cyc=               62092 op=5
L2 outD cyc=               62093 op=5
L2 outD cyc=               62094 op=5
L2 inD cyc=               62095 op=5 src=288
L2 outD cyc=               62095 op=5
L2 outD cyc=               62096 op=5
L2 inD cyc=               62097 op=5 src=288
L2 outD cyc=               62097 op=5
L2 inD cyc=               62099 op=5 src=288
L2 inD cyc=               62101 op=5 src=288
L2 inA cyc=               62107 op=6 addr=8005a9c0 src=288 size=6 wait=    0 mshr= 0
L2 outA cyc=               62110 op=6 addr=8005a9c0
L2 outD cyc=               62111 op=5
L2 outD cyc=               62112 op=5
L2 outD cyc=               62113 op=5
L2 outD cyc=               62114 op=5
L2 outD cyc=               62115 op=5
L2 inD cyc=               62116 op=5 src=288
L2 outD cyc=               62116 op=5
L2 outD cyc=               62117 op=5
L2 inD cyc=               62118 op=5 src=288
L2 outD cyc=               62118 op=5
L2 inD cyc=               62120 op=5 src=288
L2 inD cyc=               62122 op=5 src=288
L2 inA cyc=               62153 op=4 addr=80001000 src=  0 size=3 wait=    0 mshr= 0
L2 inD cyc=               62157 op=1 src=  0
L2 inA cyc=               62308 op=4 addr=80001000 src=  0 size=3 wait=    0 mshr= 0
L2 inD cyc=               62312 op=1 src=  0
L2 inA cyc=               62463 op=4 addr=80001000 src=  0 size=3 wait=    0 mshr= 0
L2 inD cyc=               62467 op=1 src=  0
L2 inA cyc=               62618 op=4 addr=80001000 src=  0 size=3 wait=    0 mshr= 0
L2 inD cyc=               62622 op=1 src=  0
L2 inA cyc=               62773 op=4 addr=80001000 src=  0 size=3 wait=    0 mshr= 0
L2 inD cyc=               62777 op=1 src=  0
L2 inA cyc=               62928 op=4 addr=80001000 src=  0 size=3 wait=    0 mshr= 0
L2 inD cyc=               62932 op=1 src=  0
L2 inA cyc=               63083 op=4 addr=80001000 src=  0 size=3 wait=    0 mshr= 0
L2 inD cyc=               63087 op=1 src=  0
L2 inA cyc=               63238 op=4 addr=80001000 src=  0 size=3 wait=    0 mshr= 0
L2 inD cyc=               63242 op=1 src=  0
L2 inA cyc=               63393 op=4 addr=80001000 src=  0 size=3 wait=    0 mshr= 0
L2 inD cyc=               63397 op=1 src=  0
L2 inA cyc=               63407 op=6 addr=8006ca00 src=288 size=6 wait=    0 mshr= 0
L2 outA cyc=               63410 op=6 addr=8006ca00
L2 outD cyc=               63411 op=5
L2 outD cyc=               63412 op=5
L2 outD cyc=               63413 op=5
L2 outD cyc=               63414 op=5
L2 outD cyc=               63415 op=5
L2 inD cyc=               63416 op=5 src=288
L2 outD cyc=               63416 op=5
L2 outD cyc=               63417 op=5
L2 inD cyc=               63418 op=5 src=288
L2 outD cyc=               63418 op=5
L2 inD cyc=               63420 op=5 src=288
L2 inD cyc=               63422 op=5 src=288
L2 inA cyc=               63492 op=6 addr=80063a00 src=288 size=6 wait=    0 mshr= 0
L2 outA cyc=               63495 op=6 addr=80063a00
L2 outD cyc=               63496 op=5
L2 outD cyc=               63497 op=5
L2 outD cyc=               63498 op=5
L2 outD cyc=               63499 op=5
L2 outD cyc=               63500 op=5
L2 inD cyc=               63501 op=5 src=288
L2 outD cyc=               63501 op=5
L2 outD cyc=               63502 op=5
L2 inD cyc=               63503 op=5 src=288
L2 outD cyc=               63503 op=5
L2 inD cyc=               63505 op=5 src=288
L2 inD cyc=               63507 op=5 src=288
L2 inA cyc=               63513 op=6 addr=8005aa00 src=288 size=6 wait=    0 mshr= 0
L2 outA cyc=               63516 op=6 addr=8005aa00
L2 outD cyc=               63517 op=5
L2 outD cyc=               63518 op=5
L2 outD cyc=               63519 op=5
L2 outD cyc=               63520 op=5
L2 outD cyc=               63521 op=5
L2 inD cyc=               63522 op=5 src=288
L2 outD cyc=               63522 op=5
L2 outD cyc=               63523 op=5
L2 inD cyc=               63524 op=5 src=288
L2 outD cyc=               63524 op=5
L2 inD cyc=               63526 op=5 src=288
L2 inD cyc=               63528 op=5 src=288
L2 inA cyc=               63548 op=4 addr=80001000 src=  0 size=3 wait=    0 mshr= 0
L2 inD cyc=               63552 op=1 src=  0
L2 inA cyc=               63703 op=4 addr=80001000 src=  0 size=3 wait=    0 mshr= 0
L2 inD cyc=               63707 op=1 src=  0
L2 inA cyc=               63858 op=4 addr=80001000 src=  0 size=3 wait=    0 mshr= 0
L2 inD cyc=               63862 op=1 src=  0
L2 inA cyc=               64013 op=4 addr=80001000 src=  0 size=3 wait=    0 mshr= 0
L2 inD cyc=               64017 op=1 src=  0
L2 inA cyc=               64168 op=4 addr=80001000 src=  0 size=3 wait=    0 mshr= 0
L2 inD cyc=               64172 op=1 src=  0
L2 inA cyc=               64323 op=4 addr=80001000 src=  0 size=3 wait=    0 mshr= 0
L2 inD cyc=               64327 op=1 src=  0
L2 inA cyc=               64478 op=4 addr=80001000 src=  0 size=3 wait=    0 mshr= 0
L2 inD cyc=               64482 op=1 src=  0
L2 inA cyc=               64633 op=4 addr=80001000 src=  0 size=3 wait=    0 mshr= 0
L2 inD cyc=               64637 op=1 src=  0
L2 inA cyc=               64788 op=4 addr=80001000 src=  0 size=3 wait=    0 mshr= 0
L2 inD cyc=               64792 op=1 src=  0
L2 inA cyc=               64814 op=6 addr=8006ca40 src=288 size=6 wait=    0 mshr= 0
L2 outA cyc=               64817 op=6 addr=8006ca40
L2 outD cyc=               64818 op=5
L2 outD cyc=               64819 op=5
L2 outD cyc=               64820 op=5
L2 outD cyc=               64821 op=5
L2 outD cyc=               64822 op=5
L2 inD cyc=               64823 op=5 src=288
L2 outD cyc=               64823 op=5
L2 outD cyc=               64824 op=5
L2 inD cyc=               64825 op=5 src=288
L2 outD cyc=               64825 op=5
L2 inD cyc=               64827 op=5 src=288
L2 inD cyc=               64829 op=5 src=288
L2 inA cyc=               64899 op=6 addr=80063a40 src=288 size=6 wait=    0 mshr= 0
L2 outA cyc=               64902 op=6 addr=80063a40
L2 outD cyc=               64903 op=5
L2 outD cyc=               64904 op=5
L2 outD cyc=               64905 op=5
L2 outD cyc=               64906 op=5
L2 outD cyc=               64907 op=5
L2 inD cyc=               64908 op=5 src=288
L2 outD cyc=               64908 op=5
L2 outD cyc=               64909 op=5
L2 inD cyc=               64910 op=5 src=288
L2 outD cyc=               64910 op=5
L2 inD cyc=               64912 op=5 src=288
L2 inD cyc=               64914 op=5 src=288
L2 inA cyc=               64920 op=6 addr=8005aa40 src=288 size=6 wait=    0 mshr= 0
L2 outA cyc=               64923 op=6 addr=8005aa40
L2 outD cyc=               64924 op=5
L2 outD cyc=               64925 op=5
L2 outD cyc=               64926 op=5
L2 outD cyc=               64927 op=5
L2 outD cyc=               64928 op=5
L2 inD cyc=               64929 op=5 src=288
L2 outD cyc=               64929 op=5
L2 outD cyc=               64930 op=5
L2 inD cyc=               64931 op=5 src=288
L2 outD cyc=               64931 op=5
L2 inD cyc=               64933 op=5 src=288
L2 inD cyc=               64935 op=5 src=288
L2 inA cyc=               64943 op=4 addr=80001000 src=  0 size=3 wait=    0 mshr= 0
L2 inD cyc=               64947 op=1 src=  0
L2 inA cyc=               65098 op=4 addr=80001000 src=  0 size=3 wait=    0 mshr= 0
L2 inD cyc=               65102 op=1 src=  0
L2 inA cyc=               65253 op=4 addr=80001000 src=  0 size=3 wait=    0 mshr= 0
L2 inD cyc=               65257 op=1 src=  0
L2 inA cyc=               65408 op=4 addr=80001000 src=  0 size=3 wait=    0 mshr= 0
L2 inD cyc=               65412 op=1 src=  0
L2 inA cyc=               65563 op=4 addr=80001000 src=  0 size=3 wait=    0 mshr= 0
L2 inD cyc=               65567 op=1 src=  0
L2 inA cyc=               65718 op=4 addr=80001000 src=  0 size=3 wait=    0 mshr= 0
L2 inD cyc=               65722 op=1 src=  0
L2 inA cyc=               65873 op=4 addr=80001000 src=  0 size=3 wait=    0 mshr= 0
L2 inD cyc=               65877 op=1 src=  0
L2 inA cyc=               66028 op=4 addr=80001000 src=  0 size=3 wait=    0 mshr= 0
L2 inD cyc=               66032 op=1 src=  0
L2 inA cyc=               66183 op=4 addr=80001000 src=  0 size=3 wait=    0 mshr= 0
L2 inD cyc=               66187 op=1 src=  0
L2 inA cyc=               66223 op=6 addr=8006ca80 src=288 size=6 wait=    0 mshr= 0
L2 outA cyc=               66226 op=6 addr=8006ca80
L2 outD cyc=               66227 op=5
L2 outD cyc=               66228 op=5
L2 outD cyc=               66229 op=5
L2 outD cyc=               66230 op=5
L2 outD cyc=               66231 op=5
L2 inD cyc=               66232 op=5 src=288
L2 outD cyc=               66232 op=5
L2 outD cyc=               66233 op=5
L2 inD cyc=               66234 op=5 src=288
L2 outD cyc=               66234 op=5
L2 inD cyc=               66236 op=5 src=288
L2 inD cyc=               66238 op=5 src=288
L2 inD cyc=               66316 op=6 src=288
L2 inA cyc=               66320 op=6 addr=80063a80 src=288 size=6 wait=    0 mshr= 0
L2 outA cyc=               66323 op=6 addr=80063a80
L2 outD cyc=               66324 op=5
L2 outD cyc=               66325 op=5
L2 outD cyc=               66326 op=5
L2 outD cyc=               66327 op=5
L2 outD cyc=               66328 op=5
L2 inD cyc=               66329 op=5 src=288
L2 outD cyc=               66329 op=5
L2 outD cyc=               66330 op=5
L2 inD cyc=               66331 op=5 src=288
L2 outD cyc=               66331 op=5
L2 inD cyc=               66333 op=5 src=288
L2 inD cyc=               66335 op=5 src=288
L2 inA cyc=               66338 op=4 addr=80001000 src=  0 size=3 wait=    0 mshr= 0
L2 inD cyc=               66342 op=1 src=  0
L2 inD cyc=               66349 op=6 src=288
L2 inA cyc=               66353 op=6 addr=8005aa80 src=288 size=6 wait=    0 mshr= 0
L2 outA cyc=               66356 op=6 addr=8005aa80
L2 outD cyc=               66357 op=5
L2 outD cyc=               66358 op=5
L2 outD cyc=               66359 op=5
L2 outD cyc=               66360 op=5
L2 outD cyc=               66361 op=5
L2 inD cyc=               66362 op=5 src=288
L2 outD cyc=               66362 op=5
L2 outD cyc=               66363 op=5
L2 inD cyc=               66364 op=5 src=288
L2 outD cyc=               66364 op=5
L2 inD cyc=               66366 op=5 src=288
L2 inD cyc=               66368 op=5 src=288
L2 inA cyc=               66473 op=6 addr=8006ca80 src=288 size=6 wait=    0 mshr= 0
L2 inD cyc=               66477 op=5 src=288
L2 inD cyc=               66478 op=5 src=288
L2 inD cyc=               66479 op=5 src=288
L2 inD cyc=               66480 op=5 src=288
L2 inA cyc=               66493 op=4 addr=80001000 src=  0 size=3 wait=    0 mshr= 0
L2 inD cyc=               66497 op=1 src=  0
L2 inA cyc=               66549 op=6 addr=80063a80 src=288 size=6 wait=    0 mshr= 0
L2 inD cyc=               66553 op=5 src=288
L2 inD cyc=               66554 op=5 src=288
L2 inD cyc=               66555 op=5 src=288
L2 inD cyc=               66556 op=5 src=288
L2 inA cyc=               66648 op=4 addr=80001000 src=  0 size=3 wait=    0 mshr= 0
L2 inD cyc=               66652 op=1 src=  0
L2 inA cyc=               66803 op=4 addr=80001000 src=  0 size=3 wait=    0 mshr= 0
L2 inD cyc=               66807 op=1 src=  0
L2 inA cyc=               66958 op=4 addr=80001000 src=  0 size=3 wait=    0 mshr= 0
L2 inD cyc=               66962 op=1 src=  0
L2 inA cyc=               67113 op=4 addr=80001000 src=  0 size=3 wait=    0 mshr= 0
L2 inD cyc=               67117 op=1 src=  0
L2 inA cyc=               67268 op=4 addr=80001000 src=  0 size=3 wait=    0 mshr= 0
L2 inD cyc=               67272 op=1 src=  0
L2 inA cyc=               67423 op=4 addr=80001000 src=  0 size=3 wait=    0 mshr= 0
L2 inD cyc=               67427 op=1 src=  0
L2 inA cyc=               67578 op=4 addr=80001000 src=  0 size=3 wait=    0 mshr= 0
L2 inD cyc=               67582 op=1 src=  0
L2 inA cyc=               67678 op=6 addr=8006cac0 src=288 size=6 wait=    0 mshr= 0
L2 outA cyc=               67681 op=6 addr=8006cac0
L2 outD cyc=               67682 op=5
L2 outD cyc=               67683 op=5
L2 outD cyc=               67684 op=5
L2 outD cyc=               67685 op=5
L2 outD cyc=               67686 op=5
L2 inD cyc=               67687 op=5 src=288
L2 outD cyc=               67687 op=5
L2 outD cyc=               67688 op=5
L2 inD cyc=               67689 op=5 src=288
L2 outD cyc=               67689 op=5
L2 inD cyc=               67691 op=5 src=288
L2 inD cyc=               67693 op=5 src=288
L2 inA cyc=               67733 op=4 addr=80001000 src=  0 size=3 wait=    0 mshr= 0
L2 inD cyc=               67737 op=1 src=  0
L2 inA cyc=               67762 op=6 addr=80063ac0 src=288 size=6 wait=    0 mshr= 0
L2 outA cyc=               67765 op=6 addr=80063ac0
L2 outD cyc=               67766 op=5
L2 outD cyc=               67767 op=5
L2 outD cyc=               67768 op=5
L2 outD cyc=               67769 op=5
L2 outD cyc=               67770 op=5
L2 inD cyc=               67771 op=5 src=288
L2 outD cyc=               67771 op=5
L2 outD cyc=               67772 op=5
L2 inD cyc=               67773 op=5 src=288
L2 outD cyc=               67773 op=5
L2 inD cyc=               67775 op=5 src=288
L2 inD cyc=               67777 op=5 src=288
L2 inA cyc=               67783 op=6 addr=8005aac0 src=288 size=6 wait=    0 mshr= 0
L2 outA cyc=               67786 op=6 addr=8005aac0
L2 outD cyc=               67787 op=5
L2 outD cyc=               67788 op=5
L2 outD cyc=               67789 op=5
L2 outD cyc=               67790 op=5
L2 outD cyc=               67791 op=5
L2 inD cyc=               67792 op=5 src=288
L2 outD cyc=               67792 op=5
L2 outD cyc=               67793 op=5
L2 inD cyc=               67794 op=5 src=288
L2 outD cyc=               67794 op=5
L2 inD cyc=               67796 op=5 src=288
L2 inD cyc=               67798 op=5 src=288
L2 inA cyc=               67888 op=4 addr=80001000 src=  0 size=3 wait=    0 mshr= 0
L2 inD cyc=               67892 op=1 src=  0
L2 inA cyc=               68043 op=4 addr=80001000 src=  0 size=3 wait=    0 mshr= 0
L2 inD cyc=               68047 op=1 src=  0
L2 inA cyc=               68198 op=4 addr=80001000 src=  0 size=3 wait=    0 mshr= 0
L2 inD cyc=               68202 op=1 src=  0
L2 inA cyc=               68353 op=4 addr=80001000 src=  0 size=3 wait=    0 mshr= 0
L2 inD cyc=               68357 op=1 src=  0
L2 inA cyc=               68508 op=4 addr=80001000 src=  0 size=3 wait=    0 mshr= 0
L2 inD cyc=               68512 op=1 src=  0
L2 inA cyc=               68663 op=4 addr=80001000 src=  0 size=3 wait=    0 mshr= 0
L2 inD cyc=               68667 op=1 src=  0
L2 inA cyc=               68818 op=4 addr=80001000 src=  0 size=3 wait=    0 mshr= 0
L2 inD cyc=               68822 op=1 src=  0
L2 inA cyc=               68973 op=4 addr=80001000 src=  0 size=3 wait=    0 mshr= 0
L2 inD cyc=               68977 op=1 src=  0
L2 inA cyc=               69083 op=6 addr=8006cb00 src=288 size=6 wait=    0 mshr= 0
L2 outA cyc=               69086 op=6 addr=8006cb00
L2 outD cyc=               69087 op=5
L2 outD cyc=               69088 op=5
L2 outD cyc=               69089 op=5
L2 outD cyc=               69090 op=5
L2 outD cyc=               69091 op=5
L2 inD cyc=               69092 op=5 src=288
L2 outD cyc=               69092 op=5
L2 outD cyc=               69093 op=5
L2 inD cyc=               69094 op=5 src=288
L2 outD cyc=               69094 op=5
L2 inD cyc=               69096 op=5 src=288
L2 inD cyc=               69098 op=5 src=288
L2 inA cyc=               69128 op=4 addr=80001000 src=  0 size=3 wait=    0 mshr= 0
L2 inD cyc=               69132 op=1 src=  0
L2 inD cyc=               69175 op=6 src=288
L2 inA cyc=               69179 op=6 addr=80063b00 src=288 size=6 wait=    0 mshr= 0
L2 outA cyc=               69182 op=6 addr=80063b00
L2 outD cyc=               69183 op=5
L2 outD cyc=               69184 op=5
L2 outD cyc=               69185 op=5
L2 outD cyc=               69186 op=5
L2 outD cyc=               69187 op=5
L2 inD cyc=               69188 op=5 src=288
L2 outD cyc=               69188 op=5
L2 outD cyc=               69189 op=5
L2 inD cyc=               69190 op=5 src=288
L2 outD cyc=               69190 op=5
L2 inD cyc=               69192 op=5 src=288
L2 inD cyc=               69194 op=5 src=288
L2 inA cyc=               69200 op=6 addr=8005ab00 src=288 size=6 wait=    0 mshr= 0
L2 outA cyc=               69203 op=6 addr=8005ab00
L2 outD cyc=               69204 op=5
L2 outD cyc=               69205 op=5
L2 outD cyc=               69206 op=5
L2 outD cyc=               69207 op=5
L2 outD cyc=               69208 op=5
L2 inD cyc=               69209 op=5 src=288
L2 outD cyc=               69209 op=5
L2 outD cyc=               69210 op=5
L2 inD cyc=               69211 op=5 src=288
L2 outD cyc=               69211 op=5
L2 inD cyc=               69213 op=5 src=288
L2 inD cyc=               69215 op=5 src=288
L2 inA cyc=               69283 op=4 addr=80001000 src=  0 size=3 wait=    0 mshr= 0
L2 inD cyc=               69287 op=1 src=  0
L2 inA cyc=               69319 op=6 addr=8006cb00 src=288 size=6 wait=    0 mshr= 0
L2 inD cyc=               69323 op=5 src=288
L2 inD cyc=               69324 op=5 src=288
L2 inD cyc=               69325 op=5 src=288
L2 inD cyc=               69326 op=5 src=288
L2 inA cyc=               69438 op=4 addr=80001000 src=  0 size=3 wait=    0 mshr= 0
L2 inD cyc=               69442 op=1 src=  0
L2 inA cyc=               69593 op=4 addr=80001000 src=  0 size=3 wait=    0 mshr= 0
L2 inD cyc=               69597 op=1 src=  0
L2 inA cyc=               69748 op=4 addr=80001000 src=  0 size=3 wait=    0 mshr= 0
L2 inD cyc=               69752 op=1 src=  0
L2 inA cyc=               69903 op=4 addr=80001000 src=  0 size=3 wait=    0 mshr= 0
L2 inD cyc=               69907 op=1 src=  0
L2 inA cyc=               70058 op=4 addr=80001000 src=  0 size=3 wait=    0 mshr= 0
L2 inD cyc=               70062 op=1 src=  0
L2 inA cyc=               70213 op=4 addr=80001000 src=  0 size=3 wait=    0 mshr= 0
L2 inD cyc=               70217 op=1 src=  0
L2 inA cyc=               70368 op=4 addr=80001000 src=  0 size=3 wait=    0 mshr= 0
L2 inD cyc=               70372 op=1 src=  0
L2 inA cyc=               70512 op=6 addr=8006cb40 src=288 size=6 wait=    0 mshr= 0
L2 outA cyc=               70515 op=6 addr=8006cb40
L2 outD cyc=               70516 op=5
L2 outD cyc=               70517 op=5
L2 outD cyc=               70518 op=5
L2 outD cyc=               70519 op=5
L2 outD cyc=               70520 op=5
L2 inD cyc=               70521 op=5 src=288
L2 outD cyc=               70521 op=5
L2 outD cyc=               70522 op=5
L2 inA cyc=               70523 op=4 addr=80001000 src=  0 size=3 wait=    0 mshr= 1
L2 inD cyc=               70523 op=5 src=288
L2 outD cyc=               70523 op=5
L2 inD cyc=               70525 op=5 src=288
L2 inD cyc=               70527 op=5 src=288
L2 inD cyc=               70528 op=1 src=  0
L2 inA cyc=               70597 op=6 addr=80063b40 src=288 size=6 wait=    0 mshr= 0
L2 outA cyc=               70600 op=6 addr=80063b40
L2 outD cyc=               70601 op=5
L2 outD cyc=               70602 op=5
L2 outD cyc=               70603 op=5
L2 outD cyc=               70604 op=5
L2 outD cyc=               70605 op=5
L2 inD cyc=               70606 op=5 src=288
L2 outD cyc=               70606 op=5
L2 outD cyc=               70607 op=5
L2 inD cyc=               70608 op=5 src=288
L2 outD cyc=               70608 op=5
L2 inD cyc=               70610 op=5 src=288
L2 inD cyc=               70612 op=5 src=288
L2 inA cyc=               70618 op=6 addr=8005ab40 src=288 size=6 wait=    0 mshr= 0
L2 outA cyc=               70621 op=6 addr=8005ab40
L2 outD cyc=               70622 op=5
L2 outD cyc=               70623 op=5
L2 outD cyc=               70624 op=5
L2 outD cyc=               70625 op=5
L2 outD cyc=               70626 op=5
L2 inD cyc=               70627 op=5 src=288
L2 outD cyc=               70627 op=5
L2 outD cyc=               70628 op=5
L2 inD cyc=               70629 op=5 src=288
L2 outD cyc=               70629 op=5
L2 inD cyc=               70631 op=5 src=288
L2 inD cyc=               70633 op=5 src=288
L2 inA cyc=               70678 op=4 addr=80001000 src=  0 size=3 wait=    0 mshr= 0
L2 inD cyc=               70682 op=1 src=  0
L2 inA cyc=               70833 op=4 addr=80001000 src=  0 size=3 wait=    0 mshr= 0
L2 inD cyc=               70837 op=1 src=  0
L2 inA cyc=               70988 op=4 addr=80001000 src=  0 size=3 wait=    0 mshr= 0
L2 inD cyc=               70992 op=1 src=  0
L2 inA cyc=               71143 op=4 addr=80001000 src=  0 size=3 wait=    0 mshr= 0
L2 inD cyc=               71147 op=1 src=  0
L2 inA cyc=               71298 op=4 addr=80001000 src=  0 size=3 wait=    0 mshr= 0
L2 inD cyc=               71302 op=1 src=  0
L2 inA cyc=               71453 op=4 addr=80001000 src=  0 size=3 wait=    0 mshr= 0
L2 inD cyc=               71457 op=1 src=  0
L2 inA cyc=               71608 op=4 addr=80001000 src=  0 size=3 wait=    0 mshr= 0
L2 inD cyc=               71612 op=1 src=  0
L2 inA cyc=               71763 op=4 addr=80001000 src=  0 size=3 wait=    0 mshr= 0
L2 inD cyc=               71767 op=1 src=  0
L2 inA cyc=               71917 op=6 addr=8006cb80 src=288 size=6 wait=    0 mshr= 0
L2 inA cyc=               71918 op=4 addr=80001000 src=  0 size=3 wait=    0 mshr= 1
L2 outA cyc=               71920 op=6 addr=8006cb80
L2 outD cyc=               71921 op=5
L2 inD cyc=               71922 op=1 src=  0
L2 outD cyc=               71922 op=5
L2 outD cyc=               71923 op=5
L2 outD cyc=               71924 op=5
L2 outD cyc=               71925 op=5
L2 inD cyc=               71926 op=5 src=288
L2 outD cyc=               71926 op=5
L2 outD cyc=               71927 op=5
L2 inD cyc=               71928 op=5 src=288
L2 outD cyc=               71928 op=5
L2 inD cyc=               71930 op=5 src=288
L2 inD cyc=               71932 op=5 src=288
L2 inA cyc=               72002 op=6 addr=80063b80 src=288 size=6 wait=    0 mshr= 0
L2 outA cyc=               72005 op=6 addr=80063b80
L2 outD cyc=               72006 op=5
L2 outD cyc=               72007 op=5
L2 outD cyc=               72008 op=5
L2 outD cyc=               72009 op=5
L2 outD cyc=               72010 op=5
L2 inD cyc=               72011 op=5 src=288
L2 outD cyc=               72011 op=5
L2 outD cyc=               72012 op=5
L2 inD cyc=               72013 op=5 src=288
L2 outD cyc=               72013 op=5
L2 inD cyc=               72015 op=5 src=288
L2 inD cyc=               72017 op=5 src=288
L2 inA cyc=               72023 op=6 addr=8005ab80 src=288 size=6 wait=    0 mshr= 0
L2 outA cyc=               72026 op=6 addr=8005ab80
L2 outD cyc=               72027 op=5
L2 outD cyc=               72028 op=5
L2 outD cyc=               72029 op=5
L2 outD cyc=               72030 op=5
L2 outD cyc=               72031 op=5
L2 inD cyc=               72032 op=5 src=288
L2 outD cyc=               72032 op=5
L2 outD cyc=               72033 op=5
L2 inD cyc=               72034 op=5 src=288
L2 outD cyc=               72034 op=5
L2 inD cyc=               72036 op=5 src=288
L2 inD cyc=               72038 op=5 src=288
L2 inA cyc=               72073 op=4 addr=80001000 src=  0 size=3 wait=    0 mshr= 0
L2 inD cyc=               72077 op=1 src=  0
L2 inA cyc=               72228 op=4 addr=80001000 src=  0 size=3 wait=    0 mshr= 0
L2 inD cyc=               72232 op=1 src=  0
L2 inA cyc=               72383 op=4 addr=80001000 src=  0 size=3 wait=    0 mshr= 0
L2 inD cyc=               72387 op=1 src=  0
L2 inA cyc=               72538 op=4 addr=80001000 src=  0 size=3 wait=    0 mshr= 0
L2 inD cyc=               72542 op=1 src=  0
L2 inA cyc=               72693 op=4 addr=80001000 src=  0 size=3 wait=    0 mshr= 0
L2 inD cyc=               72697 op=1 src=  0
L2 inA cyc=               72848 op=4 addr=80001000 src=  0 size=3 wait=    0 mshr= 0
L2 inD cyc=               72852 op=1 src=  0
L2 inA cyc=               73003 op=4 addr=80001000 src=  0 size=3 wait=    0 mshr= 0
L2 inD cyc=               73007 op=1 src=  0
L2 inA cyc=               73158 op=4 addr=80001000 src=  0 size=3 wait=    0 mshr= 0
L2 inD cyc=               73162 op=1 src=  0
L2 inA cyc=               73313 op=4 addr=80001000 src=  0 size=3 wait=    0 mshr= 0
L2 inD cyc=               73317 op=1 src=  0
L2 inA cyc=               73329 op=6 addr=8006cbc0 src=288 size=6 wait=    0 mshr= 0
L2 outA cyc=               73332 op=6 addr=8006cbc0
L2 outD cyc=               73333 op=5
L2 outD cyc=               73334 op=5
L2 outD cyc=               73335 op=5
L2 outD cyc=               73336 op=5
L2 outD cyc=               73337 op=5
L2 inD cyc=               73338 op=5 src=288
L2 outD cyc=               73338 op=5
L2 outD cyc=               73339 op=5
L2 inD cyc=               73340 op=5 src=288
L2 outD cyc=               73340 op=5
L2 inD cyc=               73342 op=5 src=288
L2 inD cyc=               73344 op=5 src=288
L2 inD cyc=               73421 op=6 src=288
L2 inA cyc=               73425 op=6 addr=80063bc0 src=288 size=6 wait=    0 mshr= 0
L2 outA cyc=               73428 op=6 addr=80063bc0
L2 outD cyc=               73429 op=5
L2 outD cyc=               73430 op=5
L2 outD cyc=               73431 op=5
L2 outD cyc=               73432 op=5
L2 outD cyc=               73433 op=5
L2 inD cyc=               73434 op=5 src=288
L2 outD cyc=               73434 op=5
L2 outD cyc=               73435 op=5
L2 inD cyc=               73436 op=5 src=288
L2 outD cyc=               73436 op=5
L2 inD cyc=               73438 op=5 src=288
L2 inD cyc=               73440 op=5 src=288
L2 inA cyc=               73446 op=6 addr=8005abc0 src=288 size=6 wait=    0 mshr= 0
L2 outA cyc=               73449 op=6 addr=8005abc0
L2 outD cyc=               73450 op=5
L2 outD cyc=               73451 op=5
L2 outD cyc=               73452 op=5
L2 outD cyc=               73453 op=5
L2 outD cyc=               73454 op=5
L2 inD cyc=               73455 op=5 src=288
L2 outD cyc=               73455 op=5
L2 outD cyc=               73456 op=5
L2 inD cyc=               73457 op=5 src=288
L2 outD cyc=               73457 op=5
L2 inD cyc=               73459 op=5 src=288
L2 inD cyc=               73461 op=5 src=288
L2 inA cyc=               73468 op=4 addr=80001000 src=  0 size=3 wait=    0 mshr= 0
L2 inD cyc=               73472 op=1 src=  0
L2 inA cyc=               73566 op=6 addr=8006cbc0 src=288 size=6 wait=    0 mshr= 0
L2 inD cyc=               73570 op=5 src=288
L2 inD cyc=               73571 op=5 src=288
L2 inD cyc=               73572 op=5 src=288
L2 inD cyc=               73573 op=5 src=288
L2 inA cyc=               73623 op=4 addr=80001000 src=  0 size=3 wait=    0 mshr= 0
L2 inD cyc=               73627 op=1 src=  0
L2 inA cyc=               73778 op=4 addr=80001000 src=  0 size=3 wait=    0 mshr= 0
L2 inD cyc=               73782 op=1 src=  0
L2 inA cyc=               73933 op=4 addr=80001000 src=  0 size=3 wait=    0 mshr= 0
L2 inD cyc=               73937 op=1 src=  0
L2 inA cyc=               74088 op=4 addr=80001000 src=  0 size=3 wait=    0 mshr= 0
L2 inD cyc=               74092 op=1 src=  0
L2 inA cyc=               74243 op=4 addr=80001000 src=  0 size=3 wait=    0 mshr= 0
L2 inD cyc=               74247 op=1 src=  0
L2 inA cyc=               74398 op=4 addr=80001000 src=  0 size=3 wait=    0 mshr= 0
L2 inD cyc=               74402 op=1 src=  0
L2 inA cyc=               74553 op=4 addr=80001000 src=  0 size=3 wait=    0 mshr= 0
L2 inD cyc=               74557 op=1 src=  0
L2 inA cyc=               74708 op=4 addr=80001000 src=  0 size=3 wait=    0 mshr= 0
L2 inD cyc=               74712 op=1 src=  0
L2 inA cyc=               74766 op=6 addr=8006cc00 src=288 size=6 wait=    0 mshr= 0
L2 outA cyc=               74769 op=6 addr=8006cc00
L2 outD cyc=               74770 op=5
L2 outD cyc=               74771 op=5
L2 outD cyc=               74772 op=5
L2 outD cyc=               74773 op=5
L2 outD cyc=               74774 op=5
L2 inD cyc=               74775 op=5 src=288
L2 outD cyc=               74775 op=5
L2 outD cyc=               74776 op=5
L2 inD cyc=               74777 op=5 src=288
L2 outD cyc=               74777 op=5
L2 inD cyc=               74779 op=5 src=288
L2 inD cyc=               74781 op=5 src=288
L2 inD cyc=               74859 op=6 src=288
L2 inA cyc=               74863 op=4 addr=80001000 src=  0 size=3 wait=    0 mshr= 0
L2 inA cyc=               74864 op=6 addr=80063c00 src=288 size=6 wait=    0 mshr= 1
L2 inD cyc=               74867 op=1 src=  0
L2 outA cyc=               74867 op=6 addr=80063c00
L2 outD cyc=               74868 op=5
L2 outD cyc=               74869 op=5
L2 outD cyc=               74870 op=5
L2 outD cyc=               74871 op=5
L2 outD cyc=               74872 op=5
L2 inD cyc=               74873 op=5 src=288
L2 outD cyc=               74873 op=5
L2 outD cyc=               74874 op=5
L2 inD cyc=               74875 op=5 src=288
L2 outD cyc=               74875 op=5
L2 inD cyc=               74877 op=5 src=288
L2 inD cyc=               74879 op=5 src=288
L2 inD cyc=               74893 op=6 src=288
L2 inA cyc=               74897 op=6 addr=8005ac00 src=288 size=6 wait=    0 mshr= 0
L2 outA cyc=               74900 op=6 addr=8005ac00
L2 outD cyc=               74901 op=5
L2 outD cyc=               74902 op=5
L2 outD cyc=               74903 op=5
L2 outD cyc=               74904 op=5
L2 outD cyc=               74905 op=5
L2 inD cyc=               74906 op=5 src=288
L2 outD cyc=               74906 op=5
L2 outD cyc=               74907 op=5
L2 inD cyc=               74908 op=5 src=288
L2 outD cyc=               74908 op=5
L2 inD cyc=               74910 op=5 src=288
L2 inD cyc=               74912 op=5 src=288
L2 inA cyc=               75018 op=4 addr=80001000 src=  0 size=3 wait=    0 mshr= 0
L2 inD cyc=               75022 op=1 src=  0
L2 inD cyc=               75025 op=6 src=288
L2 inA cyc=               75029 op=6 addr=8006cc00 src=288 size=6 wait=    0 mshr= 0
L2 inD cyc=               75033 op=5 src=288
L2 inD cyc=               75034 op=5 src=288
L2 inD cyc=               75035 op=5 src=288
L2 inD cyc=               75036 op=5 src=288
L2 inA cyc=               75106 op=6 addr=80063c00 src=288 size=6 wait=    0 mshr= 0
L2 inD cyc=               75110 op=5 src=288
L2 inD cyc=               75111 op=5 src=288
L2 inD cyc=               75112 op=5 src=288
L2 inD cyc=               75113 op=5 src=288
L2 inA cyc=               75119 op=6 addr=8005ac00 src=288 size=6 wait=    0 mshr= 0
L2 inD cyc=               75123 op=5 src=288
L2 inD cyc=               75124 op=5 src=288
L2 inD cyc=               75125 op=5 src=288
L2 inD cyc=               75126 op=5 src=288
L2 inA cyc=               75173 op=4 addr=80001000 src=  0 size=3 wait=    0 mshr= 0
L2 inD cyc=               75177 op=1 src=  0
L2 inA cyc=               75328 op=4 addr=80001000 src=  0 size=3 wait=    0 mshr= 0
L2 inD cyc=               75332 op=1 src=  0
L2 inA cyc=               75483 op=4 addr=80001000 src=  0 size=3 wait=    0 mshr= 0
L2 inD cyc=               75487 op=1 src=  0
L2 inA cyc=               75638 op=4 addr=80001000 src=  0 size=3 wait=    0 mshr= 0
L2 inD cyc=               75642 op=1 src=  0
L2 inA cyc=               75793 op=4 addr=80001000 src=  0 size=3 wait=    0 mshr= 0
L2 inD cyc=               75797 op=1 src=  0
L2 inA cyc=               75948 op=4 addr=80001000 src=  0 size=3 wait=    0 mshr= 0
L2 inD cyc=               75952 op=1 src=  0
L2 inA cyc=               76103 op=4 addr=80001000 src=  0 size=3 wait=    0 mshr= 0
L2 inD cyc=               76107 op=1 src=  0
L2 inA cyc=               76239 op=6 addr=8006cc40 src=288 size=6 wait=    0 mshr= 0
L2 outA cyc=               76242 op=6 addr=8006cc40
L2 outD cyc=               76243 op=5
L2 outD cyc=               76244 op=5
L2 outD cyc=               76245 op=5
L2 outD cyc=               76246 op=5
L2 outD cyc=               76247 op=5
L2 inD cyc=               76248 op=5 src=288
L2 outD cyc=               76248 op=5
L2 outD cyc=               76249 op=5
L2 inD cyc=               76250 op=5 src=288
L2 outD cyc=               76250 op=5
L2 inD cyc=               76252 op=5 src=288
L2 inD cyc=               76254 op=5 src=288
L2 inA cyc=               76258 op=4 addr=80001000 src=  0 size=3 wait=    0 mshr= 0
L2 inD cyc=               76262 op=1 src=  0
L2 inD cyc=               76331 op=6 src=288
L2 inA cyc=               76335 op=6 addr=80063c40 src=288 size=6 wait=    0 mshr= 0
L2 outA cyc=               76338 op=6 addr=80063c40
L2 outD cyc=               76339 op=5
L2 outD cyc=               76340 op=5
L2 outD cyc=               76341 op=5
L2 outD cyc=               76342 op=5
L2 outD cyc=               76343 op=5
L2 inD cyc=               76344 op=5 src=288
L2 outD cyc=               76344 op=5
L2 outD cyc=               76345 op=5
L2 inD cyc=               76346 op=5 src=288
L2 outD cyc=               76346 op=5
L2 inD cyc=               76348 op=5 src=288
L2 inD cyc=               76350 op=5 src=288
L2 inA cyc=               76356 op=6 addr=8005ac40 src=288 size=6 wait=    0 mshr= 0
L2 outA cyc=               76359 op=6 addr=8005ac40
L2 outD cyc=               76360 op=5
L2 outD cyc=               76361 op=5
L2 outD cyc=               76362 op=5
L2 outD cyc=               76363 op=5
L2 outD cyc=               76364 op=5
L2 inD cyc=               76365 op=5 src=288
L2 outD cyc=               76365 op=5
L2 outD cyc=               76366 op=5
L2 inD cyc=               76367 op=5 src=288
L2 outD cyc=               76367 op=5
L2 inD cyc=               76369 op=5 src=288
L2 inD cyc=               76371 op=5 src=288
L2 inA cyc=               76413 op=4 addr=80001000 src=  0 size=3 wait=    0 mshr= 0
L2 inD cyc=               76417 op=1 src=  0
L2 inA cyc=               76472 op=6 addr=8006cc40 src=288 size=6 wait=    0 mshr= 0
L2 inD cyc=               76476 op=5 src=288
L2 inD cyc=               76477 op=5 src=288
L2 inD cyc=               76478 op=5 src=288
L2 inD cyc=               76479 op=5 src=288
L2 inA cyc=               76568 op=4 addr=80001000 src=  0 size=3 wait=    0 mshr= 0
L2 inD cyc=               76572 op=1 src=  0
L2 inA cyc=               76723 op=4 addr=80001000 src=  0 size=3 wait=    0 mshr= 0
L2 inD cyc=               76727 op=1 src=  0
L2 inA cyc=               76878 op=4 addr=80001000 src=  0 size=3 wait=    0 mshr= 0
L2 inD cyc=               76882 op=1 src=  0
L2 inA cyc=               77033 op=4 addr=80001000 src=  0 size=3 wait=    0 mshr= 0
L2 inD cyc=               77037 op=1 src=  0
L2 inA cyc=               77188 op=4 addr=80001000 src=  0 size=3 wait=    0 mshr= 0
L2 inD cyc=               77192 op=1 src=  0
L2 inA cyc=               77343 op=4 addr=80001000 src=  0 size=3 wait=    0 mshr= 0
L2 inD cyc=               77347 op=1 src=  0
L2 inA cyc=               77498 op=4 addr=80001000 src=  0 size=3 wait=    0 mshr= 0
L2 inD cyc=               77502 op=1 src=  0
L2 inA cyc=               77653 op=4 addr=80001000 src=  0 size=3 wait=    0 mshr= 0
L2 inD cyc=               77657 op=1 src=  0
L2 inA cyc=               77673 op=6 addr=8006cc80 src=288 size=6 wait=    0 mshr= 0
L2 outA cyc=               77676 op=6 addr=8006cc80
L2 outD cyc=               77677 op=5
L2 outD cyc=               77678 op=5
L2 outD cyc=               77679 op=5
L2 outD cyc=               77680 op=5
L2 outD cyc=               77681 op=5
L2 inD cyc=               77682 op=5 src=288
L2 outD cyc=               77682 op=5
L2 outD cyc=               77683 op=5
L2 inD cyc=               77684 op=5 src=288
L2 outD cyc=               77684 op=5
L2 inD cyc=               77686 op=5 src=288
L2 inD cyc=               77688 op=5 src=288
L2 inA cyc=               77758 op=6 addr=80063c80 src=288 size=6 wait=    0 mshr= 0
L2 outA cyc=               77761 op=6 addr=80063c80
L2 outD cyc=               77762 op=5
L2 outD cyc=               77763 op=5
L2 outD cyc=               77764 op=5
L2 outD cyc=               77765 op=5
L2 outD cyc=               77766 op=5
L2 inD cyc=               77767 op=5 src=288
L2 outD cyc=               77767 op=5
L2 outD cyc=               77768 op=5
L2 inD cyc=               77769 op=5 src=288
L2 outD cyc=               77769 op=5
L2 inD cyc=               77771 op=5 src=288
L2 inD cyc=               77773 op=5 src=288
L2 inD cyc=               77787 op=6 src=288
L2 inA cyc=               77791 op=6 addr=8005ac80 src=288 size=6 wait=    0 mshr= 0
L2 outA cyc=               77794 op=6 addr=8005ac80
L2 outD cyc=               77795 op=5
L2 outD cyc=               77796 op=5
L2 outD cyc=               77797 op=5
L2 outD cyc=               77798 op=5
L2 outD cyc=               77799 op=5
L2 inD cyc=               77800 op=5 src=288
L2 outD cyc=               77800 op=5
L2 outD cyc=               77801 op=5
L2 inD cyc=               77802 op=5 src=288
L2 outD cyc=               77802 op=5
L2 inD cyc=               77804 op=5 src=288
L2 inD cyc=               77806 op=5 src=288
L2 inA cyc=               77808 op=4 addr=80001000 src=  0 size=3 wait=    0 mshr= 0
L2 inD cyc=               77812 op=1 src=  0
L2 inA cyc=               77963 op=4 addr=80001000 src=  0 size=3 wait=    0 mshr= 0
L2 inD cyc=               77967 op=1 src=  0
L2 inA cyc=               77974 op=6 addr=80063c80 src=288 size=6 wait=    0 mshr= 0
L2 inD cyc=               77978 op=5 src=288
L2 inD cyc=               77979 op=5 src=288
L2 inD cyc=               77980 op=5 src=288
L2 inD cyc=               77981 op=5 src=288
L2 inA cyc=               78118 op=4 addr=80001000 src=  0 size=3 wait=    0 mshr= 0
L2 inD cyc=               78122 op=1 src=  0
L2 inA cyc=               78273 op=4 addr=80001000 src=  0 size=3 wait=    0 mshr= 0
L2 inD cyc=               78277 op=1 src=  0
L2 inA cyc=               78428 op=4 addr=80001000 src=  0 size=3 wait=    0 mshr= 0
L2 inD cyc=               78432 op=1 src=  0
L2 inA cyc=               78583 op=4 addr=80001000 src=  0 size=3 wait=    0 mshr= 0
L2 inD cyc=               78587 op=1 src=  0
L2 inA cyc=               78738 op=4 addr=80001000 src=  0 size=3 wait=    0 mshr= 0
L2 inD cyc=               78742 op=1 src=  0
L2 inA cyc=               78893 op=4 addr=80001000 src=  0 size=3 wait=    0 mshr= 0
L2 inD cyc=               78897 op=1 src=  0
L2 inA cyc=               79048 op=4 addr=80001000 src=  0 size=3 wait=    0 mshr= 0
L2 inD cyc=               79052 op=1 src=  0
L2 inA cyc=               79101 op=6 addr=8006ccc0 src=288 size=6 wait=    0 mshr= 0
L2 outA cyc=               79104 op=6 addr=8006ccc0
L2 outD cyc=               79105 op=5
L2 outD cyc=               79106 op=5
L2 outD cyc=               79107 op=5
L2 outD cyc=               79108 op=5
L2 outD cyc=               79109 op=5
L2 inD cyc=               79110 op=5 src=288
L2 outD cyc=               79110 op=5
L2 outD cyc=               79111 op=5
L2 inD cyc=               79112 op=5 src=288
L2 outD cyc=               79112 op=5
L2 inD cyc=               79114 op=5 src=288
L2 inD cyc=               79116 op=5 src=288
L2 inA cyc=               79186 op=6 addr=80063cc0 src=288 size=6 wait=    0 mshr= 0
L2 outA cyc=               79189 op=6 addr=80063cc0
L2 outD cyc=               79190 op=5
L2 outD cyc=               79191 op=5
L2 outD cyc=               79192 op=5
L2 outD cyc=               79193 op=5
L2 outD cyc=               79194 op=5
L2 inD cyc=               79195 op=5 src=288
L2 outD cyc=               79195 op=5
L2 outD cyc=               79196 op=5
L2 inD cyc=               79197 op=5 src=288
L2 outD cyc=               79197 op=5
L2 inD cyc=               79199 op=5 src=288
L2 inD cyc=               79201 op=5 src=288
L2 inA cyc=               79203 op=4 addr=80001000 src=  0 size=3 wait=    0 mshr= 0
L2 inA cyc=               79207 op=6 addr=8005acc0 src=288 size=6 wait=    0 mshr= 0
L2 inD cyc=               79207 op=1 src=  0
L2 outA cyc=               79210 op=6 addr=8005acc0
L2 outD cyc=               79211 op=5
L2 outD cyc=               79212 op=5
L2 outD cyc=               79213 op=5
L2 outD cyc=               79214 op=5
L2 outD cyc=               79215 op=5
L2 inD cyc=               79216 op=5 src=288
L2 outD cyc=               79216 op=5
L2 outD cyc=               79217 op=5
L2 inD cyc=               79218 op=5 src=288
L2 outD cyc=               79218 op=5
L2 inD cyc=               79220 op=5 src=288
L2 inD cyc=               79222 op=5 src=288
L2 inA cyc=               79358 op=4 addr=80001000 src=  0 size=3 wait=    0 mshr= 0
L2 inD cyc=               79362 op=1 src=  0
L2 inA cyc=               79513 op=4 addr=80001000 src=  0 size=3 wait=    0 mshr= 0
L2 inD cyc=               79517 op=1 src=  0
L2 inA cyc=               79668 op=4 addr=80001000 src=  0 size=3 wait=    0 mshr= 0
L2 inD cyc=               79672 op=1 src=  0
L2 inA cyc=               79823 op=4 addr=80001000 src=  0 size=3 wait=    0 mshr= 0
L2 inD cyc=               79827 op=1 src=  0
L2 inA cyc=               79978 op=4 addr=80001000 src=  0 size=3 wait=    0 mshr= 0
L2 inD cyc=               79982 op=1 src=  0
L2 inA cyc=               80133 op=4 addr=80001000 src=  0 size=3 wait=    0 mshr= 0
L2 inD cyc=               80137 op=1 src=  0
L2 inA cyc=               80288 op=4 addr=80001000 src=  0 size=3 wait=    0 mshr= 0
L2 inD cyc=               80292 op=1 src=  0
