H: WT pc=0000000080002010 inst=87fe00000000063f next=0000000080002018 vl=512 act=1ff929ba4524c96fc046bfa3bb8caee3d1839a5e176b8b966a0c7fa7d94e6c8fe364fc832b9c2a54a2858fee8334ac9b1049eb0d2e4acf893e5819fde61396a7
H: WT pc=0000000080002018 inst=805800000000063f next=0000000080002020 vl=512 act=ffffffffffffffffffffffffffffffffffffffffffffffffffffffffffffffffffffffffffffffffffffffffffffffffffffffffffffffffffffffffffffffff
H: WT pc=0000000080002020 inst=c000007e0000063f next=0000000080002028 vl=512 act=ffffffffffffffffffffffffffffffffffffffffffffffffffffffffffffffffffffffffffffffffffffffffffffffffffffffffffffffffffffffffffffffff
H: WT pc=0000000080002028 inst=c012007c0001063f next=0000000080002030 vl=512 act=ffffffffffffffffffffffffffffffffffffffffffffffffffffffffffffffffffffffffffffffffffffffffffffffffffffffffffffffffffffffffffffffff
H: WT pc=0000000080002030 inst=860202020002063f next=0000000080002038 vl=512 act=ffffffffffffffffffffffffffffffffffffffffffffffffffffffffffffffffffffffffffffffffffffffffffffffffffffffffffffffffffffffffffffffff
H: WT pc=0000000080002038 inst=840a02020003063f next=0000000080002040 vl=512 act=ffffffffffffffffffffffffffffffffffffffffffffffffffffffffffffffffffffffffffffffffffffffffffffffffffffffffffffffffffffffffffffffff
H: WT pc=0000000080002040 inst=0000004900012dbf next=0000000080002048 vl=512 act=-
HMEM: read from 0000000080006dc8 ut=0
HMEM: read from 0000000080006dd0 ut=1
HMEM: read from 0000000080006dd8 ut=2
HMEM: read from 0000000080006de0 ut=3
HMEM: read from 0000000080006de8 ut=4
HMEM: read from 0000000080006df0 ut=5
HMEM: read from 0000000080006df8 ut=6
HMEM: read from 0000000080006e00 ut=7
HMEM: read from 0000000080006e08 ut=8
HMEM: read from 0000000080006e10 ut=9
HMEM: read from 0000000080006e18 ut=10
HMEM: read from 0000000080006e20 ut=11
HMEM: read from 0000000080006e28 ut=12
HMEM: read from 0000000080006e30 ut=13
HMEM: read from 0000000080006e38 ut=14
HMEM: read from 0000000080006e40 ut=15
HMEM: read from 0000000080006e48 ut=16
HMEM: read from 0000000080006e50 ut=17
HMEM: read from 0000000080006e58 ut=18
HMEM: read from 0000000080006e60 ut=19
HMEM: read from 0000000080006e68 ut=20
HMEM: read from 0000000080006e70 ut=21
HMEM: read from 0000000080006e78 ut=22
HMEM: read from 0000000080006e80 ut=23
HMEM: read from 0000000080006e88 ut=24
HMEM: read from 0000000080006e90 ut=25
HMEM: read from 0000000080006e98 ut=26
HMEM: read from 0000000080006ea0 ut=27
HMEM: read from 0000000080006ea8 ut=28
HMEM: read from 0000000080006eb0 ut=29
HMEM: read from 0000000080006eb8 ut=30
HMEM: read from 0000000080006ec0 ut=31
HMEM: read from 0000000080006ec8 ut=32
HMEM: read from 0000000080006ed0 ut=33
HMEM: read from 0000000080006ed8 ut=34
HMEM: read from 0000000080006ee0 ut=35
HMEM: read from 0000000080006ee8 ut=36
HMEM: read from 0000000080006ef0 ut=37
HMEM: read from 0000000080006ef8 ut=38
HMEM: read from 0000000080006f00 ut=39
HMEM: read from 0000000080006f08 ut=40
HMEM: read from 0000000080006f10 ut=41
HMEM: read from 0000000080006f18 ut=42
HMEM: read from 0000000080006f20 ut=43
HMEM: read from 0000000080006f28 ut=44
HMEM: read from 0000000080006f30 ut=45
HMEM: read from 0000000080006f38 ut=46
HMEM: read from 0000000080006f40 ut=47
HMEM: read from 0000000080006f48 ut=48
HMEM: read from 0000000080006f50 ut=49
HMEM: read from 0000000080006f58 ut=50
HMEM: read from 0000000080006f60 ut=51
HMEM: read from 0000000080006f68 ut=52
HMEM: read from 0000000080006f70 ut=53
HMEM: read from 0000000080006f78 ut=54
HMEM: read from 0000000080006f80 ut=55
HMEM: read from 0000000080006f88 ut=56
HMEM: read from 0000000080006f90 ut=57
HMEM: read from 0000000080006f98 ut=58
HMEM: read from 0000000080006fa0 ut=59
HMEM: read from 0000000080006fa8 ut=60
HMEM: read from 0000000080006fb0 ut=61
HMEM: read from 0000000080006fb8 ut=62
HMEM: read from 0000000080006fc0 ut=63
HMEM: read from 0000000080006fc8 ut=64
HMEM: read from 0000000080006fd0 ut=65
HMEM: read from 0000000080006fd8 ut=66
HMEM: read from 0000000080006fe0 ut=67
HMEM: read from 0000000080006fe8 ut=68
HMEM: read from 0000000080006ff0 ut=69
HMEM: read from 0000000080006ff8 ut=70
HMEM: read from 0000000080007000 ut=71
HMEM: read from 0000000080007008 ut=72
HMEM: read from 0000000080007010 ut=73
HMEM: read from 0000000080007018 ut=74
HMEM: read from 0000000080007020 ut=75
HMEM: read from 0000000080007028 ut=76
HMEM: read from 0000000080007030 ut=77
HMEM: read from 0000000080007038 ut=78
HMEM: read from 0000000080007040 ut=79
HMEM: read from 0000000080007048 ut=80
HMEM: read from 0000000080007050 ut=81
HMEM: read from 0000000080007058 ut=82
HMEM: read from 0000000080007060 ut=83
HMEM: read from 0000000080007068 ut=84
HMEM: read from 0000000080007070 ut=85
HMEM: read from 0000000080007078 ut=86
HMEM: read from 0000000080007080 ut=87
HMEM: read from 0000000080007088 ut=88
HMEM: read from 0000000080007090 ut=89
HMEM: read from 0000000080007098 ut=90
HMEM: read from 00000000800070a0 ut=91
HMEM: read from 00000000800070a8 ut=92
HMEM: read from 00000000800070b0 ut=93
HMEM: read from 00000000800070b8 ut=94
HMEM: read from 00000000800070c0 ut=95
HMEM: read from 00000000800070c8 ut=96
HMEM: read from 00000000800070d0 ut=97
HMEM: read from 00000000800070d8 ut=98
HMEM: read from 00000000800070e0 ut=99
HMEM: read from 00000000800070e8 ut=100
HMEM: read from 00000000800070f0 ut=101
HMEM: read from 00000000800070f8 ut=102
HMEM: read from 0000000080007100 ut=103
HMEM: read from 0000000080007108 ut=104
HMEM: read from 0000000080007110 ut=105
HMEM: read from 0000000080007118 ut=106
HMEM: read from 0000000080007120 ut=107
HMEM: read from 0000000080007128 ut=108
HMEM: read from 0000000080007130 ut=109
HMEM: read from 0000000080007138 ut=110
HMEM: read from 0000000080007140 ut=111
HMEM: read from 0000000080007148 ut=112
HMEM: read from 0000000080007150 ut=113
HMEM: read from 0000000080007158 ut=114
HMEM: read from 0000000080007160 ut=115
HMEM: read from 0000000080007168 ut=116
HMEM: read from 0000000080007170 ut=117
HMEM: read from 0000000080007178 ut=118
HMEM: read from 0000000080007180 ut=119
HMEM: read from 0000000080007188 ut=120
HMEM: read from 0000000080007190 ut=121
HMEM: read from 0000000080007198 ut=122
HMEM: read from 00000000800071a0 ut=123
HMEM: read from 00000000800071a8 ut=124
HMEM: read from 00000000800071b0 ut=125
HMEM: read from 00000000800071b8 ut=126
HMEM: read from 00000000800071c0 ut=127
HMEM: read from 00000000800071c8 ut=128
HMEM: read from 00000000800071d0 ut=129
HMEM: read from 00000000800071d8 ut=130
HMEM: read from 00000000800071e0 ut=131
HMEM: read from 00000000800071e8 ut=132
HMEM: read from 00000000800071f0 ut=133
HMEM: read from 00000000800071f8 ut=134
HMEM: read from 0000000080007200 ut=135
HMEM: read from 0000000080007208 ut=136
HMEM: read from 0000000080007210 ut=137
HMEM: read from 0000000080007218 ut=138
HMEM: read from 0000000080007220 ut=139
HMEM: read from 0000000080007228 ut=140
HMEM: read from 0000000080007230 ut=141
HMEM: read from 0000000080007238 ut=142
HMEM: read from 0000000080007240 ut=143
HMEM: read from 0000000080007248 ut=144
HMEM: read from 0000000080007250 ut=145
HMEM: read from 0000000080007258 ut=146
HMEM: read from 0000000080007260 ut=147
HMEM: read from 0000000080007268 ut=148
HMEM: read from 0000000080007270 ut=149
HMEM: read from 0000000080007278 ut=150
HMEM: read from 0000000080007280 ut=151
HMEM: read from 0000000080007288 ut=152
HMEM: read from 0000000080007290 ut=153
HMEM: read from 0000000080007298 ut=154
HMEM: read from 00000000800072a0 ut=155
HMEM: read from 00000000800072a8 ut=156
HMEM: read from 00000000800072b0 ut=157
HMEM: read from 00000000800072b8 ut=158
HMEM: read from 00000000800072c0 ut=159
HMEM: read from 00000000800072c8 ut=160
HMEM: read from 00000000800072d0 ut=161
HMEM: read from 00000000800072d8 ut=162
HMEM: read from 00000000800072e0 ut=163
HMEM: read from 00000000800072e8 ut=164
HMEM: read from 00000000800072f0 ut=165
HMEM: read from 00000000800072f8 ut=166
HMEM: read from 0000000080007300 ut=167
HMEM: read from 0000000080007308 ut=168
HMEM: read from 0000000080007310 ut=169
HMEM: read from 0000000080007318 ut=170
HMEM: read from 0000000080007320 ut=171
HMEM: read from 0000000080007328 ut=172
HMEM: read from 0000000080007330 ut=173
HMEM: read from 0000000080007338 ut=174
HMEM: read from 0000000080007340 ut=175
HMEM: read from 0000000080007348 ut=176
HMEM: read from 0000000080007350 ut=177
HMEM: read from 0000000080007358 ut=178
HMEM: read from 0000000080007360 ut=179
HMEM: read from 0000000080007368 ut=180
HMEM: read from 0000000080007370 ut=181
HMEM: read from 0000000080007378 ut=182
HMEM: read from 0000000080007380 ut=183
HMEM: read from 0000000080007388 ut=184
HMEM: read from 0000000080007390 ut=185
HMEM: read from 0000000080007398 ut=186
HMEM: read from 00000000800073a0 ut=187
HMEM: read from 00000000800073a8 ut=188
HMEM: read from 00000000800073b0 ut=189
HMEM: read from 00000000800073b8 ut=190
HMEM: read from 00000000800073c0 ut=191
HMEM: read from 00000000800073c8 ut=192
HMEM: read from 00000000800073d0 ut=193
HMEM: read from 00000000800073d8 ut=194
HMEM: read from 00000000800073e0 ut=195
HMEM: read from 00000000800073e8 ut=196
HMEM: read from 00000000800073f0 ut=197
HMEM: read from 00000000800073f8 ut=198
HMEM: read from 0000000080007400 ut=199
HMEM: read from 0000000080007408 ut=200
HMEM: read from 0000000080007410 ut=201
HMEM: read from 0000000080007418 ut=202
HMEM: read from 0000000080007420 ut=203
HMEM: read from 0000000080007428 ut=204
HMEM: read from 0000000080007430 ut=205
HMEM: read from 0000000080007438 ut=206
HMEM: read from 0000000080007440 ut=207
HMEM: read from 0000000080007448 ut=208
HMEM: read from 0000000080007450 ut=209
HMEM: read from 0000000080007458 ut=210
HMEM: read from 0000000080007460 ut=211
HMEM: read from 0000000080007468 ut=212
HMEM: read from 0000000080007470 ut=213
HMEM: read from 0000000080007478 ut=214
HMEM: read from 0000000080007480 ut=215
HMEM: read from 0000000080007488 ut=216
HMEM: read from 0000000080007490 ut=217
HMEM: read from 0000000080007498 ut=218
HMEM: read from 00000000800074a0 ut=219
HMEM: read from 00000000800074a8 ut=220
HMEM: read from 00000000800074b0 ut=221
HMEM: read from 00000000800074b8 ut=222
HMEM: read from 00000000800074c0 ut=223
HMEM: read from 00000000800074c8 ut=224
HMEM: read from 00000000800074d0 ut=225
HMEM: read from 00000000800074d8 ut=226
HMEM: read from 00000000800074e0 ut=227
HMEM: read from 00000000800074e8 ut=228
HMEM: read from 00000000800074f0 ut=229
HMEM: read from 00000000800074f8 ut=230
HMEM: read from 0000000080007500 ut=231
HMEM: read from 0000000080007508 ut=232
HMEM: read from 0000000080007510 ut=233
HMEM: read from 0000000080007518 ut=234
HMEM: read from 0000000080007520 ut=235
HMEM: read from 0000000080007528 ut=236
HMEM: read from 0000000080007530 ut=237
HMEM: read from 0000000080007538 ut=238
HMEM: read from 0000000080007540 ut=239
HMEM: read from 0000000080007548 ut=240
HMEM: read from 0000000080007550 ut=241
HMEM: read from 0000000080007558 ut=242
HMEM: read from 0000000080007560 ut=243
HMEM: read from 0000000080007568 ut=244
HMEM: read from 0000000080007570 ut=245
HMEM: read from 0000000080007578 ut=246
HMEM: read from 0000000080007580 ut=247
HMEM: read from 0000000080007588 ut=248
HMEM: read from 0000000080007590 ut=249
HMEM: read from 0000000080007598 ut=250
HMEM: read from 00000000800075a0 ut=251
HMEM: read from 00000000800075a8 ut=252
HMEM: read from 00000000800075b0 ut=253
HMEM: read from 00000000800075b8 ut=254
HMEM: read from 00000000800075c0 ut=255
HMEM: read from 00000000800075c8 ut=256
HMEM: read from 00000000800075d0 ut=257
HMEM: read from 00000000800075d8 ut=258
HMEM: read from 00000000800075e0 ut=259
HMEM: read from 00000000800075e8 ut=260
HMEM: read from 00000000800075f0 ut=261
HMEM: read from 00000000800075f8 ut=262
HMEM: read from 0000000080007600 ut=263
HMEM: read from 0000000080007608 ut=264
HMEM: read from 0000000080007610 ut=265
HMEM: read from 0000000080007618 ut=266
HMEM: read from 0000000080007620 ut=267
HMEM: read from 0000000080007628 ut=268
HMEM: read from 0000000080007630 ut=269
HMEM: read from 0000000080007638 ut=270
HMEM: read from 0000000080007640 ut=271
HMEM: read from 0000000080007648 ut=272
HMEM: read from 0000000080007650 ut=273
HMEM: read from 0000000080007658 ut=274
HMEM: read from 0000000080007660 ut=275
HMEM: read from 0000000080007668 ut=276
HMEM: read from 0000000080007670 ut=277
HMEM: read from 0000000080007678 ut=278
HMEM: read from 0000000080007680 ut=279
HMEM: read from 0000000080007688 ut=280
HMEM: read from 0000000080007690 ut=281
HMEM: read from 0000000080007698 ut=282
HMEM: read from 00000000800076a0 ut=283
HMEM: read from 00000000800076a8 ut=284
HMEM: read from 00000000800076b0 ut=285
HMEM: read from 00000000800076b8 ut=286
HMEM: read from 00000000800076c0 ut=287
HMEM: read from 00000000800076c8 ut=288
HMEM: read from 00000000800076d0 ut=289
HMEM: read from 00000000800076d8 ut=290
HMEM: read from 00000000800076e0 ut=291
HMEM: read from 00000000800076e8 ut=292
HMEM: read from 00000000800076f0 ut=293
HMEM: read from 00000000800076f8 ut=294
HMEM: read from 0000000080007700 ut=295
HMEM: read from 0000000080007708 ut=296
HMEM: read from 0000000080007710 ut=297
HMEM: read from 0000000080007718 ut=298
HMEM: read from 0000000080007720 ut=299
HMEM: read from 0000000080007728 ut=300
HMEM: read from 0000000080007730 ut=301
HMEM: read from 0000000080007738 ut=302
HMEM: read from 0000000080007740 ut=303
HMEM: read from 0000000080007748 ut=304
HMEM: read from 0000000080007750 ut=305
HMEM: read from 0000000080007758 ut=306
HMEM: read from 0000000080007760 ut=307
HMEM: read from 0000000080007768 ut=308
HMEM: read from 0000000080007770 ut=309
HMEM: read from 0000000080007778 ut=310
HMEM: read from 0000000080007780 ut=311
HMEM: read from 0000000080007788 ut=312
HMEM: read from 0000000080007790 ut=313
HMEM: read from 0000000080007798 ut=314
HMEM: read from 00000000800077a0 ut=315
HMEM: read from 00000000800077a8 ut=316
HMEM: read from 00000000800077b0 ut=317
HMEM: read from 00000000800077b8 ut=318
HMEM: read from 00000000800077c0 ut=319
HMEM: read from 00000000800077c8 ut=320
HMEM: read from 00000000800077d0 ut=321
HMEM: read from 00000000800077d8 ut=322
HMEM: read from 00000000800077e0 ut=323
HMEM: read from 00000000800077e8 ut=324
HMEM: read from 00000000800077f0 ut=325
HMEM: read from 00000000800077f8 ut=326
HMEM: read from 0000000080007800 ut=327
HMEM: read from 0000000080007808 ut=328
HMEM: read from 0000000080007810 ut=329
HMEM: read from 0000000080007818 ut=330
HMEM: read from 0000000080007820 ut=331
HMEM: read from 0000000080007828 ut=332
HMEM: read from 0000000080007830 ut=333
HMEM: read from 0000000080007838 ut=334
HMEM: read from 0000000080007840 ut=335
HMEM: read from 0000000080007848 ut=336
HMEM: read from 0000000080007850 ut=337
HMEM: read from 0000000080007858 ut=338
HMEM: read from 0000000080007860 ut=339
HMEM: read from 0000000080007868 ut=340
HMEM: read from 0000000080007870 ut=341
HMEM: read from 0000000080007878 ut=342
HMEM: read from 0000000080007880 ut=343
HMEM: read from 0000000080007888 ut=344
HMEM: read from 0000000080007890 ut=345
HMEM: read from 0000000080007898 ut=346
HMEM: read from 00000000800078a0 ut=347
HMEM: read from 00000000800078a8 ut=348
HMEM: read from 00000000800078b0 ut=349
HMEM: read from 00000000800078b8 ut=350
HMEM: read from 00000000800078c0 ut=351
HMEM: read from 00000000800078c8 ut=352
HMEM: read from 00000000800078d0 ut=353
HMEM: read from 00000000800078d8 ut=354
HMEM: read from 00000000800078e0 ut=355
HMEM: read from 00000000800078e8 ut=356
HMEM: read from 00000000800078f0 ut=357
HMEM: read from 00000000800078f8 ut=358
HMEM: read from 0000000080007900 ut=359
HMEM: read from 0000000080007908 ut=360
HMEM: read from 0000000080007910 ut=361
HMEM: read from 0000000080007918 ut=362
HMEM: read from 0000000080007920 ut=363
HMEM: read from 0000000080007928 ut=364
HMEM: read from 0000000080007930 ut=365
HMEM: read from 0000000080007938 ut=366
HMEM: read from 0000000080007940 ut=367
HMEM: read from 0000000080007948 ut=368
HMEM: read from 0000000080007950 ut=369
HMEM: read from 0000000080007958 ut=370
HMEM: read from 0000000080007960 ut=371
HMEM: read from 0000000080007968 ut=372
HMEM: read from 0000000080007970 ut=373
HMEM: read from 0000000080007978 ut=374
HMEM: read from 0000000080007980 ut=375
HMEM: read from 0000000080007988 ut=376
HMEM: read from 0000000080007990 ut=377
HMEM: read from 0000000080007998 ut=378
HMEM: read from 00000000800079a0 ut=379
HMEM: read from 00000000800079a8 ut=380
HMEM: read from 00000000800079b0 ut=381
HMEM: read from 00000000800079b8 ut=382
HMEM: read from 00000000800079c0 ut=383
HMEM: read from 00000000800079c8 ut=384
HMEM: read from 00000000800079d0 ut=385
HMEM: read from 00000000800079d8 ut=386
HMEM: read from 00000000800079e0 ut=387
HMEM: read from 00000000800079e8 ut=388
HMEM: read from 00000000800079f0 ut=389
HMEM: read from 00000000800079f8 ut=390
HMEM: read from 0000000080007a00 ut=391
HMEM: read from 0000000080007a08 ut=392
HMEM: read from 0000000080007a10 ut=393
HMEM: read from 0000000080007a18 ut=394
HMEM: read from 0000000080007a20 ut=395
HMEM: read from 0000000080007a28 ut=396
HMEM: read from 0000000080007a30 ut=397
HMEM: read from 0000000080007a38 ut=398
HMEM: read from 0000000080007a40 ut=399
HMEM: read from 0000000080007a48 ut=400
HMEM: read from 0000000080007a50 ut=401
HMEM: read from 0000000080007a58 ut=402
HMEM: read from 0000000080007a60 ut=403
HMEM: read from 0000000080007a68 ut=404
HMEM: read from 0000000080007a70 ut=405
HMEM: read from 0000000080007a78 ut=406
HMEM: read from 0000000080007a80 ut=407
HMEM: read from 0000000080007a88 ut=408
HMEM: read from 0000000080007a90 ut=409
HMEM: read from 0000000080007a98 ut=410
HMEM: read from 0000000080007aa0 ut=411
HMEM: read from 0000000080007aa8 ut=412
HMEM: read from 0000000080007ab0 ut=413
HMEM: read from 0000000080007ab8 ut=414
HMEM: read from 0000000080007ac0 ut=415
HMEM: read from 0000000080007ac8 ut=416
HMEM: read from 0000000080007ad0 ut=417
HMEM: read from 0000000080007ad8 ut=418
HMEM: read from 0000000080007ae0 ut=419
HMEM: read from 0000000080007ae8 ut=420
HMEM: read from 0000000080007af0 ut=421
HMEM: read from 0000000080007af8 ut=422
HMEM: read from 0000000080007b00 ut=423
HMEM: read from 0000000080007b08 ut=424
HMEM: read from 0000000080007b10 ut=425
HMEM: read from 0000000080007b18 ut=426
HMEM: read from 0000000080007b20 ut=427
HMEM: read from 0000000080007b28 ut=428
HMEM: read from 0000000080007b30 ut=429
HMEM: read from 0000000080007b38 ut=430
HMEM: read from 0000000080007b40 ut=431
HMEM: read from 0000000080007b48 ut=432
HMEM: read from 0000000080007b50 ut=433
HMEM: read from 0000000080007b58 ut=434
HMEM: read from 0000000080007b60 ut=435
HMEM: read from 0000000080007b68 ut=436
HMEM: read from 0000000080007b70 ut=437
HMEM: read from 0000000080007b78 ut=438
HMEM: read from 0000000080007b80 ut=439
HMEM: read from 0000000080007b88 ut=440
HMEM: read from 0000000080007b90 ut=441
HMEM: read from 0000000080007b98 ut=442
HMEM: read from 0000000080007ba0 ut=443
HMEM: read from 0000000080007ba8 ut=444
HMEM: read from 0000000080007bb0 ut=445
HMEM: read from 0000000080007bb8 ut=446
HMEM: read from 0000000080007bc0 ut=447
HMEM: read from 0000000080007bc8 ut=448
HMEM: read from 0000000080007bd0 ut=449
HMEM: read from 0000000080007bd8 ut=450
HMEM: read from 0000000080007be0 ut=451
HMEM: read from 0000000080007be8 ut=452
HMEM: read from 0000000080007bf0 ut=453
HMEM: read from 0000000080007bf8 ut=454
HMEM: read from 0000000080007c00 ut=455
HMEM: read from 0000000080007c08 ut=456
HMEM: read from 0000000080007c10 ut=457
HMEM: read from 0000000080007c18 ut=458
HMEM: read from 0000000080007c20 ut=459
HMEM: read from 0000000080007c28 ut=460
HMEM: read from 0000000080007c30 ut=461
HMEM: read from 0000000080007c38 ut=462
HMEM: read from 0000000080007c40 ut=463
HMEM: read from 0000000080007c48 ut=464
HMEM: read from 0000000080007c50 ut=465
HMEM: read from 0000000080007c58 ut=466
HMEM: read from 0000000080007c60 ut=467
HMEM: read from 0000000080007c68 ut=468
HMEM: read from 0000000080007c70 ut=469
HMEM: read from 0000000080007c78 ut=470
HMEM: read from 0000000080007c80 ut=471
HMEM: read from 0000000080007c88 ut=472
HMEM: read from 0000000080007c90 ut=473
HMEM: read from 0000000080007c98 ut=474
HMEM: read from 0000000080007ca0 ut=475
HMEM: read from 0000000080007ca8 ut=476
HMEM: read from 0000000080007cb0 ut=477
HMEM: read from 0000000080007cb8 ut=478
HMEM: read from 0000000080007cc0 ut=479
HMEM: read from 0000000080007cc8 ut=480
HMEM: read from 0000000080007cd0 ut=481
HMEM: read from 0000000080007cd8 ut=482
HMEM: read from 0000000080007ce0 ut=483
HMEM: read from 0000000080007ce8 ut=484
HMEM: read from 0000000080007cf0 ut=485
HMEM: read from 0000000080007cf8 ut=486
HMEM: read from 0000000080007d00 ut=487
HMEM: read from 0000000080007d08 ut=488
HMEM: read from 0000000080007d10 ut=489
HMEM: read from 0000000080007d18 ut=490
HMEM: read from 0000000080007d20 ut=491
HMEM: read from 0000000080007d28 ut=492
HMEM: read from 0000000080007d30 ut=493
HMEM: read from 0000000080007d38 ut=494
HMEM: read from 0000000080007d40 ut=495
HMEM: read from 0000000080007d48 ut=496
HMEM: read from 0000000080007d50 ut=497
HMEM: read from 0000000080007d58 ut=498
HMEM: read from 0000000080007d60 ut=499
HMEM: read from 0000000080007d68 ut=500
HMEM: read from 0000000080007d70 ut=501
HMEM: read from 0000000080007d78 ut=502
HMEM: read from 0000000080007d80 ut=503
HMEM: read from 0000000080007d88 ut=504
HMEM: read from 0000000080007d90 ut=505
HMEM: read from 0000000080007d98 ut=506
HMEM: read from 0000000080007da0 ut=507
HMEM: read from 0000000080007da8 ut=508
HMEM: read from 0000000080007db0 ut=509
HMEM: read from 0000000080007db8 ut=510
HMEM: read from 0000000080007dc0 ut=511
H: WT pc=0000000080002048 inst=80000a0600012b3f next=0000000080002050 vl=512 act=ffffffffffffffffffffffffffffffffffffffffffffffffffffffffffffffffffffffffffffffffffffffffffffffffffffffffffffffffffffffffffffffff
H: WT pc=0000000080002050 inst=a01c02023d022a3f next=0000000080002058 vl=512 act=ffffffffffffffffffffffffffffffffffffffffffffffffffffffffffffffffffffffffffffffffffffffffffffffffffffffffffffffffffffffffffffffff
HMEM: read from 0000000080006dcc ut=0
HMEM: read from 0000000080006dd4 ut=1
HMEM: read from 0000000080006ddc ut=2
HMEM: read from 0000000080006de4 ut=3
HMEM: read from 0000000080006dec ut=4
HMEM: read from 0000000080006df4 ut=5
HMEM: read from 0000000080006dfc ut=6
HMEM: read from 0000000080006e04 ut=7
HMEM: read from 0000000080006e0c ut=8
HMEM: read from 0000000080006e14 ut=9
HMEM: read from 0000000080006e1c ut=10
HMEM: read from 0000000080006e24 ut=11
HMEM: read from 0000000080006e2c ut=12
HMEM: read from 0000000080006e34 ut=13
HMEM: read from 0000000080006e3c ut=14
HMEM: read from 0000000080006e44 ut=15
HMEM: read from 0000000080006e4c ut=16
HMEM: read from 0000000080006e54 ut=17
HMEM: read from 0000000080006e5c ut=18
HMEM: read from 0000000080006e64 ut=19
HMEM: read from 0000000080006e6c ut=20
HMEM: read from 0000000080006e74 ut=21
HMEM: read from 0000000080006e7c ut=22
HMEM: read from 0000000080006e84 ut=23
HMEM: read from 0000000080006e8c ut=24
HMEM: read from 0000000080006e94 ut=25
HMEM: read from 0000000080006e9c ut=26
HMEM: read from 0000000080006ea4 ut=27
HMEM: read from 0000000080006eac ut=28
HMEM: read from 0000000080006eb4 ut=29
HMEM: read from 0000000080006ebc ut=30
HMEM: read from 0000000080006ec4 ut=31
HMEM: read from 0000000080006ecc ut=32
HMEM: read from 0000000080006ed4 ut=33
HMEM: read from 0000000080006edc ut=34
HMEM: read from 0000000080006ee4 ut=35
HMEM: read from 0000000080006eec ut=36
HMEM: read from 0000000080006ef4 ut=37
HMEM: read from 0000000080006efc ut=38
HMEM: read from 0000000080006f04 ut=39
HMEM: read from 0000000080006f0c ut=40
HMEM: read from 0000000080006f14 ut=41
HMEM: read from 0000000080006f1c ut=42
HMEM: read from 0000000080006f24 ut=43
HMEM: read from 0000000080006f2c ut=44
HMEM: read from 0000000080006f34 ut=45
HMEM: read from 0000000080006f3c ut=46
HMEM: read from 0000000080006f44 ut=47
HMEM: read from 0000000080006f4c ut=48
HMEM: read from 0000000080006f54 ut=49
HMEM: read from 0000000080006f5c ut=50
HMEM: read from 0000000080006f64 ut=51
HMEM: read from 0000000080006f6c ut=52
HMEM: read from 0000000080006f74 ut=53
HMEM: read from 0000000080006f7c ut=54
HMEM: read from 0000000080006f84 ut=55
HMEM: read from 0000000080006f8c ut=56
HMEM: read from 0000000080006f94 ut=57
HMEM: read from 0000000080006f9c ut=58
HMEM: read from 0000000080006fa4 ut=59
HMEM: read from 0000000080006fac ut=60
HMEM: read from 0000000080006fb4 ut=61
HMEM: read from 0000000080006fbc ut=62
HMEM: read from 0000000080006fc4 ut=63
HMEM: read from 0000000080006fcc ut=64
HMEM: read from 0000000080006fd4 ut=65
HMEM: read from 0000000080006fdc ut=66
HMEM: read from 0000000080006fe4 ut=67
HMEM: read from 0000000080006fec ut=68
HMEM: read from 0000000080006ff4 ut=69
HMEM: read from 0000000080006ffc ut=70
HMEM: read from 0000000080007004 ut=71
HMEM: read from 000000008000700c ut=72
HMEM: read from 0000000080007014 ut=73
HMEM: read from 000000008000701c ut=74
HMEM: read from 0000000080007024 ut=75
HMEM: read from 000000008000702c ut=76
HMEM: read from 0000000080007034 ut=77
HMEM: read from 000000008000703c ut=78
HMEM: read from 0000000080007044 ut=79
HMEM: read from 000000008000704c ut=80
HMEM: read from 0000000080007054 ut=81
HMEM: read from 000000008000705c ut=82
HMEM: read from 0000000080007064 ut=83
HMEM: read from 000000008000706c ut=84
HMEM: read from 0000000080007074 ut=85
HMEM: read from 000000008000707c ut=86
HMEM: read from 0000000080007084 ut=87
HMEM: read from 000000008000708c ut=88
HMEM: read from 0000000080007094 ut=89
HMEM: read from 000000008000709c ut=90
HMEM: read from 00000000800070a4 ut=91
HMEM: read from 00000000800070ac ut=92
HMEM: read from 00000000800070b4 ut=93
HMEM: read from 00000000800070bc ut=94
HMEM: read from 00000000800070c4 ut=95
HMEM: read from 00000000800070cc ut=96
HMEM: read from 00000000800070d4 ut=97
HMEM: read from 00000000800070dc ut=98
HMEM: read from 00000000800070e4 ut=99
HMEM: read from 00000000800070ec ut=100
HMEM: read from 00000000800070f4 ut=101
HMEM: read from 00000000800070fc ut=102
HMEM: read from 0000000080007104 ut=103
HMEM: read from 000000008000710c ut=104
HMEM: read from 0000000080007114 ut=105
HMEM: read from 000000008000711c ut=106
HMEM: read from 0000000080007124 ut=107
HMEM: read from 000000008000712c ut=108
HMEM: read from 0000000080007134 ut=109
HMEM: read from 000000008000713c ut=110
HMEM: read from 0000000080007144 ut=111
HMEM: read from 000000008000714c ut=112
HMEM: read from 0000000080007154 ut=113
HMEM: read from 000000008000715c ut=114
HMEM: read from 0000000080007164 ut=115
HMEM: read from 000000008000716c ut=116
HMEM: read from 0000000080007174 ut=117
HMEM: read from 000000008000717c ut=118
HMEM: read from 0000000080007184 ut=119
HMEM: read from 000000008000718c ut=120
HMEM: read from 0000000080007194 ut=121
HMEM: read from 000000008000719c ut=122
HMEM: read from 00000000800071a4 ut=123
HMEM: read from 00000000800071ac ut=124
HMEM: read from 00000000800071b4 ut=125
HMEM: read from 00000000800071bc ut=126
HMEM: read from 00000000800071c4 ut=127
HMEM: read from 00000000800071cc ut=128
HMEM: read from 00000000800071d4 ut=129
HMEM: read from 00000000800071dc ut=130
HMEM: read from 00000000800071e4 ut=131
HMEM: read from 00000000800071ec ut=132
HMEM: read from 00000000800071f4 ut=133
HMEM: read from 00000000800071fc ut=134
HMEM: read from 0000000080007204 ut=135
HMEM: read from 000000008000720c ut=136
HMEM: read from 0000000080007214 ut=137
HMEM: read from 000000008000721c ut=138
HMEM: read from 0000000080007224 ut=139
HMEM: read from 000000008000722c ut=140
HMEM: read from 0000000080007234 ut=141
HMEM: read from 000000008000723c ut=142
HMEM: read from 0000000080007244 ut=143
HMEM: read from 000000008000724c ut=144
HMEM: read from 0000000080007254 ut=145
HMEM: read from 000000008000725c ut=146
HMEM: read from 0000000080007264 ut=147
HMEM: read from 000000008000726c ut=148
HMEM: read from 0000000080007274 ut=149
HMEM: read from 000000008000727c ut=150
HMEM: read from 0000000080007284 ut=151
HMEM: read from 000000008000728c ut=152
HMEM: read from 0000000080007294 ut=153
HMEM: read from 000000008000729c ut=154
HMEM: read from 00000000800072a4 ut=155
HMEM: read from 00000000800072ac ut=156
HMEM: read from 00000000800072b4 ut=157
HMEM: read from 00000000800072bc ut=158
HMEM: read from 00000000800072c4 ut=159
HMEM: read from 00000000800072cc ut=160
HMEM: read from 00000000800072d4 ut=161
HMEM: read from 00000000800072dc ut=162
HMEM: read from 00000000800072e4 ut=163
HMEM: read from 00000000800072ec ut=164
HMEM: read from 00000000800072f4 ut=165
HMEM: read from 00000000800072fc ut=166
HMEM: read from 0000000080007304 ut=167
HMEM: read from 000000008000730c ut=168
HMEM: read from 0000000080007314 ut=169
HMEM: read from 000000008000731c ut=170
HMEM: read from 0000000080007324 ut=171
HMEM: read from 000000008000732c ut=172
HMEM: read from 0000000080007334 ut=173
HMEM: read from 000000008000733c ut=174
HMEM: read from 0000000080007344 ut=175
HMEM: read from 000000008000734c ut=176
HMEM: read from 0000000080007354 ut=177
HMEM: read from 000000008000735c ut=178
HMEM: read from 0000000080007364 ut=179
HMEM: read from 000000008000736c ut=180
HMEM: read from 0000000080007374 ut=181
HMEM: read from 000000008000737c ut=182
HMEM: read from 0000000080007384 ut=183
HMEM: read from 000000008000738c ut=184
HMEM: read from 0000000080007394 ut=185
HMEM: read from 000000008000739c ut=186
HMEM: read from 00000000800073a4 ut=187
HMEM: read from 00000000800073ac ut=188
HMEM: read from 00000000800073b4 ut=189
HMEM: read from 00000000800073bc ut=190
HMEM: read from 00000000800073c4 ut=191
HMEM: read from 00000000800073cc ut=192
HMEM: read from 00000000800073d4 ut=193
HMEM: read from 00000000800073dc ut=194
HMEM: read from 00000000800073e4 ut=195
HMEM: read from 00000000800073ec ut=196
HMEM: read from 00000000800073f4 ut=197
HMEM: read from 00000000800073fc ut=198
HMEM: read from 0000000080007404 ut=199
HMEM: read from 000000008000740c ut=200
HMEM: read from 0000000080007414 ut=201
HMEM: read from 000000008000741c ut=202
HMEM: read from 0000000080007424 ut=203
HMEM: read from 000000008000742c ut=204
HMEM: read from 0000000080007434 ut=205
HMEM: read from 000000008000743c ut=206
HMEM: read from 0000000080007444 ut=207
HMEM: read from 000000008000744c ut=208
HMEM: read from 0000000080007454 ut=209
HMEM: read from 000000008000745c ut=210
HMEM: read from 0000000080007464 ut=211
HMEM: read from 000000008000746c ut=212
HMEM: read from 0000000080007474 ut=213
HMEM: read from 000000008000747c ut=214
HMEM: read from 0000000080007484 ut=215
HMEM: read from 000000008000748c ut=216
HMEM: read from 0000000080007494 ut=217
HMEM: read from 000000008000749c ut=218
HMEM: read from 00000000800074a4 ut=219
HMEM: read from 00000000800074ac ut=220
HMEM: read from 00000000800074b4 ut=221
HMEM: read from 00000000800074bc ut=222
HMEM: read from 00000000800074c4 ut=223
HMEM: read from 00000000800074cc ut=224
HMEM: read from 00000000800074d4 ut=225
HMEM: read from 00000000800074dc ut=226
HMEM: read from 00000000800074e4 ut=227
HMEM: read from 00000000800074ec ut=228
HMEM: read from 00000000800074f4 ut=229
HMEM: read from 00000000800074fc ut=230
HMEM: read from 0000000080007504 ut=231
HMEM: read from 000000008000750c ut=232
HMEM: read from 0000000080007514 ut=233
HMEM: read from 000000008000751c ut=234
HMEM: read from 0000000080007524 ut=235
HMEM: read from 000000008000752c ut=236
HMEM: read from 0000000080007534 ut=237
HMEM: read from 000000008000753c ut=238
HMEM: read from 0000000080007544 ut=239
HMEM: read from 000000008000754c ut=240
HMEM: read from 0000000080007554 ut=241
HMEM: read from 000000008000755c ut=242
HMEM: read from 0000000080007564 ut=243
HMEM: read from 000000008000756c ut=244
HMEM: read from 0000000080007574 ut=245
HMEM: read from 000000008000757c ut=246
HMEM: read from 0000000080007584 ut=247
HMEM: read from 000000008000758c ut=248
HMEM: read from 0000000080007594 ut=249
HMEM: read from 000000008000759c ut=250
HMEM: read from 00000000800075a4 ut=251
HMEM: read from 00000000800075ac ut=252
HMEM: read from 00000000800075b4 ut=253
HMEM: read from 00000000800075bc ut=254
HMEM: read from 00000000800075c4 ut=255
HMEM: read from 00000000800075cc ut=256
HMEM: read from 00000000800075d4 ut=257
HMEM: read from 00000000800075dc ut=258
HMEM: read from 00000000800075e4 ut=259
HMEM: read from 00000000800075ec ut=260
HMEM: read from 00000000800075f4 ut=261
HMEM: read from 00000000800075fc ut=262
HMEM: read from 0000000080007604 ut=263
HMEM: read from 000000008000760c ut=264
HMEM: read from 0000000080007614 ut=265
HMEM: read from 000000008000761c ut=266
HMEM: read from 0000000080007624 ut=267
HMEM: read from 000000008000762c ut=268
HMEM: read from 0000000080007634 ut=269
HMEM: read from 000000008000763c ut=270
HMEM: read from 0000000080007644 ut=271
HMEM: read from 000000008000764c ut=272
HMEM: read from 0000000080007654 ut=273
HMEM: read from 000000008000765c ut=274
HMEM: read from 0000000080007664 ut=275
HMEM: read from 000000008000766c ut=276
HMEM: read from 0000000080007674 ut=277
HMEM: read from 000000008000767c ut=278
HMEM: read from 0000000080007684 ut=279
HMEM: read from 000000008000768c ut=280
HMEM: read from 0000000080007694 ut=281
HMEM: read from 000000008000769c ut=282
HMEM: read from 00000000800076a4 ut=283
HMEM: read from 00000000800076ac ut=284
HMEM: read from 00000000800076b4 ut=285
HMEM: read from 00000000800076bc ut=286
HMEM: read from 00000000800076c4 ut=287
HMEM: read from 00000000800076cc ut=288
HMEM: read from 00000000800076d4 ut=289
HMEM: read from 00000000800076dc ut=290
HMEM: read from 00000000800076e4 ut=291
HMEM: read from 00000000800076ec ut=292
HMEM: read from 00000000800076f4 ut=293
HMEM: read from 00000000800076fc ut=294
HMEM: read from 0000000080007704 ut=295
HMEM: read from 000000008000770c ut=296
HMEM: read from 0000000080007714 ut=297
HMEM: read from 000000008000771c ut=298
HMEM: read from 0000000080007724 ut=299
HMEM: read from 000000008000772c ut=300
HMEM: read from 0000000080007734 ut=301
HMEM: read from 000000008000773c ut=302
HMEM: read from 0000000080007744 ut=303
HMEM: read from 000000008000774c ut=304
HMEM: read from 0000000080007754 ut=305
HMEM: read from 000000008000775c ut=306
HMEM: read from 0000000080007764 ut=307
HMEM: read from 000000008000776c ut=308
HMEM: read from 0000000080007774 ut=309
HMEM: read from 000000008000777c ut=310
HMEM: read from 0000000080007784 ut=311
HMEM: read from 000000008000778c ut=312
HMEM: read from 0000000080007794 ut=313
HMEM: read from 000000008000779c ut=314
HMEM: read from 00000000800077a4 ut=315
HMEM: read from 00000000800077ac ut=316
HMEM: read from 00000000800077b4 ut=317
HMEM: read from 00000000800077bc ut=318
HMEM: read from 00000000800077c4 ut=319
HMEM: read from 00000000800077cc ut=320
HMEM: read from 00000000800077d4 ut=321
HMEM: read from 00000000800077dc ut=322
HMEM: read from 00000000800077e4 ut=323
HMEM: read from 00000000800077ec ut=324
HMEM: read from 00000000800077f4 ut=325
HMEM: read from 00000000800077fc ut=326
HMEM: read from 0000000080007804 ut=327
HMEM: read from 000000008000780c ut=328
HMEM: read from 0000000080007814 ut=329
HMEM: read from 000000008000781c ut=330
HMEM: read from 0000000080007824 ut=331
HMEM: read from 000000008000782c ut=332
HMEM: read from 0000000080007834 ut=333
HMEM: read from 000000008000783c ut=334
HMEM: read from 0000000080007844 ut=335
HMEM: read from 000000008000784c ut=336
HMEM: read from 0000000080007854 ut=337
HMEM: read from 000000008000785c ut=338
HMEM: read from 0000000080007864 ut=339
HMEM: read from 000000008000786c ut=340
HMEM: read from 0000000080007874 ut=341
HMEM: read from 000000008000787c ut=342
HMEM: read from 0000000080007884 ut=343
HMEM: read from 000000008000788c ut=344
HMEM: read from 0000000080007894 ut=345
HMEM: read from 000000008000789c ut=346
HMEM: read from 00000000800078a4 ut=347
HMEM: read from 00000000800078ac ut=348
HMEM: read from 00000000800078b4 ut=349
HMEM: read from 00000000800078bc ut=350
HMEM: read from 00000000800078c4 ut=351
HMEM: read from 00000000800078cc ut=352
HMEM: read from 00000000800078d4 ut=353
HMEM: read from 00000000800078dc ut=354
HMEM: read from 00000000800078e4 ut=355
HMEM: read from 00000000800078ec ut=356
HMEM: read from 00000000800078f4 ut=357
HMEM: read from 00000000800078fc ut=358
HMEM: read from 0000000080007904 ut=359
HMEM: read from 000000008000790c ut=360
HMEM: read from 0000000080007914 ut=361
HMEM: read from 000000008000791c ut=362
HMEM: read from 0000000080007924 ut=363
HMEM: read from 000000008000792c ut=364
HMEM: read from 0000000080007934 ut=365
HMEM: read from 000000008000793c ut=366
HMEM: read from 0000000080007944 ut=367
HMEM: read from 000000008000794c ut=368
HMEM: read from 0000000080007954 ut=369
HMEM: read from 000000008000795c ut=370
HMEM: read from 0000000080007964 ut=371
HMEM: read from 000000008000796c ut=372
HMEM: read from 0000000080007974 ut=373
HMEM: read from 000000008000797c ut=374
HMEM: read from 0000000080007984 ut=375
HMEM: read from 000000008000798c ut=376
HMEM: read from 0000000080007994 ut=377
HMEM: read from 000000008000799c ut=378
HMEM: read from 00000000800079a4 ut=379
HMEM: read from 00000000800079ac ut=380
HMEM: read from 00000000800079b4 ut=381
HMEM: read from 00000000800079bc ut=382
HMEM: read from 00000000800079c4 ut=383
HMEM: read from 00000000800079cc ut=384
HMEM: read from 00000000800079d4 ut=385
HMEM: read from 00000000800079dc ut=386
HMEM: read from 00000000800079e4 ut=387
HMEM: read from 00000000800079ec ut=388
HMEM: read from 00000000800079f4 ut=389
HMEM: read from 00000000800079fc ut=390
HMEM: read from 0000000080007a04 ut=391
HMEM: read from 0000000080007a0c ut=392
HMEM: read from 0000000080007a14 ut=393
HMEM: read from 0000000080007a1c ut=394
HMEM: read from 0000000080007a24 ut=395
HMEM: read from 0000000080007a2c ut=396
HMEM: read from 0000000080007a34 ut=397
HMEM: read from 0000000080007a3c ut=398
HMEM: read from 0000000080007a44 ut=399
HMEM: read from 0000000080007a4c ut=400
HMEM: read from 0000000080007a54 ut=401
HMEM: read from 0000000080007a5c ut=402
HMEM: read from 0000000080007a64 ut=403
HMEM: read from 0000000080007a6c ut=404
HMEM: read from 0000000080007a74 ut=405
HMEM: read from 0000000080007a7c ut=406
HMEM: read from 0000000080007a84 ut=407
HMEM: read from 0000000080007a8c ut=408
HMEM: read from 0000000080007a94 ut=409
HMEM: read from 0000000080007a9c ut=410
HMEM: read from 0000000080007aa4 ut=411
HMEM: read from 0000000080007aac ut=412
HMEM: read from 0000000080007ab4 ut=413
HMEM: read from 0000000080007abc ut=414
HMEM: read from 0000000080007ac4 ut=415
HMEM: read from 0000000080007acc ut=416
HMEM: read from 0000000080007ad4 ut=417
HMEM: read from 0000000080007adc ut=418
HMEM: read from 0000000080007ae4 ut=419
HMEM: read from 0000000080007aec ut=420
HMEM: read from 0000000080007af4 ut=421
HMEM: read from 0000000080007afc ut=422
HMEM: read from 0000000080007b04 ut=423
HMEM: read from 0000000080007b0c ut=424
HMEM: read from 0000000080007b14 ut=425
HMEM: read from 0000000080007b1c ut=426
HMEM: read from 0000000080007b24 ut=427
HMEM: read from 0000000080007b2c ut=428
HMEM: read from 0000000080007b34 ut=429
HMEM: read from 0000000080007b3c ut=430
HMEM: read from 0000000080007b44 ut=431
HMEM: read from 0000000080007b4c ut=432
HMEM: read from 0000000080007b54 ut=433
HMEM: read from 0000000080007b5c ut=434
HMEM: read from 0000000080007b64 ut=435
HMEM: read from 0000000080007b6c ut=436
HMEM: read from 0000000080007b74 ut=437
HMEM: read from 0000000080007b7c ut=438
HMEM: read from 0000000080007b84 ut=439
HMEM: read from 0000000080007b8c ut=440
HMEM: read from 0000000080007b94 ut=441
HMEM: read from 0000000080007b9c ut=442
HMEM: read from 0000000080007ba4 ut=443
HMEM: read from 0000000080007bac ut=444
HMEM: read from 0000000080007bb4 ut=445
HMEM: read from 0000000080007bbc ut=446
HMEM: read from 0000000080007bc4 ut=447
HMEM: read from 0000000080007bcc ut=448
HMEM: read from 0000000080007bd4 ut=449
HMEM: read from 0000000080007bdc ut=450
HMEM: read from 0000000080007be4 ut=451
HMEM: read from 0000000080007bec ut=452
HMEM: read from 0000000080007bf4 ut=453
HMEM: read from 0000000080007bfc ut=454
HMEM: read from 0000000080007c04 ut=455
HMEM: read from 0000000080007c0c ut=456
HMEM: read from 0000000080007c14 ut=457
HMEM: read from 0000000080007c1c ut=458
HMEM: read from 0000000080007c24 ut=459
HMEM: read from 0000000080007c2c ut=460
HMEM: read from 0000000080007c34 ut=461
HMEM: read from 0000000080007c3c ut=462
HMEM: read from 0000000080007c44 ut=463
HMEM: read from 0000000080007c4c ut=464
HMEM: read from 0000000080007c54 ut=465
HMEM: read from 0000000080007c5c ut=466
HMEM: read from 0000000080007c64 ut=467
HMEM: read from 0000000080007c6c ut=468
HMEM: read from 0000000080007c74 ut=469
HMEM: read from 0000000080007c7c ut=470
HMEM: read from 0000000080007c84 ut=471
HMEM: read from 0000000080007c8c ut=472
HMEM: read from 0000000080007c94 ut=473
HMEM: read from 0000000080007c9c ut=474
HMEM: read from 0000000080007ca4 ut=475
HMEM: read from 0000000080007cac ut=476
HMEM: read from 0000000080007cb4 ut=477
HMEM: read from 0000000080007cbc ut=478
HMEM: read from 0000000080007cc4 ut=479
HMEM: read from 0000000080007ccc ut=480
HMEM: read from 0000000080007cd4 ut=481
HMEM: read from 0000000080007cdc ut=482
HMEM: read from 0000000080007ce4 ut=483
HMEM: read from 0000000080007cec ut=484
HMEM: read from 0000000080007cf4 ut=485
HMEM: read from 0000000080007cfc ut=486
HMEM: read from 0000000080007d04 ut=487
HMEM: read from 0000000080007d0c ut=488
HMEM: read from 0000000080007d14 ut=489
HMEM: read from 0000000080007d1c ut=490
HMEM: read from 0000000080007d24 ut=491
HMEM: read from 0000000080007d2c ut=492
HMEM: read from 0000000080007d34 ut=493
HMEM: read from 0000000080007d3c ut=494
HMEM: read from 0000000080007d44 ut=495
HMEM: read from 0000000080007d4c ut=496
HMEM: read from 0000000080007d54 ut=497
HMEM: read from 0000000080007d5c ut=498
HMEM: read from 0000000080007d64 ut=499
HMEM: read from 0000000080007d6c ut=500
HMEM: read from 0000000080007d74 ut=501
HMEM: read from 0000000080007d7c ut=502
HMEM: read from 0000000080007d84 ut=503
HMEM: read from 0000000080007d8c ut=504
HMEM: read from 0000000080007d94 ut=505
HMEM: read from 0000000080007d9c ut=506
HMEM: read from 0000000080007da4 ut=507
HMEM: read from 0000000080007dac ut=508
HMEM: read from 0000000080007db4 ut=509
HMEM: read from 0000000080007dbc ut=510
HMEM: read from 0000000080007dc4 ut=511
H: WT pc=0000000080002058 inst=80000a0801012b3f next=0000000080002060 vl=512 act=ffffffffffffffffffffffffffffffffffffffffffffffffffffffffffffffffffffffffffffffffffffffffffffffffffffffffffffffffffffffffffffffff
H: WT pc=0000000080002060 inst=a01c02023c032a3f next=0000000080002068 vl=512 act=ffffffffffffffffffffffffffffffffffffffffffffffffffffffffffffffffffffffffffffffffffffffffffffffffffffffffffffffffffffffffffffffff
H: WT pc=0000000080002068 inst=e01c040603032a3f next=0000000080002070 vl=512 act=ffffffffffffffffffffffffffffffffffffffffffffffffffffffffffffffffffffffffffffffffffffffffffffffffffffffffffffffffffffffffffffffff
H: WT pc=0000000080002070 inst=f01c06040202283f next=0000000080002078 vl=512 act=ffffffffffffffffffffffffffffffffffffffffffffffffffffffffffffffffffffffffffffffffffffffffffffffffffffffffffffffffffffffffffffffff
H: WT pc=0000000080002078 inst=c01c160002022a3f next=0000000080002080 vl=512 act=ffffffffffffffffffffffffffffffffffffffffffffffffffffffffffffffffffffffffffffffffffffffffffffffffffffffffffffffffffffffffffffffff
HMEM: write 0000000080004dc8 with 0000000041c7be01 ut=0
HMEM: write 0000000080004dcc with 0000000042a13205 ut=1
HMEM: write 0000000080004dd0 with 0000000042cd7ff0 ut=2
HMEM: write 0000000080004dd4 with 000000004350bd63 ut=3
HMEM: write 0000000080004dd8 with 000000004357034b ut=4
HMEM: write 0000000080004ddc with 0000000043159e71 ut=5
HMEM: write 0000000080004de0 with 000000004382a6ba ut=6
HMEM: write 0000000080004de4 with 0000000042c76177 ut=7
HMEM: write 0000000080004de8 with 0000000043048cc0 ut=8
HMEM: write 0000000080004dec with 00000000436a1f6d ut=9
HMEM: write 0000000080004df0 with 00000000434faa03 ut=10
HMEM: write 0000000080004df4 with 00000000428cc2e4 ut=11
HMEM: write 0000000080004df8 with 0000000041ce7c97 ut=12
HMEM: write 0000000080004dfc with 00000000430b2d00 ut=13
HMEM: write 0000000080004e00 with 000000004184a32e ut=14
HMEM: write 0000000080004e04 with 0000000042ce7686 ut=15
HMEM: write 0000000080004e08 with 0000000041ebe0d4 ut=16
HMEM: write 0000000080004e0c with 0000000042b1bd44 ut=17
HMEM: write 0000000080004e10 with 0000000043681240 ut=18
HMEM: write 0000000080004e14 with 000000004377df7f ut=19
HMEM: write 0000000080004e18 with 0000000042aecde2 ut=20
HMEM: write 0000000080004e1c with 000000004319e9b0 ut=21
HMEM: write 0000000080004e20 with 0000000042c37197 ut=22
HMEM: write 0000000080004e24 with 000000004255664b ut=23
HMEM: write 0000000080004e28 with 0000000042118616 ut=24
HMEM: write 0000000080004e2c with 0000000042b1e020 ut=25
HMEM: write 0000000080004e30 with 000000004209a0d4 ut=26
HMEM: write 0000000080004e34 with 000000004332c099 ut=27
HMEM: write 0000000080004e38 with 0000000041cb1862 ut=28
HMEM: write 0000000080004e3c with 00000000437345b3 ut=29
HMEM: write 0000000080004e40 with 00000000429710ca ut=30
HMEM: write 0000000080004e44 with 00000000435f1666 ut=31
HMEM: write 0000000080004e48 with 00000000425e55c2 ut=32
HMEM: write 0000000080004e4c with 000000004385d618 ut=33
HMEM: write 0000000080004e50 with 000000004343f66d ut=34
HMEM: write 0000000080004e54 with 00000000426cc2bc ut=35
HMEM: write 0000000080004e58 with 0000000042535880 ut=36
HMEM: write 0000000080004e5c with 00000000426636be ut=37
HMEM: write 0000000080004e60 with 00000000438118e9 ut=38
HMEM: write 0000000080004e64 with 00000000431cf7cc ut=39
HMEM: write 0000000080004e68 with 0000000042a2feee ut=40
HMEM: write 0000000080004e6c with 00000000434107e1 ut=41
HMEM: write 0000000080004e70 with 000000004312c1bf ut=42
HMEM: write 0000000080004e74 with 00000000432ff7b6 ut=43
HMEM: write 0000000080004e78 with 0000000043809b20 ut=44
HMEM: write 0000000080004e7c with 000000004313b9a1 ut=45
HMEM: write 0000000080004e80 with 00000000438124de ut=46
HMEM: write 0000000080004e84 with 0000000042223905 ut=47
HMEM: write 0000000080004e88 with 0000000042673355 ut=48
HMEM: write 0000000080004e8c with 000000004285b731 ut=49
HMEM: write 0000000080004e90 with 000000004292a80b ut=50
HMEM: write 0000000080004e94 with 0000000041870bf1 ut=51
HMEM: write 0000000080004e98 with 00000000421f274e ut=52
HMEM: write 0000000080004e9c with 00000000421cc029 ut=53
HMEM: write 0000000080004ea0 with 000000004305b075 ut=54
HMEM: write 0000000080004ea4 with 00000000431499d1 ut=55
HMEM: write 0000000080004ea8 with 000000004375ad0d ut=56
HMEM: write 0000000080004eac with 0000000041dae48f ut=57
HMEM: write 0000000080004eb0 with 0000000042c9bd15 ut=58
HMEM: write 0000000080004eb4 with 00000000428c60e6 ut=59
HMEM: write 0000000080004eb8 with 0000000042cbc00e ut=60
HMEM: write 0000000080004ebc with 00000000413ecb13 ut=61
HMEM: write 0000000080004ec0 with 0000000042089951 ut=62
HMEM: write 0000000080004ec4 with 00000000422f85ad ut=63
HMEM: write 0000000080004ec8 with 00000000434b3cdb ut=64
HMEM: write 0000000080004ecc with 000000004228b322 ut=65
HMEM: write 0000000080004ed0 with 0000000042803173 ut=66
HMEM: write 0000000080004ed4 with 0000000041a869e1 ut=67
HMEM: write 0000000080004ed8 with 00000000435e6e11 ut=68
HMEM: write 0000000080004edc with 00000000432f9fad ut=69
HMEM: write 0000000080004ee0 with 0000000043266675 ut=70
HMEM: write 0000000080004ee4 with 00000000428ed404 ut=71
HMEM: write 0000000080004ee8 with 0000000042a756a1 ut=72
HMEM: write 0000000080004eec with 0000000041c5cf7d ut=73
HMEM: write 0000000080004ef0 with 000000004388bf1c ut=74
HMEM: write 0000000080004ef4 with 00000000431a4212 ut=75
HMEM: write 0000000080004ef8 with 00000000422633f7 ut=76
HMEM: write 0000000080004efc with 0000000041b8c06e ut=77
HMEM: write 0000000080004f00 with 0000000043725deb ut=78
HMEM: write 0000000080004f04 with 0000000042a5132b ut=79
HMEM: write 0000000080004f08 with 00000000422a2793 ut=80
HMEM: write 0000000080004f0c with 000000004380adf9 ut=81
HMEM: write 0000000080004f10 with 000000004371431e ut=82
HMEM: write 0000000080004f14 with 00000000431974ea ut=83
HMEM: write 0000000080004f18 with 000000004377da79 ut=84
HMEM: write 0000000080004f1c with 000000004272a800 ut=85
HMEM: write 0000000080004f20 with 00000000429d425d ut=86
HMEM: write 0000000080004f24 with 000000004366b315 ut=87
HMEM: write 0000000080004f28 with 00000000433b2e64 ut=88
HMEM: write 0000000080004f2c with 0000000042cb51d9 ut=89
HMEM: write 0000000080004f30 with 0000000041dd75f5 ut=90
HMEM: write 0000000080004f34 with 0000000042e03f7b ut=91
HMEM: write 0000000080004f38 with 000000004286d7c1 ut=92
HMEM: write 0000000080004f3c with 00000000424b1761 ut=93
HMEM: write 0000000080004f40 with 00000000426954b6 ut=94
HMEM: write 0000000080004f44 with 00000000429287df ut=95
HMEM: write 0000000080004f48 with 000000004296b9a2 ut=96
HMEM: write 0000000080004f4c with 000000004388aff6 ut=97
HMEM: write 0000000080004f50 with 000000004260d377 ut=98
HMEM: write 0000000080004f54 with 000000004209295f ut=99
HMEM: write 0000000080004f58 with 000000004206573a ut=100
HMEM: write 0000000080004f5c with 0000000042d9242d ut=101
HMEM: write 0000000080004f60 with 00000000437e0bf8 ut=102
HMEM: write 0000000080004f64 with 00000000429a294c ut=103
HMEM: write 0000000080004f68 with 0000000042cab0a1 ut=104
HMEM: write 0000000080004f6c with 0000000041b81718 ut=105
HMEM: write 0000000080004f70 with 0000000042e0284b ut=106
HMEM: write 0000000080004f74 with 0000000043073b52 ut=107
HMEM: write 0000000080004f78 with 0000000042f2fa13 ut=108
HMEM: write 0000000080004f7c with 0000000041e4689f ut=109
HMEM: write 0000000080004f80 with 0000000043546d78 ut=110
HMEM: write 0000000080004f84 with 000000004146efe4 ut=111
HMEM: write 0000000080004f88 with 00000000421d9a27 ut=112
HMEM: write 0000000080004f8c with 0000000043505ef0 ut=113
HMEM: write 0000000080004f90 with 0000000042a515c6 ut=114
HMEM: write 0000000080004f94 with 00000000428ad7b4 ut=115
HMEM: write 0000000080004f98 with 00000000416bf224 ut=116
HMEM: write 0000000080004f9c with 000000004341a88a ut=117
HMEM: write 0000000080004fa0 with 0000000042ec252b ut=118
HMEM: write 0000000080004fa4 with 0000000042de54cb ut=119
HMEM: write 0000000080004fa8 with 0000000042bb3aa0 ut=120
HMEM: write 0000000080004fac with 0000000042b4ae11 ut=121
HMEM: write 0000000080004fb0 with 000000004256687d ut=122
HMEM: write 0000000080004fb4 with 00000000436d0d8f ut=123
HMEM: write 0000000080004fb8 with 0000000041d62a13 ut=124
HMEM: write 0000000080004fbc with 0000000041995b85 ut=125
HMEM: write 0000000080004fc0 with 0000000042abe579 ut=126
HMEM: write 0000000080004fc4 with 00000000436ada5d ut=127
HMEM: write 0000000080004fc8 with 000000004312e35f ut=128
HMEM: write 0000000080004fcc with 000000004376c308 ut=129
HMEM: write 0000000080004fd0 with 00000000434e527f ut=130
HMEM: write 0000000080004fd4 with 00000000428b996f ut=131
HMEM: write 0000000080004fd8 with 0000000042b4bbdf ut=132
HMEM: write 0000000080004fdc with 0000000042cf711d ut=133
HMEM: write 0000000080004fe0 with 0000000042a38a8d ut=134
HMEM: write 0000000080004fe4 with 0000000042545a2a ut=135
HMEM: write 0000000080004fe8 with 0000000042211b8c ut=136
HMEM: write 0000000080004fec with 00000000428445d7 ut=137
HMEM: write 0000000080004ff0 with 0000000042452e00 ut=138
HMEM: write 0000000080004ff4 with 0000000042202abf ut=139
HMEM: write 0000000080004ff8 with 00000000436ec384 ut=140
HMEM: write 0000000080004ffc with 000000004265177d ut=141
HMEM: write 0000000080005000 with 00000000428bd9e5 ut=142
HMEM: write 0000000080005004 with 0000000042513cab ut=143
HMEM: write 0000000080005008 with 0000000043328398 ut=144
HMEM: write 000000008000500c with 00000000433f10ba ut=145
HMEM: write 0000000080005010 with 00000000430e8f4d ut=146
HMEM: write 0000000080005014 with 0000000042138dee ut=147
HMEM: write 0000000080005018 with 0000000042959ab2 ut=148
HMEM: write 000000008000501c with 000000004201b8d6 ut=149
HMEM: write 0000000080005020 with 0000000043628d4b ut=150
HMEM: write 0000000080005024 with 00000000425fa31c ut=151
HMEM: write 0000000080005028 with 00000000434fec62 ut=152
HMEM: write 000000008000502c with 0000000042f77fb0 ut=153
HMEM: write 0000000080005030 with 00000000434ab442 ut=154
HMEM: write 0000000080005034 with 00000000436a7693 ut=155
HMEM: write 0000000080005038 with 000000004219c9ef ut=156
HMEM: write 000000008000503c with 000000004113568c ut=157
HMEM: write 0000000080005040 with 00000000429fa25d ut=158
HMEM: write 0000000080005044 with 0000000042930d4a ut=159
HMEM: write 0000000080005048 with 000000004191bd82 ut=160
HMEM: write 000000008000504c with 000000004351be20 ut=161
HMEM: write 0000000080005050 with 00000000433706f0 ut=162
HMEM: write 0000000080005054 with 00000000427a5815 ut=163
HMEM: write 0000000080005058 with 000000004259dac6 ut=164
HMEM: write 000000008000505c with 0000000042a1c8f9 ut=165
HMEM: write 0000000080005060 with 0000000042b7c497 ut=166
HMEM: write 0000000080005064 with 0000000042f5c418 ut=167
HMEM: write 0000000080005068 with 00000000430dedd9 ut=168
HMEM: write 000000008000506c with 00000000419a0ae4 ut=169
HMEM: write 0000000080005070 with 0000000042644081 ut=170
HMEM: write 0000000080005074 with 0000000042d33e16 ut=171
HMEM: write 0000000080005078 with 00000000438737db ut=172
HMEM: write 000000008000507c with 000000004224378f ut=173
HMEM: write 0000000080005080 with 0000000042c07508 ut=174
HMEM: write 0000000080005084 with 0000000041b0b96a ut=175
HMEM: write 0000000080005088 with 0000000042940fbe ut=176
HMEM: write 000000008000508c with 0000000042e41127 ut=177
HMEM: write 0000000080005090 with 0000000042817314 ut=178
HMEM: write 0000000080005094 with 000000004332bdea ut=179
HMEM: write 0000000080005098 with 000000004380d507 ut=180
HMEM: write 000000008000509c with 0000000042d71c14 ut=181
HMEM: write 00000000800050a0 with 0000000042a67dce ut=182
HMEM: write 00000000800050a4 with 00000000429eea39 ut=183
HMEM: write 00000000800050a8 with 0000000042d2f705 ut=184
HMEM: write 00000000800050ac with 0000000043734571 ut=185
HMEM: write 00000000800050b0 with 00000000428e3b51 ut=186
HMEM: write 00000000800050b4 with 00000000421cb37c ut=187
HMEM: write 00000000800050b8 with 00000000435ba0fb ut=188
HMEM: write 00000000800050bc with 00000000426f4775 ut=189
HMEM: write 00000000800050c0 with 0000000042d000d1 ut=190
HMEM: write 00000000800050c4 with 00000000435a3faa ut=191
HMEM: write 00000000800050c8 with 000000004335dbce ut=192
HMEM: write 00000000800050cc with 00000000428cfdce ut=193
HMEM: write 00000000800050d0 with 0000000043313bb3 ut=194
HMEM: write 00000000800050d4 with 000000004296094d ut=195
HMEM: write 00000000800050d8 with 0000000041d8b856 ut=196
HMEM: write 00000000800050dc with 0000000042c44c16 ut=197
HMEM: write 00000000800050e0 with 0000000041a9166f ut=198
HMEM: write 00000000800050e4 with 0000000043101c5b ut=199
HMEM: write 00000000800050e8 with 0000000041cdfc93 ut=200
HMEM: write 00000000800050ec with 0000000043737c0d ut=201
HMEM: write 00000000800050f0 with 0000000042655f5c ut=202
HMEM: write 00000000800050f4 with 0000000042b0dab9 ut=203
HMEM: write 00000000800050f8 with 0000000042d873b0 ut=204
HMEM: write 00000000800050fc with 00000000437ee2e4 ut=205
HMEM: write 0000000080005100 with 00000000433ed3ac ut=206
HMEM: write 0000000080005104 with 000000004295a07a ut=207
HMEM: write 0000000080005108 with 00000000427361fe ut=208
HMEM: write 000000008000510c with 000000004379ecab ut=209
HMEM: write 0000000080005110 with 0000000042a6a4b0 ut=210
HMEM: write 0000000080005114 with 0000000042afaa42 ut=211
HMEM: write 0000000080005118 with 00000000433ee51a ut=212
HMEM: write 000000008000511c with 00000000421b937e ut=213
HMEM: write 0000000080005120 with 00000000437037d6 ut=214
HMEM: write 0000000080005124 with 00000000429f2b3d ut=215
HMEM: write 0000000080005128 with 000000004228d942 ut=216
HMEM: write 000000008000512c with 000000004345ca8d ut=217
HMEM: write 0000000080005130 with 0000000043405507 ut=218
HMEM: write 0000000080005134 with 000000004337ee6a ut=219
HMEM: write 0000000080005138 with 000000004345b986 ut=220
HMEM: write 000000008000513c with 000000004268d16f ut=221
HMEM: write 0000000080005140 with 0000000042a554da ut=222
HMEM: write 0000000080005144 with 00000000435d234d ut=223
HMEM: write 0000000080005148 with 00000000433ce086 ut=224
HMEM: write 000000008000514c with 0000000042c589a4 ut=225
HMEM: write 0000000080005150 with 0000000042c95d2c ut=226
HMEM: write 0000000080005154 with 00000000435af689 ut=227
HMEM: write 0000000080005158 with 0000000041aef8d4 ut=228
HMEM: write 000000008000515c with 0000000042a40604 ut=229
HMEM: write 0000000080005160 with 00000000428d8b7a ut=230
HMEM: write 0000000080005164 with 0000000042119dcd ut=231
HMEM: write 0000000080005168 with 000000004337167f ut=232
HMEM: write 000000008000516c with 00000000437bd8b1 ut=233
HMEM: write 0000000080005170 with 00000000421b49a5 ut=234
HMEM: write 0000000080005174 with 0000000042ba3af9 ut=235
HMEM: write 0000000080005178 with 0000000041d87432 ut=236
HMEM: write 000000008000517c with 00000000436ce182 ut=237
HMEM: write 0000000080005180 with 000000004384e292 ut=238
HMEM: write 0000000080005184 with 000000004176a625 ut=239
HMEM: write 0000000080005188 with 0000000042cd8490 ut=240
HMEM: write 000000008000518c with 00000000430d8fef ut=241
HMEM: write 0000000080005190 with 00000000427563f6 ut=242
HMEM: write 0000000080005194 with 0000000041fab33f ut=243
HMEM: write 0000000080005198 with 0000000041ffa426 ut=244
HMEM: write 000000008000519c with 0000000042acacbd ut=245
HMEM: write 00000000800051a0 with 0000000042166f77 ut=246
HMEM: write 00000000800051a4 with 0000000041f949be ut=247
HMEM: write 00000000800051a8 with 00000000428879d6 ut=248
HMEM: write 00000000800051ac with 00000000436b962a ut=249
HMEM: write 00000000800051b0 with 0000000042dd4907 ut=250
HMEM: write 00000000800051b4 with 00000000423f5ac8 ut=251
HMEM: write 00000000800051b8 with 000000004354810c ut=252
HMEM: write 00000000800051bc with 00000000437adb46 ut=253
HMEM: write 00000000800051c0 with 000000004361e7cf ut=254
HMEM: write 00000000800051c4 with 00000000419a0dc2 ut=255
HMEM: write 00000000800051c8 with 0000000042693bee ut=256
HMEM: write 00000000800051cc with 00000000434456cd ut=257
HMEM: write 00000000800051d0 with 00000000435729a3 ut=258
HMEM: write 00000000800051d4 with 000000004288bcdb ut=259
HMEM: write 00000000800051d8 with 0000000043164564 ut=260
HMEM: write 00000000800051dc with 0000000041eae3d8 ut=261
HMEM: write 00000000800051e0 with 0000000041b07a94 ut=262
HMEM: write 00000000800051e4 with 0000000041fe9d2c ut=263
HMEM: write 00000000800051e8 with 0000000042a4b247 ut=264
HMEM: write 00000000800051ec with 000000004257a3d4 ut=265
HMEM: write 00000000800051f0 with 00000000424ef83c ut=266
HMEM: write 00000000800051f4 with 00000000432b4c93 ut=267
HMEM: write 00000000800051f8 with 00000000428cb474 ut=268
HMEM: write 00000000800051fc with 000000004385b00c ut=269
HMEM: write 0000000080005200 with 0000000043721aab ut=270
HMEM: write 0000000080005204 with 0000000043217d21 ut=271
HMEM: write 0000000080005208 with 0000000041f12a69 ut=272
HMEM: write 000000008000520c with 000000004282be6d ut=273
HMEM: write 0000000080005210 with 00000000422e0f6c ut=274
HMEM: write 0000000080005214 with 0000000042d8c780 ut=275
HMEM: write 0000000080005218 with 00000000423d7270 ut=276
HMEM: write 000000008000521c with 00000000431a3411 ut=277
HMEM: write 0000000080005220 with 0000000042c55310 ut=278
HMEM: write 0000000080005224 with 0000000042849c73 ut=279
HMEM: write 0000000080005228 with 00000000426e7c52 ut=280
HMEM: write 000000008000522c with 000000004297de75 ut=281
HMEM: write 0000000080005230 with 0000000041c026ed ut=282
HMEM: write 0000000080005234 with 000000004263acb9 ut=283
HMEM: write 0000000080005238 with 000000004326cfb8 ut=284
HMEM: write 000000008000523c with 0000000042aa1186 ut=285
HMEM: write 0000000080005240 with 00000000420b83b5 ut=286
HMEM: write 0000000080005244 with 000000004314f0a7 ut=287
HMEM: write 0000000080005248 with 0000000042c09e29 ut=288
HMEM: write 000000008000524c with 0000000042af1b04 ut=289
HMEM: write 0000000080005250 with 00000000429e6abc ut=290
HMEM: write 0000000080005254 with 0000000042d5c7b6 ut=291
HMEM: write 0000000080005258 with 000000004257f3c0 ut=292
HMEM: write 000000008000525c with 00000000425f98df ut=293
HMEM: write 0000000080005260 with 00000000422e6f13 ut=294
HMEM: write 0000000080005264 with 000000004265f166 ut=295
HMEM: write 0000000080005268 with 00000000435ac83a ut=296
HMEM: write 000000008000526c with 0000000041dc8a73 ut=297
HMEM: write 0000000080005270 with 000000004365cdf8 ut=298
HMEM: write 0000000080005274 with 000000004294f97e ut=299
HMEM: write 0000000080005278 with 0000000042d32757 ut=300
HMEM: write 000000008000527c with 0000000043740530 ut=301
HMEM: write 0000000080005280 with 00000000418bac07 ut=302
HMEM: write 0000000080005284 with 000000004291e203 ut=303
HMEM: write 0000000080005288 with 000000004334b424 ut=304
HMEM: write 000000008000528c with 00000000428f2e83 ut=305
HMEM: write 0000000080005290 with 00000000429ad841 ut=306
HMEM: write 0000000080005294 with 000000004235a4eb ut=307
HMEM: write 0000000080005298 with 0000000042013f88 ut=308
HMEM: write 000000008000529c with 00000000431c5341 ut=309
HMEM: write 00000000800052a0 with 00000000433db8f7 ut=310
HMEM: write 00000000800052a4 with 0000000042be95b2 ut=311
HMEM: write 00000000800052a8 with 000000004269c2ff ut=312
HMEM: write 00000000800052ac with 000000004384dfa7 ut=313
HMEM: write 00000000800052b0 with 0000000042941953 ut=314
HMEM: write 00000000800052b4 with 0000000042e072df ut=315
HMEM: write 00000000800052b8 with 0000000041da19de ut=316
HMEM: write 00000000800052bc with 00000000433a4041 ut=317
HMEM: write 00000000800052c0 with 00000000428e5e36 ut=318
HMEM: write 00000000800052c4 with 000000004380995c ut=319
HMEM: write 00000000800052c8 with 00000000431bf5cf ut=320
HMEM: write 00000000800052cc with 000000004385810e ut=321
HMEM: write 00000000800052d0 with 00000000423d3f6c ut=322
HMEM: write 00000000800052d4 with 0000000042b85195 ut=323
HMEM: write 00000000800052d8 with 00000000421bae15 ut=324
HMEM: write 00000000800052dc with 000000004220503a ut=325
HMEM: write 00000000800052e0 with 00000000421a1fb7 ut=326
HMEM: write 00000000800052e4 with 0000000043524506 ut=327
HMEM: write 00000000800052e8 with 00000000436ded13 ut=328
HMEM: write 00000000800052ec with 000000004367c92d ut=329
HMEM: write 00000000800052f0 with 0000000042a665fb ut=330
HMEM: write 00000000800052f4 with 0000000042a18d7b ut=331
HMEM: write 00000000800052f8 with 0000000042b55451 ut=332
HMEM: write 00000000800052fc with 0000000042ba1b95 ut=333
HMEM: write 0000000080005300 with 00000000435bfe62 ut=334
HMEM: write 0000000080005304 with 00000000414c5b0d ut=335
HMEM: write 0000000080005308 with 0000000042b00e50 ut=336
HMEM: write 000000008000530c with 00000000411d2b28 ut=337
HMEM: write 0000000080005310 with 00000000436dc68f ut=338
HMEM: write 0000000080005314 with 000000004255a658 ut=339
HMEM: write 0000000080005318 with 0000000042584e54 ut=340
HMEM: write 000000008000531c with 000000004140e8de ut=341
HMEM: write 0000000080005320 with 00000000431738a5 ut=342
HMEM: write 0000000080005324 with 0000000042db1722 ut=343
HMEM: write 0000000080005328 with 00000000437d1cfb ut=344
HMEM: write 000000008000532c with 00000000426c1371 ut=345
HMEM: write 0000000080005330 with 0000000042a65b7c ut=346
HMEM: write 0000000080005334 with 000000004289a191 ut=347
HMEM: write 0000000080005338 with 000000004388ee55 ut=348
HMEM: write 000000008000533c with 0000000042d0c3e4 ut=349
HMEM: write 0000000080005340 with 000000004365545f ut=350
HMEM: write 0000000080005344 with 0000000043637093 ut=351
HMEM: write 0000000080005348 with 0000000042aee842 ut=352
HMEM: write 000000008000534c with 000000004269d19f ut=353
HMEM: write 0000000080005350 with 0000000042fe48aa ut=354
HMEM: write 0000000080005354 with 0000000042e60e07 ut=355
HMEM: write 0000000080005358 with 000000004329de7c ut=356
HMEM: write 000000008000535c with 0000000042486028 ut=357
HMEM: write 0000000080005360 with 0000000042cd70dd ut=358
HMEM: write 0000000080005364 with 000000004294ba6e ut=359
HMEM: write 0000000080005368 with 00000000437fe14b ut=360
HMEM: write 000000008000536c with 0000000042cc6d11 ut=361
HMEM: write 0000000080005370 with 0000000042d90b89 ut=362
HMEM: write 0000000080005374 with 00000000428fa3d4 ut=363
HMEM: write 0000000080005378 with 0000000042eeac5b ut=364
HMEM: write 000000008000537c with 000000004287eaae ut=365
HMEM: write 0000000080005380 with 00000000423af2dc ut=366
HMEM: write 0000000080005384 with 000000004353ac82 ut=367
HMEM: write 0000000080005388 with 0000000043249c58 ut=368
HMEM: write 000000008000538c with 00000000434b217d ut=369
HMEM: write 0000000080005390 with 0000000042994680 ut=370
HMEM: write 0000000080005394 with 0000000042604f79 ut=371
HMEM: write 0000000080005398 with 00000000432af99f ut=372
HMEM: write 000000008000539c with 00000000429457b1 ut=373
HMEM: write 00000000800053a0 with 00000000437ed170 ut=374
HMEM: write 00000000800053a4 with 0000000042b43353 ut=375
HMEM: write 00000000800053a8 with 000000004319ff21 ut=376
HMEM: write 00000000800053ac with 0000000042362912 ut=377
HMEM: write 00000000800053b0 with 0000000043364437 ut=378
HMEM: write 00000000800053b4 with 0000000042b4088f ut=379
HMEM: write 00000000800053b8 with 00000000436c4284 ut=380
HMEM: write 00000000800053bc with 0000000042de3970 ut=381
HMEM: write 00000000800053c0 with 0000000042dc3362 ut=382
HMEM: write 00000000800053c4 with 0000000042451e00 ut=383
HMEM: write 00000000800053c8 with 0000000042c2f405 ut=384
HMEM: write 00000000800053cc with 0000000042cc4640 ut=385
HMEM: write 00000000800053d0 with 000000004301de94 ut=386
HMEM: write 00000000800053d4 with 00000000435e5b37 ut=387
HMEM: write 00000000800053d8 with 000000004344e8eb ut=388
HMEM: write 00000000800053dc with 00000000434133f8 ut=389
HMEM: write 00000000800053e0 with 0000000042059a79 ut=390
HMEM: write 00000000800053e4 with 00000000430e3835 ut=391
HMEM: write 00000000800053e8 with 0000000043401316 ut=392
HMEM: write 00000000800053ec with 0000000041387dd8 ut=393
HMEM: write 00000000800053f0 with 000000004376a4b2 ut=394
HMEM: write 00000000800053f4 with 0000000041b99c06 ut=395
HMEM: write 00000000800053f8 with 000000004324560a ut=396
HMEM: write 00000000800053fc with 00000000429ced92 ut=397
HMEM: write 0000000080005400 with 0000000043007e10 ut=398
HMEM: write 0000000080005404 with 000000004318c351 ut=399
HMEM: write 0000000080005408 with 0000000042f892e6 ut=400
HMEM: write 000000008000540c with 00000000428def97 ut=401
HMEM: write 0000000080005410 with 00000000423edf6d ut=402
HMEM: write 0000000080005414 with 0000000042b61808 ut=403
HMEM: write 0000000080005418 with 0000000043235f4f ut=404
HMEM: write 000000008000541c with 000000004384d4a5 ut=405
HMEM: write 0000000080005420 with 00000000424865e5 ut=406
HMEM: write 0000000080005424 with 0000000042ed195f ut=407
HMEM: write 0000000080005428 with 000000004384fda2 ut=408
HMEM: write 000000008000542c with 00000000435ec5df ut=409
HMEM: write 0000000080005430 with 00000000425b8d73 ut=410
HMEM: write 0000000080005434 with 0000000042e961a6 ut=411
HMEM: write 0000000080005438 with 000000004319af0b ut=412
HMEM: write 000000008000543c with 0000000042e1e626 ut=413
HMEM: write 0000000080005440 with 00000000433f45e8 ut=414
HMEM: write 0000000080005444 with 0000000042a1e291 ut=415
HMEM: write 0000000080005448 with 0000000043172eba ut=416
HMEM: write 000000008000544c with 0000000042f3d421 ut=417
HMEM: write 0000000080005450 with 00000000436ff0dc ut=418
HMEM: write 0000000080005454 with 0000000043400dff ut=419
HMEM: write 0000000080005458 with 0000000042187e00 ut=420
HMEM: write 000000008000545c with 00000000424b37c3 ut=421
HMEM: write 0000000080005460 with 00000000434e34e4 ut=422
HMEM: write 0000000080005464 with 0000000041ebbd10 ut=423
HMEM: write 0000000080005468 with 0000000042912a6e ut=424
HMEM: write 000000008000546c with 00000000429e0287 ut=425
HMEM: write 0000000080005470 with 00000000426aa7ac ut=426
HMEM: write 0000000080005474 with 0000000042a2ca11 ut=427
HMEM: write 0000000080005478 with 0000000042dfbd38 ut=428
HMEM: write 000000008000547c with 0000000042151fc2 ut=429
HMEM: write 0000000080005480 with 000000004201fdee ut=430
HMEM: write 0000000080005484 with 0000000042c98519 ut=431
HMEM: write 0000000080005488 with 0000000042945354 ut=432
HMEM: write 000000008000548c with 00000000436ea3fe ut=433
HMEM: write 0000000080005490 with 0000000042bead74 ut=434
HMEM: write 0000000080005494 with 00000000427f4a7b ut=435
HMEM: write 0000000080005498 with 000000004359ea12 ut=436
HMEM: write 000000008000549c with 00000000431c89b4 ut=437
HMEM: write 00000000800054a0 with 0000000043285b9b ut=438
HMEM: write 00000000800054a4 with 0000000042fff0c7 ut=439
HMEM: write 00000000800054a8 with 00000000431e7864 ut=440
HMEM: write 00000000800054ac with 00000000424d2e2f ut=441
HMEM: write 00000000800054b0 with 0000000042b54ad6 ut=442
HMEM: write 00000000800054b4 with 0000000043814d7f ut=443
HMEM: write 00000000800054b8 with 000000004387642a ut=444
HMEM: write 00000000800054bc with 0000000041c6f686 ut=445
HMEM: write 00000000800054c0 with 00000000423e0e9f ut=446
HMEM: write 00000000800054c4 with 00000000431bb2bc ut=447
HMEM: write 00000000800054c8 with 000000004301f881 ut=448
HMEM: write 00000000800054cc with 0000000043664b08 ut=449
HMEM: write 00000000800054d0 with 0000000041bd7c04 ut=450
HMEM: write 00000000800054d4 with 0000000042ac4a2f ut=451
HMEM: write 00000000800054d8 with 0000000042d497ee ut=452
HMEM: write 00000000800054dc with 000000004278f523 ut=453
HMEM: write 00000000800054e0 with 0000000040e7c39f ut=454
HMEM: write 00000000800054e4 with 000000004303ec73 ut=455
HMEM: write 00000000800054e8 with 0000000042ff4690 ut=456
HMEM: write 00000000800054ec with 0000000041fe4507 ut=457
HMEM: write 00000000800054f0 with 00000000432b0583 ut=458
HMEM: write 00000000800054f4 with 000000004386d7e7 ut=459
HMEM: write 00000000800054f8 with 00000000434c0a51 ut=460
HMEM: write 00000000800054fc with 000000004361da1b ut=461
HMEM: write 0000000080005500 with 0000000041f2f261 ut=462
HMEM: write 0000000080005504 with 0000000042a6a140 ut=463
HMEM: write 0000000080005508 with 000000004372196c ut=464
HMEM: write 000000008000550c with 000000004380aa42 ut=465
HMEM: write 0000000080005510 with 0000000042d6dc33 ut=466
HMEM: write 0000000080005514 with 000000004291f8ed ut=467
HMEM: write 0000000080005518 with 00000000436f5d9a ut=468
HMEM: write 000000008000551c with 00000000437b2c81 ut=469
HMEM: write 0000000080005520 with 0000000043150f6b ut=470
HMEM: write 0000000080005524 with 000000004198ca98 ut=471
HMEM: write 0000000080005528 with 0000000042c4109e ut=472
HMEM: write 000000008000552c with 00000000427f82bc ut=473
HMEM: write 0000000080005530 with 0000000042c4b221 ut=474
HMEM: write 0000000080005534 with 0000000042c663f6 ut=475
HMEM: write 0000000080005538 with 00000000431b9ef9 ut=476
HMEM: write 000000008000553c with 0000000042d35b9d ut=477
HMEM: write 0000000080005540 with 000000004383eccb ut=478
HMEM: write 0000000080005544 with 0000000042af9018 ut=479
HMEM: write 0000000080005548 with 000000004268709b ut=480
HMEM: write 000000008000554c with 0000000043130a5d ut=481
HMEM: write 0000000080005550 with 000000004279b18f ut=482
HMEM: write 0000000080005554 with 0000000041ca207d ut=483
HMEM: write 0000000080005558 with 00000000432cd528 ut=484
HMEM: write 000000008000555c with 0000000042f878e5 ut=485
HMEM: write 0000000080005560 with 00000000424ec94b ut=486
HMEM: write 0000000080005564 with 0000000042ce4eb8 ut=487
HMEM: write 0000000080005568 with 00000000422daf8a ut=488
HMEM: write 000000008000556c with 00000000427a40b9 ut=489
HMEM: write 0000000080005570 with 0000000043077376 ut=490
HMEM: write 0000000080005574 with 0000000042dbbe3f ut=491
HMEM: write 0000000080005578 with 0000000041f8c593 ut=492
HMEM: write 000000008000557c with 00000000433aa68e ut=493
HMEM: write 0000000080005580 with 0000000042b22ea8 ut=494
HMEM: write 0000000080005584 with 0000000042a82981 ut=495
HMEM: write 0000000080005588 with 000000004360a76c ut=496
HMEM: write 000000008000558c with 00000000422fe59a ut=497
HMEM: write 0000000080005590 with 0000000042041c98 ut=498
HMEM: write 0000000080005594 with 000000004313d924 ut=499
HMEM: write 0000000080005598 with 000000004309f85e ut=500
HMEM: write 000000008000559c with 0000000042d0b427 ut=501
HMEM: write 00000000800055a0 with 0000000042c8056d ut=502
HMEM: write 00000000800055a4 with 0000000042331aa6 ut=503
HMEM: write 00000000800055a8 with 0000000041bb662b ut=504
HMEM: write 00000000800055ac with 00000000432b81e6 ut=505
HMEM: write 00000000800055b0 with 000000004314a8ea ut=506
HMEM: write 00000000800055b4 with 000000004381200d ut=507
HMEM: write 00000000800055b8 with 0000000042a1ab23 ut=508
HMEM: write 00000000800055bc with 0000000042b377e7 ut=509
HMEM: write 00000000800055c0 with 000000004295c449 ut=510
HMEM: write 00000000800055c4 with 00000000430ccb8f ut=511
H: WT pc=0000000080002080 inst=8000080002022f3f next=0000000080002088 vl=512 act=ffffffffffffffffffffffffffffffffffffffffffffffffffffffffffffffffffffffffffffffffffffffffffffffffffffffffffffffffffffffffffffffff
H: WT pc=0000000080002088 inst=86aa04040201063f next=0000000080002090 vl=512 act=ffffffffffffffffffffffffffffffffffffffffffffffffffffffffffffffffffffffffffffffffffffffffffffffffffffffffffffffffffffffffffffffff
H: WT pc=0000000080002090 inst=87ba06060101063f next=0000000080002098 vl=512 act=ffffffffffffffffffffffffffffffffffffffffffffffffffffffffffffffffffffffffffffffffffffffffffffffffffffffffffffffffffffffffffffffff
H: WT pc=0000000080002098 inst=0000000000000c3f next=00000000800020a0 vl=512 act=-
H: WT pc=0000000080002010 inst=87fe00000000063f next=0000000080002018 vl=512 act=ffffffffffffffffffffffffffffffffffffffffffffffffffffffffffffffffffffffffffffffffffffffffffffffffffffffffffffffffffffffffffffffff
H: WT pc=0000000080002018 inst=805800000000063f next=0000000080002020 vl=512 act=ffffffffffffffffffffffffffffffffffffffffffffffffffffffffffffffffffffffffffffffffffffffffffffffffffffffffffffffffffffffffffffffff
H: WT pc=0000000080002020 inst=c000007e0000063f next=0000000080002028 vl=512 act=ffffffffffffffffffffffffffffffffffffffffffffffffffffffffffffffffffffffffffffffffffffffffffffffffffffffffffffffffffffffffffffffff
H: WT pc=0000000080002028 inst=c012007c0001063f next=0000000080002030 vl=512 act=ffffffffffffffffffffffffffffffffffffffffffffffffffffffffffffffffffffffffffffffffffffffffffffffffffffffffffffffffffffffffffffffff
H: WT pc=0000000080002030 inst=860202020002063f next=0000000080002038 vl=512 act=ffffffffffffffffffffffffffffffffffffffffffffffffffffffffffffffffffffffffffffffffffffffffffffffffffffffffffffffffffffffffffffffff
H: WT pc=0000000080002038 inst=840a02020003063f next=0000000080002040 vl=512 act=ffffffffffffffffffffffffffffffffffffffffffffffffffffffffffffffffffffffffffffffffffffffffffffffffffffffffffffffffffffffffffffffff
H: WT pc=0000000080002040 inst=0000004900012dbf next=0000000080002048 vl=512 act=-
HMEM: read from 0000000080007dc8 ut=0
HMEM: read from 0000000080007dd0 ut=1
HMEM: read from 0000000080007dd8 ut=2
HMEM: read from 0000000080007de0 ut=3
HMEM: read from 0000000080007de8 ut=4
HMEM: read from 0000000080007df0 ut=5
HMEM: read from 0000000080007df8 ut=6
HMEM: read from 0000000080007e00 ut=7
HMEM: read from 0000000080007e08 ut=8
HMEM: read from 0000000080007e10 ut=9
HMEM: read from 0000000080007e18 ut=10
HMEM: read from 0000000080007e20 ut=11
HMEM: read from 0000000080007e28 ut=12
HMEM: read from 0000000080007e30 ut=13
HMEM: read from 0000000080007e38 ut=14
HMEM: read from 0000000080007e40 ut=15
HMEM: read from 0000000080007e48 ut=16
HMEM: read from 0000000080007e50 ut=17
HMEM: read from 0000000080007e58 ut=18
HMEM: read from 0000000080007e60 ut=19
HMEM: read from 0000000080007e68 ut=20
HMEM: read from 0000000080007e70 ut=21
HMEM: read from 0000000080007e78 ut=22
HMEM: read from 0000000080007e80 ut=23
HMEM: read from 0000000080007e88 ut=24
HMEM: read from 0000000080007e90 ut=25
HMEM: read from 0000000080007e98 ut=26
HMEM: read from 0000000080007ea0 ut=27
HMEM: read from 0000000080007ea8 ut=28
HMEM: read from 0000000080007eb0 ut=29
HMEM: read from 0000000080007eb8 ut=30
HMEM: read from 0000000080007ec0 ut=31
HMEM: read from 0000000080007ec8 ut=32
HMEM: read from 0000000080007ed0 ut=33
HMEM: read from 0000000080007ed8 ut=34
HMEM: read from 0000000080007ee0 ut=35
HMEM: read from 0000000080007ee8 ut=36
HMEM: read from 0000000080007ef0 ut=37
HMEM: read from 0000000080007ef8 ut=38
HMEM: read from 0000000080007f00 ut=39
HMEM: read from 0000000080007f08 ut=40
HMEM: read from 0000000080007f10 ut=41
HMEM: read from 0000000080007f18 ut=42
HMEM: read from 0000000080007f20 ut=43
HMEM: read from 0000000080007f28 ut=44
HMEM: read from 0000000080007f30 ut=45
HMEM: read from 0000000080007f38 ut=46
HMEM: read from 0000000080007f40 ut=47
HMEM: read from 0000000080007f48 ut=48
HMEM: read from 0000000080007f50 ut=49
HMEM: read from 0000000080007f58 ut=50
HMEM: read from 0000000080007f60 ut=51
HMEM: read from 0000000080007f68 ut=52
HMEM: read from 0000000080007f70 ut=53
HMEM: read from 0000000080007f78 ut=54
HMEM: read from 0000000080007f80 ut=55
HMEM: read from 0000000080007f88 ut=56
HMEM: read from 0000000080007f90 ut=57
HMEM: read from 0000000080007f98 ut=58
HMEM: read from 0000000080007fa0 ut=59
HMEM: read from 0000000080007fa8 ut=60
HMEM: read from 0000000080007fb0 ut=61
HMEM: read from 0000000080007fb8 ut=62
HMEM: read from 0000000080007fc0 ut=63
HMEM: read from 0000000080007fc8 ut=64
HMEM: read from 0000000080007fd0 ut=65
HMEM: read from 0000000080007fd8 ut=66
HMEM: read from 0000000080007fe0 ut=67
HMEM: read from 0000000080007fe8 ut=68
HMEM: read from 0000000080007ff0 ut=69
HMEM: read from 0000000080007ff8 ut=70
HMEM: read from 0000000080008000 ut=71
HMEM: read from 0000000080008008 ut=72
HMEM: read from 0000000080008010 ut=73
HMEM: read from 0000000080008018 ut=74
HMEM: read from 0000000080008020 ut=75
HMEM: read from 0000000080008028 ut=76
HMEM: read from 0000000080008030 ut=77
HMEM: read from 0000000080008038 ut=78
HMEM: read from 0000000080008040 ut=79
HMEM: read from 0000000080008048 ut=80
HMEM: read from 0000000080008050 ut=81
HMEM: read from 0000000080008058 ut=82
HMEM: read from 0000000080008060 ut=83
HMEM: read from 0000000080008068 ut=84
HMEM: read from 0000000080008070 ut=85
HMEM: read from 0000000080008078 ut=86
HMEM: read from 0000000080008080 ut=87
HMEM: read from 0000000080008088 ut=88
HMEM: read from 0000000080008090 ut=89
HMEM: read from 0000000080008098 ut=90
HMEM: read from 00000000800080a0 ut=91
HMEM: read from 00000000800080a8 ut=92
HMEM: read from 00000000800080b0 ut=93
HMEM: read from 00000000800080b8 ut=94
HMEM: read from 00000000800080c0 ut=95
HMEM: read from 00000000800080c8 ut=96
HMEM: read from 00000000800080d0 ut=97
HMEM: read from 00000000800080d8 ut=98
HMEM: read from 00000000800080e0 ut=99
HMEM: read from 00000000800080e8 ut=100
HMEM: read from 00000000800080f0 ut=101
HMEM: read from 00000000800080f8 ut=102
HMEM: read from 0000000080008100 ut=103
HMEM: read from 0000000080008108 ut=104
HMEM: read from 0000000080008110 ut=105
HMEM: read from 0000000080008118 ut=106
HMEM: read from 0000000080008120 ut=107
HMEM: read from 0000000080008128 ut=108
HMEM: read from 0000000080008130 ut=109
HMEM: read from 0000000080008138 ut=110
HMEM: read from 0000000080008140 ut=111
HMEM: read from 0000000080008148 ut=112
HMEM: read from 0000000080008150 ut=113
HMEM: read from 0000000080008158 ut=114
HMEM: read from 0000000080008160 ut=115
HMEM: read from 0000000080008168 ut=116
HMEM: read from 0000000080008170 ut=117
HMEM: read from 0000000080008178 ut=118
HMEM: read from 0000000080008180 ut=119
HMEM: read from 0000000080008188 ut=120
HMEM: read from 0000000080008190 ut=121
HMEM: read from 0000000080008198 ut=122
HMEM: read from 00000000800081a0 ut=123
HMEM: read from 00000000800081a8 ut=124
HMEM: read from 00000000800081b0 ut=125
HMEM: read from 00000000800081b8 ut=126
HMEM: read from 00000000800081c0 ut=127
HMEM: read from 00000000800081c8 ut=128
HMEM: read from 00000000800081d0 ut=129
HMEM: read from 00000000800081d8 ut=130
HMEM: read from 00000000800081e0 ut=131
HMEM: read from 00000000800081e8 ut=132
HMEM: read from 00000000800081f0 ut=133
HMEM: read from 00000000800081f8 ut=134
HMEM: read from 0000000080008200 ut=135
HMEM: read from 0000000080008208 ut=136
HMEM: read from 0000000080008210 ut=137
HMEM: read from 0000000080008218 ut=138
HMEM: read from 0000000080008220 ut=139
HMEM: read from 0000000080008228 ut=140
HMEM: read from 0000000080008230 ut=141
HMEM: read from 0000000080008238 ut=142
HMEM: read from 0000000080008240 ut=143
HMEM: read from 0000000080008248 ut=144
HMEM: read from 0000000080008250 ut=145
HMEM: read from 0000000080008258 ut=146
HMEM: read from 0000000080008260 ut=147
HMEM: read from 0000000080008268 ut=148
HMEM: read from 0000000080008270 ut=149
HMEM: read from 0000000080008278 ut=150
HMEM: read from 0000000080008280 ut=151
HMEM: read from 0000000080008288 ut=152
HMEM: read from 0000000080008290 ut=153
HMEM: read from 0000000080008298 ut=154
HMEM: read from 00000000800082a0 ut=155
HMEM: read from 00000000800082a8 ut=156
HMEM: read from 00000000800082b0 ut=157
HMEM: read from 00000000800082b8 ut=158
HMEM: read from 00000000800082c0 ut=159
HMEM: read from 00000000800082c8 ut=160
HMEM: read from 00000000800082d0 ut=161
HMEM: read from 00000000800082d8 ut=162
HMEM: read from 00000000800082e0 ut=163
HMEM: read from 00000000800082e8 ut=164
HMEM: read from 00000000800082f0 ut=165
HMEM: read from 00000000800082f8 ut=166
HMEM: read from 0000000080008300 ut=167
HMEM: read from 0000000080008308 ut=168
HMEM: read from 0000000080008310 ut=169
HMEM: read from 0000000080008318 ut=170
HMEM: read from 0000000080008320 ut=171
HMEM: read from 0000000080008328 ut=172
HMEM: read from 0000000080008330 ut=173
HMEM: read from 0000000080008338 ut=174
HMEM: read from 0000000080008340 ut=175
HMEM: read from 0000000080008348 ut=176
HMEM: read from 0000000080008350 ut=177
HMEM: read from 0000000080008358 ut=178
HMEM: read from 0000000080008360 ut=179
HMEM: read from 0000000080008368 ut=180
HMEM: read from 0000000080008370 ut=181
HMEM: read from 0000000080008378 ut=182
HMEM: read from 0000000080008380 ut=183
HMEM: read from 0000000080008388 ut=184
HMEM: read from 0000000080008390 ut=185
HMEM: read from 0000000080008398 ut=186
HMEM: read from 00000000800083a0 ut=187
HMEM: read from 00000000800083a8 ut=188
HMEM: read from 00000000800083b0 ut=189
HMEM: read from 00000000800083b8 ut=190
HMEM: read from 00000000800083c0 ut=191
HMEM: read from 00000000800083c8 ut=192
HMEM: read from 00000000800083d0 ut=193
HMEM: read from 00000000800083d8 ut=194
HMEM: read from 00000000800083e0 ut=195
HMEM: read from 00000000800083e8 ut=196
HMEM: read from 00000000800083f0 ut=197
HMEM: read from 00000000800083f8 ut=198
HMEM: read from 0000000080008400 ut=199
HMEM: read from 0000000080008408 ut=200
HMEM: read from 0000000080008410 ut=201
HMEM: read from 0000000080008418 ut=202
HMEM: read from 0000000080008420 ut=203
HMEM: read from 0000000080008428 ut=204
HMEM: read from 0000000080008430 ut=205
HMEM: read from 0000000080008438 ut=206
HMEM: read from 0000000080008440 ut=207
HMEM: read from 0000000080008448 ut=208
HMEM: read from 0000000080008450 ut=209
HMEM: read from 0000000080008458 ut=210
HMEM: read from 0000000080008460 ut=211
HMEM: read from 0000000080008468 ut=212
HMEM: read from 0000000080008470 ut=213
HMEM: read from 0000000080008478 ut=214
HMEM: read from 0000000080008480 ut=215
HMEM: read from 0000000080008488 ut=216
HMEM: read from 0000000080008490 ut=217
HMEM: read from 0000000080008498 ut=218
HMEM: read from 00000000800084a0 ut=219
HMEM: read from 00000000800084a8 ut=220
HMEM: read from 00000000800084b0 ut=221
HMEM: read from 00000000800084b8 ut=222
HMEM: read from 00000000800084c0 ut=223
HMEM: read from 00000000800084c8 ut=224
HMEM: read from 00000000800084d0 ut=225
HMEM: read from 00000000800084d8 ut=226
HMEM: read from 00000000800084e0 ut=227
HMEM: read from 00000000800084e8 ut=228
HMEM: read from 00000000800084f0 ut=229
HMEM: read from 00000000800084f8 ut=230
HMEM: read from 0000000080008500 ut=231
HMEM: read from 0000000080008508 ut=232
HMEM: read from 0000000080008510 ut=233
HMEM: read from 0000000080008518 ut=234
HMEM: read from 0000000080008520 ut=235
HMEM: read from 0000000080008528 ut=236
HMEM: read from 0000000080008530 ut=237
HMEM: read from 0000000080008538 ut=238
HMEM: read from 0000000080008540 ut=239
HMEM: read from 0000000080008548 ut=240
HMEM: read from 0000000080008550 ut=241
HMEM: read from 0000000080008558 ut=242
HMEM: read from 0000000080008560 ut=243
HMEM: read from 0000000080008568 ut=244
HMEM: read from 0000000080008570 ut=245
HMEM: read from 0000000080008578 ut=246
HMEM: read from 0000000080008580 ut=247
HMEM: read from 0000000080008588 ut=248
HMEM: read from 0000000080008590 ut=249
HMEM: read from 0000000080008598 ut=250
HMEM: read from 00000000800085a0 ut=251
HMEM: read from 00000000800085a8 ut=252
HMEM: read from 00000000800085b0 ut=253
HMEM: read from 00000000800085b8 ut=254
HMEM: read from 00000000800085c0 ut=255
HMEM: read from 00000000800085c8 ut=256
HMEM: read from 00000000800085d0 ut=257
HMEM: read from 00000000800085d8 ut=258
HMEM: read from 00000000800085e0 ut=259
HMEM: read from 00000000800085e8 ut=260
HMEM: read from 00000000800085f0 ut=261
HMEM: read from 00000000800085f8 ut=262
HMEM: read from 0000000080008600 ut=263
HMEM: read from 0000000080008608 ut=264
HMEM: read from 0000000080008610 ut=265
HMEM: read from 0000000080008618 ut=266
HMEM: read from 0000000080008620 ut=267
HMEM: read from 0000000080008628 ut=268
HMEM: read from 0000000080008630 ut=269
HMEM: read from 0000000080008638 ut=270
HMEM: read from 0000000080008640 ut=271
HMEM: read from 0000000080008648 ut=272
HMEM: read from 0000000080008650 ut=273
HMEM: read from 0000000080008658 ut=274
HMEM: read from 0000000080008660 ut=275
HMEM: read from 0000000080008668 ut=276
HMEM: read from 0000000080008670 ut=277
HMEM: read from 0000000080008678 ut=278
HMEM: read from 0000000080008680 ut=279
HMEM: read from 0000000080008688 ut=280
HMEM: read from 0000000080008690 ut=281
HMEM: read from 0000000080008698 ut=282
HMEM: read from 00000000800086a0 ut=283
HMEM: read from 00000000800086a8 ut=284
HMEM: read from 00000000800086b0 ut=285
HMEM: read from 00000000800086b8 ut=286
HMEM: read from 00000000800086c0 ut=287
HMEM: read from 00000000800086c8 ut=288
HMEM: read from 00000000800086d0 ut=289
HMEM: read from 00000000800086d8 ut=290
HMEM: read from 00000000800086e0 ut=291
HMEM: read from 00000000800086e8 ut=292
HMEM: read from 00000000800086f0 ut=293
HMEM: read from 00000000800086f8 ut=294
HMEM: read from 0000000080008700 ut=295
HMEM: read from 0000000080008708 ut=296
HMEM: read from 0000000080008710 ut=297
HMEM: read from 0000000080008718 ut=298
HMEM: read from 0000000080008720 ut=299
HMEM: read from 0000000080008728 ut=300
HMEM: read from 0000000080008730 ut=301
HMEM: read from 0000000080008738 ut=302
HMEM: read from 0000000080008740 ut=303
HMEM: read from 0000000080008748 ut=304
HMEM: read from 0000000080008750 ut=305
HMEM: read from 0000000080008758 ut=306
HMEM: read from 0000000080008760 ut=307
HMEM: read from 0000000080008768 ut=308
HMEM: read from 0000000080008770 ut=309
HMEM: read from 0000000080008778 ut=310
HMEM: read from 0000000080008780 ut=311
HMEM: read from 0000000080008788 ut=312
HMEM: read from 0000000080008790 ut=313
HMEM: read from 0000000080008798 ut=314
HMEM: read from 00000000800087a0 ut=315
HMEM: read from 00000000800087a8 ut=316
HMEM: read from 00000000800087b0 ut=317
HMEM: read from 00000000800087b8 ut=318
HMEM: read from 00000000800087c0 ut=319
HMEM: read from 00000000800087c8 ut=320
HMEM: read from 00000000800087d0 ut=321
HMEM: read from 00000000800087d8 ut=322
HMEM: read from 00000000800087e0 ut=323
HMEM: read from 00000000800087e8 ut=324
HMEM: read from 00000000800087f0 ut=325
HMEM: read from 00000000800087f8 ut=326
HMEM: read from 0000000080008800 ut=327
HMEM: read from 0000000080008808 ut=328
HMEM: read from 0000000080008810 ut=329
HMEM: read from 0000000080008818 ut=330
HMEM: read from 0000000080008820 ut=331
HMEM: read from 0000000080008828 ut=332
HMEM: read from 0000000080008830 ut=333
HMEM: read from 0000000080008838 ut=334
HMEM: read from 0000000080008840 ut=335
HMEM: read from 0000000080008848 ut=336
HMEM: read from 0000000080008850 ut=337
HMEM: read from 0000000080008858 ut=338
HMEM: read from 0000000080008860 ut=339
HMEM: read from 0000000080008868 ut=340
HMEM: read from 0000000080008870 ut=341
HMEM: read from 0000000080008878 ut=342
HMEM: read from 0000000080008880 ut=343
HMEM: read from 0000000080008888 ut=344
HMEM: read from 0000000080008890 ut=345
HMEM: read from 0000000080008898 ut=346
HMEM: read from 00000000800088a0 ut=347
HMEM: read from 00000000800088a8 ut=348
HMEM: read from 00000000800088b0 ut=349
HMEM: read from 00000000800088b8 ut=350
HMEM: read from 00000000800088c0 ut=351
HMEM: read from 00000000800088c8 ut=352
HMEM: read from 00000000800088d0 ut=353
HMEM: read from 00000000800088d8 ut=354
HMEM: read from 00000000800088e0 ut=355
HMEM: read from 00000000800088e8 ut=356
HMEM: read from 00000000800088f0 ut=357
HMEM: read from 00000000800088f8 ut=358
HMEM: read from 0000000080008900 ut=359
HMEM: read from 0000000080008908 ut=360
HMEM: read from 0000000080008910 ut=361
HMEM: read from 0000000080008918 ut=362
HMEM: read from 0000000080008920 ut=363
HMEM: read from 0000000080008928 ut=364
HMEM: read from 0000000080008930 ut=365
HMEM: read from 0000000080008938 ut=366
HMEM: read from 0000000080008940 ut=367
HMEM: read from 0000000080008948 ut=368
HMEM: read from 0000000080008950 ut=369
HMEM: read from 0000000080008958 ut=370
HMEM: read from 0000000080008960 ut=371
HMEM: read from 0000000080008968 ut=372
HMEM: read from 0000000080008970 ut=373
HMEM: read from 0000000080008978 ut=374
HMEM: read from 0000000080008980 ut=375
HMEM: read from 0000000080008988 ut=376
HMEM: read from 0000000080008990 ut=377
HMEM: read from 0000000080008998 ut=378
HMEM: read from 00000000800089a0 ut=379
HMEM: read from 00000000800089a8 ut=380
HMEM: read from 00000000800089b0 ut=381
HMEM: read from 00000000800089b8 ut=382
HMEM: read from 00000000800089c0 ut=383
HMEM: read from 00000000800089c8 ut=384
HMEM: read from 00000000800089d0 ut=385
HMEM: read from 00000000800089d8 ut=386
HMEM: read from 00000000800089e0 ut=387
HMEM: read from 00000000800089e8 ut=388
HMEM: read from 00000000800089f0 ut=389
HMEM: read from 00000000800089f8 ut=390
HMEM: read from 0000000080008a00 ut=391
HMEM: read from 0000000080008a08 ut=392
HMEM: read from 0000000080008a10 ut=393
HMEM: read from 0000000080008a18 ut=394
HMEM: read from 0000000080008a20 ut=395
HMEM: read from 0000000080008a28 ut=396
HMEM: read from 0000000080008a30 ut=397
HMEM: read from 0000000080008a38 ut=398
HMEM: read from 0000000080008a40 ut=399
HMEM: read from 0000000080008a48 ut=400
HMEM: read from 0000000080008a50 ut=401
HMEM: read from 0000000080008a58 ut=402
HMEM: read from 0000000080008a60 ut=403
HMEM: read from 0000000080008a68 ut=404
HMEM: read from 0000000080008a70 ut=405
HMEM: read from 0000000080008a78 ut=406
HMEM: read from 0000000080008a80 ut=407
HMEM: read from 0000000080008a88 ut=408
HMEM: read from 0000000080008a90 ut=409
HMEM: read from 0000000080008a98 ut=410
HMEM: read from 0000000080008aa0 ut=411
HMEM: read from 0000000080008aa8 ut=412
HMEM: read from 0000000080008ab0 ut=413
HMEM: read from 0000000080008ab8 ut=414
HMEM: read from 0000000080008ac0 ut=415
HMEM: read from 0000000080008ac8 ut=416
HMEM: read from 0000000080008ad0 ut=417
HMEM: read from 0000000080008ad8 ut=418
HMEM: read from 0000000080008ae0 ut=419
HMEM: read from 0000000080008ae8 ut=420
HMEM: read from 0000000080008af0 ut=421
HMEM: read from 0000000080008af8 ut=422
HMEM: read from 0000000080008b00 ut=423
HMEM: read from 0000000080008b08 ut=424
HMEM: read from 0000000080008b10 ut=425
HMEM: read from 0000000080008b18 ut=426
HMEM: read from 0000000080008b20 ut=427
HMEM: read from 0000000080008b28 ut=428
HMEM: read from 0000000080008b30 ut=429
HMEM: read from 0000000080008b38 ut=430
HMEM: read from 0000000080008b40 ut=431
HMEM: read from 0000000080008b48 ut=432
HMEM: read from 0000000080008b50 ut=433
HMEM: read from 0000000080008b58 ut=434
HMEM: read from 0000000080008b60 ut=435
HMEM: read from 0000000080008b68 ut=436
HMEM: read from 0000000080008b70 ut=437
HMEM: read from 0000000080008b78 ut=438
HMEM: read from 0000000080008b80 ut=439
HMEM: read from 0000000080008b88 ut=440
HMEM: read from 0000000080008b90 ut=441
HMEM: read from 0000000080008b98 ut=442
HMEM: read from 0000000080008ba0 ut=443
HMEM: read from 0000000080008ba8 ut=444
HMEM: read from 0000000080008bb0 ut=445
HMEM: read from 0000000080008bb8 ut=446
HMEM: read from 0000000080008bc0 ut=447
HMEM: read from 0000000080008bc8 ut=448
HMEM: read from 0000000080008bd0 ut=449
HMEM: read from 0000000080008bd8 ut=450
HMEM: read from 0000000080008be0 ut=451
HMEM: read from 0000000080008be8 ut=452
HMEM: read from 0000000080008bf0 ut=453
HMEM: read from 0000000080008bf8 ut=454
HMEM: read from 0000000080008c00 ut=455
HMEM: read from 0000000080008c08 ut=456
HMEM: read from 0000000080008c10 ut=457
HMEM: read from 0000000080008c18 ut=458
HMEM: read from 0000000080008c20 ut=459
HMEM: read from 0000000080008c28 ut=460
HMEM: read from 0000000080008c30 ut=461
HMEM: read from 0000000080008c38 ut=462
HMEM: read from 0000000080008c40 ut=463
HMEM: read from 0000000080008c48 ut=464
HMEM: read from 0000000080008c50 ut=465
HMEM: read from 0000000080008c58 ut=466
HMEM: read from 0000000080008c60 ut=467
HMEM: read from 0000000080008c68 ut=468
HMEM: read from 0000000080008c70 ut=469
HMEM: read from 0000000080008c78 ut=470
HMEM: read from 0000000080008c80 ut=471
HMEM: read from 0000000080008c88 ut=472
HMEM: read from 0000000080008c90 ut=473
HMEM: read from 0000000080008c98 ut=474
HMEM: read from 0000000080008ca0 ut=475
HMEM: read from 0000000080008ca8 ut=476
HMEM: read from 0000000080008cb0 ut=477
HMEM: read from 0000000080008cb8 ut=478
HMEM: read from 0000000080008cc0 ut=479
HMEM: read from 0000000080008cc8 ut=480
HMEM: read from 0000000080008cd0 ut=481
HMEM: read from 0000000080008cd8 ut=482
HMEM: read from 0000000080008ce0 ut=483
HMEM: read from 0000000080008ce8 ut=484
HMEM: read from 0000000080008cf0 ut=485
HMEM: read from 0000000080008cf8 ut=486
HMEM: read from 0000000080008d00 ut=487
HMEM: read from 0000000080008d08 ut=488
HMEM: read from 0000000080008d10 ut=489
HMEM: read from 0000000080008d18 ut=490
HMEM: read from 0000000080008d20 ut=491
HMEM: read from 0000000080008d28 ut=492
HMEM: read from 0000000080008d30 ut=493
HMEM: read from 0000000080008d38 ut=494
HMEM: read from 0000000080008d40 ut=495
HMEM: read from 0000000080008d48 ut=496
HMEM: read from 0000000080008d50 ut=497
HMEM: read from 0000000080008d58 ut=498
HMEM: read from 0000000080008d60 ut=499
HMEM: read from 0000000080008d68 ut=500
HMEM: read from 0000000080008d70 ut=501
HMEM: read from 0000000080008d78 ut=502
HMEM: read from 0000000080008d80 ut=503
HMEM: read from 0000000080008d88 ut=504
HMEM: read from 0000000080008d90 ut=505
HMEM: read from 0000000080008d98 ut=506
HMEM: read from 0000000080008da0 ut=507
HMEM: read from 0000000080008da8 ut=508
HMEM: read from 0000000080008db0 ut=509
HMEM: read from 0000000080008db8 ut=510
HMEM: read from 0000000080008dc0 ut=511
H: WT pc=0000000080002048 inst=80000a0600012b3f next=0000000080002050 vl=512 act=ffffffffffffffffffffffffffffffffffffffffffffffffffffffffffffffffffffffffffffffffffffffffffffffffffffffffffffffffffffffffffffffff
H: WT pc=0000000080002050 inst=a01c02023d022a3f next=0000000080002058 vl=512 act=ffffffffffffffffffffffffffffffffffffffffffffffffffffffffffffffffffffffffffffffffffffffffffffffffffffffffffffffffffffffffffffffff
HMEM: read from 0000000080007dcc ut=0
HMEM: read from 0000000080007dd4 ut=1
HMEM: read from 0000000080007ddc ut=2
HMEM: read from 0000000080007de4 ut=3
HMEM: read from 0000000080007dec ut=4
HMEM: read from 0000000080007df4 ut=5
HMEM: read from 0000000080007dfc ut=6
HMEM: read from 0000000080007e04 ut=7
HMEM: read from 0000000080007e0c ut=8
HMEM: read from 0000000080007e14 ut=9
HMEM: read from 0000000080007e1c ut=10
HMEM: read from 0000000080007e24 ut=11
HMEM: read from 0000000080007e2c ut=12
HMEM: read from 0000000080007e34 ut=13
HMEM: read from 0000000080007e3c ut=14
HMEM: read from 0000000080007e44 ut=15
HMEM: read from 0000000080007e4c ut=16
HMEM: read from 0000000080007e54 ut=17
HMEM: read from 0000000080007e5c ut=18
HMEM: read from 0000000080007e64 ut=19
HMEM: read from 0000000080007e6c ut=20
HMEM: read from 0000000080007e74 ut=21
HMEM: read from 0000000080007e7c ut=22
HMEM: read from 0000000080007e84 ut=23
HMEM: read from 0000000080007e8c ut=24
HMEM: read from 0000000080007e94 ut=25
HMEM: read from 0000000080007e9c ut=26
HMEM: read from 0000000080007ea4 ut=27
HMEM: read from 0000000080007eac ut=28
HMEM: read from 0000000080007eb4 ut=29
HMEM: read from 0000000080007ebc ut=30
HMEM: read from 0000000080007ec4 ut=31
HMEM: read from 0000000080007ecc ut=32
HMEM: read from 0000000080007ed4 ut=33
HMEM: read from 0000000080007edc ut=34
HMEM: read from 0000000080007ee4 ut=35
HMEM: read from 0000000080007eec ut=36
HMEM: read from 0000000080007ef4 ut=37
HMEM: read from 0000000080007efc ut=38
HMEM: read from 0000000080007f04 ut=39
HMEM: read from 0000000080007f0c ut=40
HMEM: read from 0000000080007f14 ut=41
HMEM: read from 0000000080007f1c ut=42
HMEM: read from 0000000080007f24 ut=43
HMEM: read from 0000000080007f2c ut=44
HMEM: read from 0000000080007f34 ut=45
HMEM: read from 0000000080007f3c ut=46
HMEM: read from 0000000080007f44 ut=47
HMEM: read from 0000000080007f4c ut=48
HMEM: read from 0000000080007f54 ut=49
HMEM: read from 0000000080007f5c ut=50
HMEM: read from 0000000080007f64 ut=51
HMEM: read from 0000000080007f6c ut=52
HMEM: read from 0000000080007f74 ut=53
HMEM: read from 0000000080007f7c ut=54
HMEM: read from 0000000080007f84 ut=55
HMEM: read from 0000000080007f8c ut=56
HMEM: read from 0000000080007f94 ut=57
HMEM: read from 0000000080007f9c ut=58
HMEM: read from 0000000080007fa4 ut=59
HMEM: read from 0000000080007fac ut=60
HMEM: read from 0000000080007fb4 ut=61
HMEM: read from 0000000080007fbc ut=62
HMEM: read from 0000000080007fc4 ut=63
HMEM: read from 0000000080007fcc ut=64
HMEM: read from 0000000080007fd4 ut=65
HMEM: read from 0000000080007fdc ut=66
HMEM: read from 0000000080007fe4 ut=67
HMEM: read from 0000000080007fec ut=68
HMEM: read from 0000000080007ff4 ut=69
HMEM: read from 0000000080007ffc ut=70
HMEM: read from 0000000080008004 ut=71
HMEM: read from 000000008000800c ut=72
HMEM: read from 0000000080008014 ut=73
HMEM: read from 000000008000801c ut=74
HMEM: read from 0000000080008024 ut=75
HMEM: read from 000000008000802c ut=76
HMEM: read from 0000000080008034 ut=77
HMEM: read from 000000008000803c ut=78
HMEM: read from 0000000080008044 ut=79
HMEM: read from 000000008000804c ut=80
HMEM: read from 0000000080008054 ut=81
HMEM: read from 000000008000805c ut=82
HMEM: read from 0000000080008064 ut=83
HMEM: read from 000000008000806c ut=84
HMEM: read from 0000000080008074 ut=85
HMEM: read from 000000008000807c ut=86
HMEM: read from 0000000080008084 ut=87
HMEM: read from 000000008000808c ut=88
HMEM: read from 0000000080008094 ut=89
HMEM: read from 000000008000809c ut=90
HMEM: read from 00000000800080a4 ut=91
HMEM: read from 00000000800080ac ut=92
HMEM: read from 00000000800080b4 ut=93
HMEM: read from 00000000800080bc ut=94
HMEM: read from 00000000800080c4 ut=95
HMEM: read from 00000000800080cc ut=96
HMEM: read from 00000000800080d4 ut=97
HMEM: read from 00000000800080dc ut=98
HMEM: read from 00000000800080e4 ut=99
HMEM: read from 00000000800080ec ut=100
HMEM: read from 00000000800080f4 ut=101
HMEM: read from 00000000800080fc ut=102
HMEM: read from 0000000080008104 ut=103
HMEM: read from 000000008000810c ut=104
HMEM: read from 0000000080008114 ut=105
HMEM: read from 000000008000811c ut=106
HMEM: read from 0000000080008124 ut=107
HMEM: read from 000000008000812c ut=108
HMEM: read from 0000000080008134 ut=109
HMEM: read from 000000008000813c ut=110
HMEM: read from 0000000080008144 ut=111
HMEM: read from 000000008000814c ut=112
HMEM: read from 0000000080008154 ut=113
HMEM: read from 000000008000815c ut=114
HMEM: read from 0000000080008164 ut=115
HMEM: read from 000000008000816c ut=116
HMEM: read from 0000000080008174 ut=117
HMEM: read from 000000008000817c ut=118
HMEM: read from 0000000080008184 ut=119
HMEM: read from 000000008000818c ut=120
HMEM: read from 0000000080008194 ut=121
HMEM: read from 000000008000819c ut=122
HMEM: read from 00000000800081a4 ut=123
HMEM: read from 00000000800081ac ut=124
HMEM: read from 00000000800081b4 ut=125
HMEM: read from 00000000800081bc ut=126
HMEM: read from 00000000800081c4 ut=127
HMEM: read from 00000000800081cc ut=128
HMEM: read from 00000000800081d4 ut=129
HMEM: read from 00000000800081dc ut=130
HMEM: read from 00000000800081e4 ut=131
HMEM: read from 00000000800081ec ut=132
HMEM: read from 00000000800081f4 ut=133
HMEM: read from 00000000800081fc ut=134
HMEM: read from 0000000080008204 ut=135
HMEM: read from 000000008000820c ut=136
HMEM: read from 0000000080008214 ut=137
HMEM: read from 000000008000821c ut=138
HMEM: read from 0000000080008224 ut=139
HMEM: read from 000000008000822c ut=140
HMEM: read from 0000000080008234 ut=141
HMEM: read from 000000008000823c ut=142
HMEM: read from 0000000080008244 ut=143
HMEM: read from 000000008000824c ut=144
HMEM: read from 0000000080008254 ut=145
HMEM: read from 000000008000825c ut=146
HMEM: read from 0000000080008264 ut=147
HMEM: read from 000000008000826c ut=148
HMEM: read from 0000000080008274 ut=149
HMEM: read from 000000008000827c ut=150
HMEM: read from 0000000080008284 ut=151
HMEM: read from 000000008000828c ut=152
HMEM: read from 0000000080008294 ut=153
HMEM: read from 000000008000829c ut=154
HMEM: read from 00000000800082a4 ut=155
HMEM: read from 00000000800082ac ut=156
HMEM: read from 00000000800082b4 ut=157
HMEM: read from 00000000800082bc ut=158
HMEM: read from 00000000800082c4 ut=159
HMEM: read from 00000000800082cc ut=160
HMEM: read from 00000000800082d4 ut=161
HMEM: read from 00000000800082dc ut=162
HMEM: read from 00000000800082e4 ut=163
HMEM: read from 00000000800082ec ut=164
HMEM: read from 00000000800082f4 ut=165
HMEM: read from 00000000800082fc ut=166
HMEM: read from 0000000080008304 ut=167
HMEM: read from 000000008000830c ut=168
HMEM: read from 0000000080008314 ut=169
HMEM: read from 000000008000831c ut=170
HMEM: read from 0000000080008324 ut=171
HMEM: read from 000000008000832c ut=172
HMEM: read from 0000000080008334 ut=173
HMEM: read from 000000008000833c ut=174
HMEM: read from 0000000080008344 ut=175
HMEM: read from 000000008000834c ut=176
HMEM: read from 0000000080008354 ut=177
HMEM: read from 000000008000835c ut=178
HMEM: read from 0000000080008364 ut=179
HMEM: read from 000000008000836c ut=180
HMEM: read from 0000000080008374 ut=181
HMEM: read from 000000008000837c ut=182
HMEM: read from 0000000080008384 ut=183
HMEM: read from 000000008000838c ut=184
HMEM: read from 0000000080008394 ut=185
HMEM: read from 000000008000839c ut=186
HMEM: read from 00000000800083a4 ut=187
HMEM: read from 00000000800083ac ut=188
HMEM: read from 00000000800083b4 ut=189
HMEM: read from 00000000800083bc ut=190
HMEM: read from 00000000800083c4 ut=191
HMEM: read from 00000000800083cc ut=192
HMEM: read from 00000000800083d4 ut=193
HMEM: read from 00000000800083dc ut=194
HMEM: read from 00000000800083e4 ut=195
HMEM: read from 00000000800083ec ut=196
HMEM: read from 00000000800083f4 ut=197
HMEM: read from 00000000800083fc ut=198
HMEM: read from 0000000080008404 ut=199
HMEM: read from 000000008000840c ut=200
HMEM: read from 0000000080008414 ut=201
HMEM: read from 000000008000841c ut=202
HMEM: read from 0000000080008424 ut=203
HMEM: read from 000000008000842c ut=204
HMEM: read from 0000000080008434 ut=205
HMEM: read from 000000008000843c ut=206
HMEM: read from 0000000080008444 ut=207
HMEM: read from 000000008000844c ut=208
HMEM: read from 0000000080008454 ut=209
HMEM: read from 000000008000845c ut=210
HMEM: read from 0000000080008464 ut=211
HMEM: read from 000000008000846c ut=212
HMEM: read from 0000000080008474 ut=213
HMEM: read from 000000008000847c ut=214
HMEM: read from 0000000080008484 ut=215
HMEM: read from 000000008000848c ut=216
HMEM: read from 0000000080008494 ut=217
HMEM: read from 000000008000849c ut=218
HMEM: read from 00000000800084a4 ut=219
HMEM: read from 00000000800084ac ut=220
HMEM: read from 00000000800084b4 ut=221
HMEM: read from 00000000800084bc ut=222
HMEM: read from 00000000800084c4 ut=223
HMEM: read from 00000000800084cc ut=224
HMEM: read from 00000000800084d4 ut=225
HMEM: read from 00000000800084dc ut=226
HMEM: read from 00000000800084e4 ut=227
HMEM: read from 00000000800084ec ut=228
HMEM: read from 00000000800084f4 ut=229
HMEM: read from 00000000800084fc ut=230
HMEM: read from 0000000080008504 ut=231
HMEM: read from 000000008000850c ut=232
HMEM: read from 0000000080008514 ut=233
HMEM: read from 000000008000851c ut=234
HMEM: read from 0000000080008524 ut=235
HMEM: read from 000000008000852c ut=236
HMEM: read from 0000000080008534 ut=237
HMEM: read from 000000008000853c ut=238
HMEM: read from 0000000080008544 ut=239
HMEM: read from 000000008000854c ut=240
HMEM: read from 0000000080008554 ut=241
HMEM: read from 000000008000855c ut=242
HMEM: read from 0000000080008564 ut=243
HMEM: read from 000000008000856c ut=244
HMEM: read from 0000000080008574 ut=245
HMEM: read from 000000008000857c ut=246
HMEM: read from 0000000080008584 ut=247
HMEM: read from 000000008000858c ut=248
HMEM: read from 0000000080008594 ut=249
HMEM: read from 000000008000859c ut=250
HMEM: read from 00000000800085a4 ut=251
HMEM: read from 00000000800085ac ut=252
HMEM: read from 00000000800085b4 ut=253
HMEM: read from 00000000800085bc ut=254
HMEM: read from 00000000800085c4 ut=255
HMEM: read from 00000000800085cc ut=256
HMEM: read from 00000000800085d4 ut=257
HMEM: read from 00000000800085dc ut=258
HMEM: read from 00000000800085e4 ut=259
HMEM: read from 00000000800085ec ut=260
HMEM: read from 00000000800085f4 ut=261
HMEM: read from 00000000800085fc ut=262
HMEM: read from 0000000080008604 ut=263
HMEM: read from 000000008000860c ut=264
HMEM: read from 0000000080008614 ut=265
HMEM: read from 000000008000861c ut=266
HMEM: read from 0000000080008624 ut=267
HMEM: read from 000000008000862c ut=268
HMEM: read from 0000000080008634 ut=269
HMEM: read from 000000008000863c ut=270
HMEM: read from 0000000080008644 ut=271
HMEM: read from 000000008000864c ut=272
HMEM: read from 0000000080008654 ut=273
HMEM: read from 000000008000865c ut=274
HMEM: read from 0000000080008664 ut=275
HMEM: read from 000000008000866c ut=276
HMEM: read from 0000000080008674 ut=277
HMEM: read from 000000008000867c ut=278
HMEM: read from 0000000080008684 ut=279
HMEM: read from 000000008000868c ut=280
HMEM: read from 0000000080008694 ut=281
HMEM: read from 000000008000869c ut=282
HMEM: read from 00000000800086a4 ut=283
HMEM: read from 00000000800086ac ut=284
HMEM: read from 00000000800086b4 ut=285
HMEM: read from 00000000800086bc ut=286
HMEM: read from 00000000800086c4 ut=287
HMEM: read from 00000000800086cc ut=288
HMEM: read from 00000000800086d4 ut=289
HMEM: read from 00000000800086dc ut=290
HMEM: read from 00000000800086e4 ut=291
HMEM: read from 00000000800086ec ut=292
HMEM: read from 00000000800086f4 ut=293
HMEM: read from 00000000800086fc ut=294
HMEM: read from 0000000080008704 ut=295
HMEM: read from 000000008000870c ut=296
HMEM: read from 0000000080008714 ut=297
HMEM: read from 000000008000871c ut=298
HMEM: read from 0000000080008724 ut=299
HMEM: read from 000000008000872c ut=300
HMEM: read from 0000000080008734 ut=301
HMEM: read from 000000008000873c ut=302
HMEM: read from 0000000080008744 ut=303
HMEM: read from 000000008000874c ut=304
HMEM: read from 0000000080008754 ut=305
HMEM: read from 000000008000875c ut=306
HMEM: read from 0000000080008764 ut=307
HMEM: read from 000000008000876c ut=308
HMEM: read from 0000000080008774 ut=309
HMEM: read from 000000008000877c ut=310
HMEM: read from 0000000080008784 ut=311
HMEM: read from 000000008000878c ut=312
HMEM: read from 0000000080008794 ut=313
HMEM: read from 000000008000879c ut=314
HMEM: read from 00000000800087a4 ut=315
HMEM: read from 00000000800087ac ut=316
HMEM: read from 00000000800087b4 ut=317
HMEM: read from 00000000800087bc ut=318
HMEM: read from 00000000800087c4 ut=319
HMEM: read from 00000000800087cc ut=320
HMEM: read from 00000000800087d4 ut=321
HMEM: read from 00000000800087dc ut=322
HMEM: read from 00000000800087e4 ut=323
HMEM: read from 00000000800087ec ut=324
HMEM: read from 00000000800087f4 ut=325
HMEM: read from 00000000800087fc ut=326
HMEM: read from 0000000080008804 ut=327
HMEM: read from 000000008000880c ut=328
HMEM: read from 0000000080008814 ut=329
HMEM: read from 000000008000881c ut=330
HMEM: read from 0000000080008824 ut=331
HMEM: read from 000000008000882c ut=332
HMEM: read from 0000000080008834 ut=333
HMEM: read from 000000008000883c ut=334
HMEM: read from 0000000080008844 ut=335
HMEM: read from 000000008000884c ut=336
HMEM: read from 0000000080008854 ut=337
HMEM: read from 000000008000885c ut=338
HMEM: read from 0000000080008864 ut=339
HMEM: read from 000000008000886c ut=340
HMEM: read from 0000000080008874 ut=341
HMEM: read from 000000008000887c ut=342
HMEM: read from 0000000080008884 ut=343
HMEM: read from 000000008000888c ut=344
HMEM: read from 0000000080008894 ut=345
HMEM: read from 000000008000889c ut=346
HMEM: read from 00000000800088a4 ut=347
HMEM: read from 00000000800088ac ut=348
HMEM: read from 00000000800088b4 ut=349
HMEM: read from 00000000800088bc ut=350
HMEM: read from 00000000800088c4 ut=351
HMEM: read from 00000000800088cc ut=352
HMEM: read from 00000000800088d4 ut=353
HMEM: read from 00000000800088dc ut=354
HMEM: read from 00000000800088e4 ut=355
HMEM: read from 00000000800088ec ut=356
HMEM: read from 00000000800088f4 ut=357
HMEM: read from 00000000800088fc ut=358
HMEM: read from 0000000080008904 ut=359
HMEM: read from 000000008000890c ut=360
HMEM: read from 0000000080008914 ut=361
HMEM: read from 000000008000891c ut=362
HMEM: read from 0000000080008924 ut=363
HMEM: read from 000000008000892c ut=364
HMEM: read from 0000000080008934 ut=365
HMEM: read from 000000008000893c ut=366
HMEM: read from 0000000080008944 ut=367
HMEM: read from 000000008000894c ut=368
HMEM: read from 0000000080008954 ut=369
HMEM: read from 000000008000895c ut=370
HMEM: read from 0000000080008964 ut=371
HMEM: read from 000000008000896c ut=372
HMEM: read from 0000000080008974 ut=373
HMEM: read from 000000008000897c ut=374
HMEM: read from 0000000080008984 ut=375
HMEM: read from 000000008000898c ut=376
HMEM: read from 0000000080008994 ut=377
HMEM: read from 000000008000899c ut=378
HMEM: read from 00000000800089a4 ut=379
HMEM: read from 00000000800089ac ut=380
HMEM: read from 00000000800089b4 ut=381
HMEM: read from 00000000800089bc ut=382
HMEM: read from 00000000800089c4 ut=383
HMEM: read from 00000000800089cc ut=384
HMEM: read from 00000000800089d4 ut=385
HMEM: read from 00000000800089dc ut=386
HMEM: read from 00000000800089e4 ut=387
HMEM: read from 00000000800089ec ut=388
HMEM: read from 00000000800089f4 ut=389
HMEM: read from 00000000800089fc ut=390
HMEM: read from 0000000080008a04 ut=391
HMEM: read from 0000000080008a0c ut=392
HMEM: read from 0000000080008a14 ut=393
HMEM: read from 0000000080008a1c ut=394
HMEM: read from 0000000080008a24 ut=395
HMEM: read from 0000000080008a2c ut=396
HMEM: read from 0000000080008a34 ut=397
HMEM: read from 0000000080008a3c ut=398
HMEM: read from 0000000080008a44 ut=399
HMEM: read from 0000000080008a4c ut=400
HMEM: read from 0000000080008a54 ut=401
HMEM: read from 0000000080008a5c ut=402
HMEM: read from 0000000080008a64 ut=403
HMEM: read from 0000000080008a6c ut=404
HMEM: read from 0000000080008a74 ut=405
HMEM: read from 0000000080008a7c ut=406
HMEM: read from 0000000080008a84 ut=407
HMEM: read from 0000000080008a8c ut=408
HMEM: read from 0000000080008a94 ut=409
HMEM: read from 0000000080008a9c ut=410
HMEM: read from 0000000080008aa4 ut=411
HMEM: read from 0000000080008aac ut=412
HMEM: read from 0000000080008ab4 ut=413
HMEM: read from 0000000080008abc ut=414
HMEM: read from 0000000080008ac4 ut=415
HMEM: read from 0000000080008acc ut=416
HMEM: read from 0000000080008ad4 ut=417
HMEM: read from 0000000080008adc ut=418
HMEM: read from 0000000080008ae4 ut=419
HMEM: read from 0000000080008aec ut=420
HMEM: read from 0000000080008af4 ut=421
HMEM: read from 0000000080008afc ut=422
HMEM: read from 0000000080008b04 ut=423
HMEM: read from 0000000080008b0c ut=424
HMEM: read from 0000000080008b14 ut=425
HMEM: read from 0000000080008b1c ut=426
HMEM: read from 0000000080008b24 ut=427
HMEM: read from 0000000080008b2c ut=428
HMEM: read from 0000000080008b34 ut=429
HMEM: read from 0000000080008b3c ut=430
HMEM: read from 0000000080008b44 ut=431
HMEM: read from 0000000080008b4c ut=432
HMEM: read from 0000000080008b54 ut=433
HMEM: read from 0000000080008b5c ut=434
HMEM: read from 0000000080008b64 ut=435
HMEM: read from 0000000080008b6c ut=436
HMEM: read from 0000000080008b74 ut=437
HMEM: read from 0000000080008b7c ut=438
HMEM: read from 0000000080008b84 ut=439
HMEM: read from 0000000080008b8c ut=440
HMEM: read from 0000000080008b94 ut=441
HMEM: read from 0000000080008b9c ut=442
HMEM: read from 0000000080008ba4 ut=443
HMEM: read from 0000000080008bac ut=444
HMEM: read from 0000000080008bb4 ut=445
HMEM: read from 0000000080008bbc ut=446
HMEM: read from 0000000080008bc4 ut=447
HMEM: read from 0000000080008bcc ut=448
HMEM: read from 0000000080008bd4 ut=449
HMEM: read from 0000000080008bdc ut=450
HMEM: read from 0000000080008be4 ut=451
HMEM: read from 0000000080008bec ut=452
HMEM: read from 0000000080008bf4 ut=453
HMEM: read from 0000000080008bfc ut=454
HMEM: read from 0000000080008c04 ut=455
HMEM: read from 0000000080008c0c ut=456
HMEM: read from 0000000080008c14 ut=457
HMEM: read from 0000000080008c1c ut=458
HMEM: read from 0000000080008c24 ut=459
HMEM: read from 0000000080008c2c ut=460
HMEM: read from 0000000080008c34 ut=461
HMEM: read from 0000000080008c3c ut=462
HMEM: read from 0000000080008c44 ut=463
HMEM: read from 0000000080008c4c ut=464
HMEM: read from 0000000080008c54 ut=465
HMEM: read from 0000000080008c5c ut=466
HMEM: read from 0000000080008c64 ut=467
HMEM: read from 0000000080008c6c ut=468
HMEM: read from 0000000080008c74 ut=469
HMEM: read from 0000000080008c7c ut=470
HMEM: read from 0000000080008c84 ut=471
HMEM: read from 0000000080008c8c ut=472
HMEM: read from 0000000080008c94 ut=473
HMEM: read from 0000000080008c9c ut=474
HMEM: read from 0000000080008ca4 ut=475
HMEM: read from 0000000080008cac ut=476
HMEM: read from 0000000080008cb4 ut=477
HMEM: read from 0000000080008cbc ut=478
HMEM: read from 0000000080008cc4 ut=479
HMEM: read from 0000000080008ccc ut=480
HMEM: read from 0000000080008cd4 ut=481
HMEM: read from 0000000080008cdc ut=482
HMEM: read from 0000000080008ce4 ut=483
HMEM: read from 0000000080008cec ut=484
HMEM: read from 0000000080008cf4 ut=485
HMEM: read from 0000000080008cfc ut=486
HMEM: read from 0000000080008d04 ut=487
HMEM: read from 0000000080008d0c ut=488
HMEM: read from 0000000080008d14 ut=489
HMEM: read from 0000000080008d1c ut=490
HMEM: read from 0000000080008d24 ut=491
HMEM: read from 0000000080008d2c ut=492
HMEM: read from 0000000080008d34 ut=493
HMEM: read from 0000000080008d3c ut=494
HMEM: read from 0000000080008d44 ut=495
HMEM: read from 0000000080008d4c ut=496
HMEM: read from 0000000080008d54 ut=497
HMEM: read from 0000000080008d5c ut=498
HMEM: read from 0000000080008d64 ut=499
HMEM: read from 0000000080008d6c ut=500
HMEM: read from 0000000080008d74 ut=501
HMEM: read from 0000000080008d7c ut=502
HMEM: read from 0000000080008d84 ut=503
HMEM: read from 0000000080008d8c ut=504
HMEM: read from 0000000080008d94 ut=505
HMEM: read from 0000000080008d9c ut=506
HMEM: read from 0000000080008da4 ut=507
HMEM: read from 0000000080008dac ut=508
HMEM: read from 0000000080008db4 ut=509
HMEM: read from 0000000080008dbc ut=510
HMEM: read from 0000000080008dc4 ut=511
H: WT pc=0000000080002058 inst=80000a0801012b3f next=0000000080002060 vl=512 act=ffffffffffffffffffffffffffffffffffffffffffffffffffffffffffffffffffffffffffffffffffffffffffffffffffffffffffffffffffffffffffffffff
H: WT pc=0000000080002060 inst=a01c02023c032a3f next=0000000080002068 vl=512 act=ffffffffffffffffffffffffffffffffffffffffffffffffffffffffffffffffffffffffffffffffffffffffffffffffffffffffffffffffffffffffffffffff
H: WT pc=0000000080002068 inst=e01c040603032a3f next=0000000080002070 vl=512 act=ffffffffffffffffffffffffffffffffffffffffffffffffffffffffffffffffffffffffffffffffffffffffffffffffffffffffffffffffffffffffffffffff
H: WT pc=0000000080002070 inst=f01c06040202283f next=0000000080002078 vl=512 act=ffffffffffffffffffffffffffffffffffffffffffffffffffffffffffffffffffffffffffffffffffffffffffffffffffffffffffffffffffffffffffffffff
H: WT pc=0000000080002078 inst=c01c160002022a3f next=0000000080002080 vl=512 act=ffffffffffffffffffffffffffffffffffffffffffffffffffffffffffffffffffffffffffffffffffffffffffffffffffffffffffffffffffffffffffffffff
HMEM: write 00000000800055c8 with 00000000437273d5 ut=0
HMEM: write 00000000800055cc with 0000000042f52871 ut=1
HMEM: write 00000000800055d0 with 00000000424de70c ut=2
HMEM: write 00000000800055d4 with 000000004287f5cb ut=3
HMEM: write 00000000800055d8 with 0000000042779316 ut=4
HMEM: write 00000000800055dc with 0000000042481f85 ut=5
HMEM: write 00000000800055e0 with 0000000042314335 ut=6
HMEM: write 00000000800055e4 with 000000004337f2af ut=7
HMEM: write 00000000800055e8 with 0000000042930d5e ut=8
HMEM: write 00000000800055ec with 00000000433afdc3 ut=9
HMEM: write 00000000800055f0 with 00000000428e31f3 ut=10
HMEM: write 00000000800055f4 with 00000000434a1280 ut=11
HMEM: write 00000000800055f8 with 0000000043481d13 ut=12
HMEM: write 00000000800055fc with 00000000433a5d58 ut=13
HMEM: write 0000000080005600 with 0000000042d0f8cd ut=14
HMEM: write 0000000080005604 with 00000000413517bb ut=15
HMEM: write 0000000080005608 with 0000000043865e2d ut=16
HMEM: write 000000008000560c with 000000004351ad7e ut=17
HMEM: write 0000000080005610 with 000000004256d364 ut=18
HMEM: write 0000000080005614 with 0000000042f9ad42 ut=19
HMEM: write 0000000080005618 with 000000004336a12e ut=20
HMEM: write 000000008000561c with 000000004234d5fe ut=21
HMEM: write 0000000080005620 with 0000000042b5a49a ut=22
HMEM: write 0000000080005624 with 000000004307f366 ut=23
HMEM: write 0000000080005628 with 0000000042d399ae ut=24
HMEM: write 000000008000562c with 0000000042bd51ea ut=25
HMEM: write 0000000080005630 with 000000004241eb74 ut=26
HMEM: write 0000000080005634 with 0000000042c037d1 ut=27
HMEM: write 0000000080005638 with 000000004273d8b0 ut=28
HMEM: write 000000008000563c with 0000000042b043e1 ut=29
HMEM: write 0000000080005640 with 0000000042b031f0 ut=30
HMEM: write 0000000080005644 with 0000000043696162 ut=31
HMEM: write 0000000080005648 with 00000000434733b4 ut=32
HMEM: write 000000008000564c with 0000000042b7c0c9 ut=33
HMEM: write 0000000080005650 with 00000000425d21bd ut=34
HMEM: write 0000000080005654 with 00000000428022a7 ut=35
HMEM: write 0000000080005658 with 00000000428a170f ut=36
HMEM: write 000000008000565c with 000000004338e32b ut=37
HMEM: write 0000000080005660 with 0000000042ee1fdd ut=38
HMEM: write 0000000080005664 with 000000004383898d ut=39
HMEM: write 0000000080005668 with 00000000410cf2f9 ut=40
HMEM: write 000000008000566c with 0000000042b4d0b1 ut=41
HMEM: write 0000000080005670 with 0000000042bafbde ut=42
HMEM: write 0000000080005674 with 0000000042ff2c8e ut=43
HMEM: write 0000000080005678 with 0000000042b9d695 ut=44
HMEM: write 000000008000567c with 00000000430d5567 ut=45
HMEM: write 0000000080005680 with 0000000042ca357b ut=46
HMEM: write 0000000080005684 with 0000000042afea34 ut=47
HMEM: write 0000000080005688 with 000000004290bd95 ut=48
HMEM: write 000000008000568c with 0000000042390f4c ut=49
HMEM: write 0000000080005690 with 0000000043079be4 ut=50
HMEM: write 0000000080005694 with 000000004383017f ut=51
HMEM: write 0000000080005698 with 0000000042b7017b ut=52
HMEM: write 000000008000569c with 0000000042f3edfe ut=53
HMEM: write 00000000800056a0 with 00000000435d1175 ut=54
HMEM: write 00000000800056a4 with 000000004341d028 ut=55
HMEM: write 00000000800056a8 with 0000000041c98785 ut=56
HMEM: write 00000000800056ac with 000000004223b560 ut=57
HMEM: write 00000000800056b0 with 0000000042368e04 ut=58
HMEM: write 00000000800056b4 with 0000000042ae392f ut=59
HMEM: write 00000000800056b8 with 0000000041d214d3 ut=60
HMEM: write 00000000800056bc with 000000004322de5e ut=61
HMEM: write 00000000800056c0 with 00000000435e78a7 ut=62
HMEM: write 00000000800056c4 with 0000000042b90db0 ut=63
HMEM: write 00000000800056c8 with 0000000042b26cf6 ut=64
HMEM: write 00000000800056cc with 00000000423a5662 ut=65
HMEM: write 00000000800056d0 with 00000000422b4a87 ut=66
HMEM: write 00000000800056d4 with 00000000424cfbe4 ut=67
HMEM: write 00000000800056d8 with 00000000425440e5 ut=68
HMEM: write 00000000800056dc with 000000004385de3e ut=69
HMEM: write 00000000800056e0 with 0000000042f5f5ea ut=70
HMEM: write 00000000800056e4 with 0000000042c08fe8 ut=71
HMEM: write 00000000800056e8 with 0000000041356cbd ut=72
HMEM: write 00000000800056ec with 00000000436fb778 ut=73
HMEM: write 00000000800056f0 with 00000000426b4665 ut=74
HMEM: write 00000000800056f4 with 000000004311917a ut=75
HMEM: write 00000000800056f8 with 0000000043181e73 ut=76
HMEM: write 00000000800056fc with 000000004239c443 ut=77
HMEM: write 0000000080005700 with 00000000432da2d7 ut=78
HMEM: write 0000000080005704 with 0000000042803532 ut=79
HMEM: write 0000000080005708 with 00000000434c6d4c ut=80
HMEM: write 000000008000570c with 0000000042b1c81f ut=81
HMEM: write 0000000080005710 with 0000000043579d00 ut=82
HMEM: write 0000000080005714 with 0000000042da13d3 ut=83
HMEM: write 0000000080005718 with 0000000041711fda ut=84
HMEM: write 000000008000571c with 0000000042dff520 ut=85
HMEM: write 0000000080005720 with 0000000043626e27 ut=86
HMEM: write 0000000080005724 with 0000000043077ed8 ut=87
HMEM: write 0000000080005728 with 00000000428b68d8 ut=88
HMEM: write 000000008000572c with 00000000433bd842 ut=89
HMEM: write 0000000080005730 with 000000004330e0c6 ut=90
HMEM: write 0000000080005734 with 0000000042a3a536 ut=91
HMEM: write 0000000080005738 with 00000000435b729e ut=92
HMEM: write 000000008000573c with 0000000042628506 ut=93
HMEM: write 0000000080005740 with 0000000042408452 ut=94
HMEM: write 0000000080005744 with 00000000432ccf1e ut=95
HMEM: write 0000000080005748 with 0000000043368655 ut=96
HMEM: write 000000008000574c with 0000000041b3b9fc ut=97
HMEM: write 0000000080005750 with 000000004381eae3 ut=98
HMEM: write 0000000080005754 with 0000000041969d85 ut=99
HMEM: write 0000000080005758 with 000000004209d2df ut=100
HMEM: write 000000008000575c with 0000000043129727 ut=101
HMEM: write 0000000080005760 with 0000000042a4d89a ut=102
HMEM: write 0000000080005764 with 0000000042faa1e7 ut=103
HMEM: write 0000000080005768 with 0000000041f5724e ut=104
HMEM: write 000000008000576c with 0000000041a46d8d ut=105
HMEM: write 0000000080005770 with 00000000426a0754 ut=106
HMEM: write 0000000080005774 with 0000000043263d53 ut=107
HMEM: write 0000000080005778 with 0000000042dd51da ut=108
HMEM: write 000000008000577c with 000000004383b3f7 ut=109
HMEM: write 0000000080005780 with 00000000436027ed ut=110
HMEM: write 0000000080005784 with 000000004355f97e ut=111
HMEM: write 0000000080005788 with 0000000042b963d3 ut=112
HMEM: write 000000008000578c with 000000004251396a ut=113
HMEM: write 0000000080005790 with 00000000432aa60a ut=114
HMEM: write 0000000080005794 with 00000000428ca0f6 ut=115
HMEM: write 0000000080005798 with 0000000042947c04 ut=116
HMEM: write 000000008000579c with 00000000434dbde6 ut=117
HMEM: write 00000000800057a0 with 0000000041b20410 ut=118
HMEM: write 00000000800057a4 with 0000000043617c49 ut=119
HMEM: write 00000000800057a8 with 00000000433bc7e0 ut=120
HMEM: write 00000000800057ac with 000000004313cd92 ut=121
HMEM: write 00000000800057b0 with 000000004201c96d ut=122
HMEM: write 00000000800057b4 with 0000000042ec756f ut=123
HMEM: write 00000000800057b8 with 0000000042bb796a ut=124
HMEM: write 00000000800057bc with 00000000421e7491 ut=125
HMEM: write 00000000800057c0 with 000000004300b8f2 ut=126
HMEM: write 00000000800057c4 with 00000000433e7570 ut=127
HMEM: write 00000000800057c8 with 0000000042126f0d ut=128
HMEM: write 00000000800057cc with 0000000042c5d155 ut=129
HMEM: write 00000000800057d0 with 0000000042331b39 ut=130
HMEM: write 00000000800057d4 with 0000000042929079 ut=131
HMEM: write 00000000800057d8 with 0000000042ba1803 ut=132
HMEM: write 00000000800057dc with 0000000042ae7aaa ut=133
HMEM: write 00000000800057e0 with 00000000434872ec ut=134
HMEM: write 00000000800057e4 with 00000000428fdd49 ut=135
HMEM: write 00000000800057e8 with 00000000425d29c7 ut=136
HMEM: write 00000000800057ec with 00000000430b324e ut=137
HMEM: write 00000000800057f0 with 00000000431fa762 ut=138
HMEM: write 00000000800057f4 with 0000000042c639a6 ut=139
HMEM: write 00000000800057f8 with 000000004295d4c7 ut=140
HMEM: write 00000000800057fc with 0000000043807fb0 ut=141
HMEM: write 0000000080005800 with 00000000432dff49 ut=142
HMEM: write 0000000080005804 with 0000000042b9fbe1 ut=143
HMEM: write 0000000080005808 with 0000000042431f83 ut=144
HMEM: write 000000008000580c with 0000000042db11da ut=145
HMEM: write 0000000080005810 with 0000000042afbe2d ut=146
HMEM: write 0000000080005814 with 0000000042744c5b ut=147
HMEM: write 0000000080005818 with 0000000041569936 ut=148
HMEM: write 000000008000581c with 00000000421611c2 ut=149
HMEM: write 0000000080005820 with 0000000043503066 ut=150
HMEM: write 0000000080005824 with 0000000040fc58ce ut=151
HMEM: write 0000000080005828 with 0000000042a707e5 ut=152
HMEM: write 000000008000582c with 0000000042ef7512 ut=153
HMEM: write 0000000080005830 with 0000000043391374 ut=154
HMEM: write 0000000080005834 with 00000000430cc091 ut=155
HMEM: write 0000000080005838 with 000000004386472d ut=156
HMEM: write 000000008000583c with 000000004263d8ac ut=157
HMEM: write 0000000080005840 with 0000000042891035 ut=158
HMEM: write 0000000080005844 with 00000000437abdc6 ut=159
HMEM: write 0000000080005848 with 0000000043795923 ut=160
HMEM: write 000000008000584c with 000000004340c6ba ut=161
HMEM: write 0000000080005850 with 0000000042b7f1c2 ut=162
HMEM: write 0000000080005854 with 0000000042ec9da3 ut=163
HMEM: write 0000000080005858 with 0000000042528887 ut=164
HMEM: write 000000008000585c with 00000000408b63a7 ut=165
HMEM: write 0000000080005860 with 0000000042ec6596 ut=166
HMEM: write 0000000080005864 with 000000004200ee93 ut=167
HMEM: write 0000000080005868 with 00000000425e86a8 ut=168
HMEM: write 000000008000586c with 00000000438216ae ut=169
HMEM: write 0000000080005870 with 00000000432a115f ut=170
HMEM: write 0000000080005874 with 0000000043560882 ut=171
HMEM: write 0000000080005878 with 000000004385dada ut=172
HMEM: write 000000008000587c with 000000004341052d ut=173
HMEM: write 0000000080005880 with 0000000042b7e893 ut=174
HMEM: write 0000000080005884 with 0000000042877b2e ut=175
HMEM: write 0000000080005888 with 000000004323b974 ut=176
HMEM: write 000000008000588c with 000000004325d5a4 ut=177
HMEM: write 0000000080005890 with 0000000042c0c4de ut=178
HMEM: write 0000000080005894 with 00000000437a472d ut=179
HMEM: write 0000000080005898 with 00000000431c6ffa ut=180
HMEM: write 000000008000589c with 00000000418ec279 ut=181
HMEM: write 00000000800058a0 with 0000000040d6d5b0 ut=182
HMEM: write 00000000800058a4 with 0000000042f6d549 ut=183
HMEM: write 00000000800058a8 with 00000000433ffbfe ut=184
HMEM: write 00000000800058ac with 000000004164ee93 ut=185
HMEM: write 00000000800058b0 with 000000004344fb33 ut=186
HMEM: write 00000000800058b4 with 00000000425c1588 ut=187
HMEM: write 00000000800058b8 with 00000000427e6dd3 ut=188
HMEM: write 00000000800058bc with 000000004380d38f ut=189
HMEM: write 00000000800058c0 with 000000004306075f ut=190
HMEM: write 00000000800058c4 with 0000000043795daa ut=191
HMEM: write 00000000800058c8 with 00000000425b4697 ut=192
HMEM: write 00000000800058cc with 000000004336b535 ut=193
HMEM: write 00000000800058d0 with 00000000432f3f83 ut=194
HMEM: write 00000000800058d4 with 00000000426bcdb0 ut=195
HMEM: write 00000000800058d8 with 00000000433382bc ut=196
HMEM: write 00000000800058dc with 0000000043252368 ut=197
HMEM: write 00000000800058e0 with 000000004257cd01 ut=198
HMEM: write 00000000800058e4 with 0000000042b406be ut=199
HMEM: write 00000000800058e8 with 00000000437a49ea ut=200
HMEM: write 00000000800058ec with 000000004380d4bb ut=201
HMEM: write 00000000800058f0 with 00000000418272bf ut=202
HMEM: write 00000000800058f4 with 0000000042953c7d ut=203
HMEM: write 00000000800058f8 with 0000000042b253dc ut=204
HMEM: write 00000000800058fc with 0000000041c4e57f ut=205
HMEM: write 0000000080005900 with 0000000042c9b051 ut=206
HMEM: write 0000000080005904 with 0000000042880cf3 ut=207
HMEM: write 0000000080005908 with 000000004323be09 ut=208
HMEM: write 000000008000590c with 00000000427b7cfa ut=209
HMEM: write 0000000080005910 with 00000000436f0a07 ut=210
HMEM: write 0000000080005914 with 0000000043457059 ut=211
HMEM: write 0000000080005918 with 0000000043850349 ut=212
HMEM: write 000000008000591c with 0000000043832850 ut=213
HMEM: write 0000000080005920 with 0000000041fe567a ut=214
HMEM: write 0000000080005924 with 0000000042ed1365 ut=215
HMEM: write 0000000080005928 with 0000000043001364 ut=216
HMEM: write 000000008000592c with 0000000042a60073 ut=217
HMEM: write 0000000080005930 with 000000004273a34b ut=218
HMEM: write 0000000080005934 with 00000000432d2917 ut=219
HMEM: write 0000000080005938 with 0000000042bba084 ut=220
HMEM: write 000000008000593c with 0000000042817342 ut=221
HMEM: write 0000000080005940 with 00000000436331f9 ut=222
HMEM: write 0000000080005944 with 0000000042df374a ut=223
HMEM: write 0000000080005948 with 0000000042389918 ut=224
HMEM: write 000000008000594c with 0000000041dc2171 ut=225
HMEM: write 0000000080005950 with 0000000041590e91 ut=226
HMEM: write 0000000080005954 with 0000000042260465 ut=227
HMEM: write 0000000080005958 with 000000004229a5f9 ut=228
HMEM: write 000000008000595c with 0000000042ecffc2 ut=229
HMEM: write 0000000080005960 with 00000000420583a9 ut=230
HMEM: write 0000000080005964 with 000000004196f8e6 ut=231
HMEM: write 0000000080005968 with 0000000042beee3a ut=232
HMEM: write 000000008000596c with 0000000042107f7e ut=233
HMEM: write 0000000080005970 with 00000000437e0528 ut=234
HMEM: write 0000000080005974 with 0000000042b43988 ut=235
HMEM: write 0000000080005978 with 00000000414ca15f ut=236
HMEM: write 000000008000597c with 0000000042affc72 ut=237
HMEM: write 0000000080005980 with 000000004382565a ut=238
HMEM: write 0000000080005984 with 0000000041be8282 ut=239
HMEM: write 0000000080005988 with 00000000424c7684 ut=240
HMEM: write 000000008000598c with 0000000042b10767 ut=241
HMEM: write 0000000080005990 with 000000004384f4b8 ut=242
HMEM: write 0000000080005994 with 0000000042ff0401 ut=243
HMEM: write 0000000080005998 with 00000000437a25f6 ut=244
HMEM: write 000000008000599c with 0000000043826908 ut=245
HMEM: write 00000000800059a0 with 000000004346876b ut=246
HMEM: write 00000000800059a4 with 0000000043832011 ut=247
HMEM: write 00000000800059a8 with 0000000041b2c869 ut=248
HMEM: write 00000000800059ac with 000000004380fa69 ut=249
HMEM: write 00000000800059b0 with 00000000432ef134 ut=250
HMEM: write 00000000800059b4 with 00000000412df59c ut=251
HMEM: write 00000000800059b8 with 0000000042a3963d ut=252
HMEM: write 00000000800059bc with 0000000042c49aa6 ut=253
HMEM: write 00000000800059c0 with 0000000043810511 ut=254
HMEM: write 00000000800059c4 with 0000000042c29c63 ut=255
HMEM: write 00000000800059c8 with 00000000431e8d21 ut=256
HMEM: write 00000000800059cc with 00000000434f1e5c ut=257
HMEM: write 00000000800059d0 with 0000000041dce135 ut=258
HMEM: write 00000000800059d4 with 0000000043698b43 ut=259
HMEM: write 00000000800059d8 with 0000000042672829 ut=260
HMEM: write 00000000800059dc with 00000000431239d8 ut=261
HMEM: write 00000000800059e0 with 0000000042a7c77e ut=262
HMEM: write 00000000800059e4 with 0000000043370867 ut=263
HMEM: write 00000000800059e8 with 00000000433c5cdc ut=264
HMEM: write 00000000800059ec with 00000000435a67c2 ut=265
HMEM: write 00000000800059f0 with 000000004318f86c ut=266
HMEM: write 00000000800059f4 with 00000000421ab432 ut=267
HMEM: write 00000000800059f8 with 0000000042ac819f ut=268
HMEM: write 00000000800059fc with 0000000043851421 ut=269
HMEM: write 0000000080005a00 with 000000004249fdba ut=270
HMEM: write 0000000080005a04 with 000000004256127f ut=271
HMEM: write 0000000080005a08 with 0000000043369916 ut=272
HMEM: write 0000000080005a0c with 00000000430db9f1 ut=273
HMEM: write 0000000080005a10 with 0000000042b30fe3 ut=274
HMEM: write 0000000080005a14 with 00000000428952ec ut=275
HMEM: write 0000000080005a18 with 000000004200517a ut=276
HMEM: write 0000000080005a1c with 0000000042a7437c ut=277
HMEM: write 0000000080005a20 with 00000000426b5f85 ut=278
HMEM: write 0000000080005a24 with 0000000042d03282 ut=279
HMEM: write 0000000080005a28 with 000000004304e966 ut=280
HMEM: write 0000000080005a2c with 0000000042a4734e ut=281
HMEM: write 0000000080005a30 with 0000000042aa895c ut=282
HMEM: write 0000000080005a34 with 00000000420dc7c9 ut=283
HMEM: write 0000000080005a38 with 0000000042957e84 ut=284
HMEM: write 0000000080005a3c with 000000004372986f ut=285
HMEM: write 0000000080005a40 with 00000000430f8e95 ut=286
HMEM: write 0000000080005a44 with 0000000043012e86 ut=287
HMEM: write 0000000080005a48 with 0000000042891659 ut=288
HMEM: write 0000000080005a4c with 00000000427b5c03 ut=289
HMEM: write 0000000080005a50 with 000000004314eb69 ut=290
HMEM: write 0000000080005a54 with 00000000422a1bac ut=291
HMEM: write 0000000080005a58 with 00000000427087b7 ut=292
HMEM: write 0000000080005a5c with 0000000043043604 ut=293
HMEM: write 0000000080005a60 with 0000000043479085 ut=294
HMEM: write 0000000080005a64 with 0000000042086808 ut=295
HMEM: write 0000000080005a68 with 0000000042f45fbe ut=296
HMEM: write 0000000080005a6c with 0000000041e80cbb ut=297
HMEM: write 0000000080005a70 with 0000000042562351 ut=298
HMEM: write 0000000080005a74 with 0000000041f902f2 ut=299
HMEM: write 0000000080005a78 with 0000000042a4babf ut=300
HMEM: write 0000000080005a7c with 0000000043424dd2 ut=301
HMEM: write 0000000080005a80 with 0000000043290fcb ut=302
HMEM: write 0000000080005a84 with 0000000041e4dfb1 ut=303
HMEM: write 0000000080005a88 with 00000000422539ba ut=304
HMEM: write 0000000080005a8c with 000000004309ccb9 ut=305
HMEM: write 0000000080005a90 with 000000004237bd73 ut=306
HMEM: write 0000000080005a94 with 0000000042bca4e4 ut=307
HMEM: write 0000000080005a98 with 0000000043550c95 ut=308
HMEM: write 0000000080005a9c with 000000004361c183 ut=309
HMEM: write 0000000080005aa0 with 000000004367d9ac ut=310
HMEM: write 0000000080005aa4 with 0000000042cbeb3d ut=311
HMEM: write 0000000080005aa8 with 0000000041f135ed ut=312
HMEM: write 0000000080005aac with 0000000043353f65 ut=313
HMEM: write 0000000080005ab0 with 0000000042994c44 ut=314
HMEM: write 0000000080005ab4 with 000000004361026b ut=315
HMEM: write 0000000080005ab8 with 00000000423c6a4e ut=316
HMEM: write 0000000080005abc with 000000004290f496 ut=317
HMEM: write 0000000080005ac0 with 000000004301cf77 ut=318
HMEM: write 0000000080005ac4 with 0000000042ad7792 ut=319
HMEM: write 0000000080005ac8 with 0000000040ca6eb0 ut=320
HMEM: write 0000000080005acc with 00000000432c57df ut=321
HMEM: write 0000000080005ad0 with 00000000428916f7 ut=322
HMEM: write 0000000080005ad4 with 0000000043244a8c ut=323
HMEM: write 0000000080005ad8 with 0000000042fe5b0e ut=324
HMEM: write 0000000080005adc with 0000000042471b07 ut=325
HMEM: write 0000000080005ae0 with 000000004369e613 ut=326
HMEM: write 0000000080005ae4 with 00000000430b08e2 ut=327
HMEM: write 0000000080005ae8 with 0000000042f6646e ut=328
HMEM: write 0000000080005aec with 0000000042158685 ut=329
HMEM: write 0000000080005af0 with 0000000042b0115a ut=330
HMEM: write 0000000080005af4 with 000000004199449a ut=331
HMEM: write 0000000080005af8 with 00000000435bbfc3 ut=332
HMEM: write 0000000080005afc with 000000004232cf13 ut=333
HMEM: write 0000000080005b00 with 0000000042c76321 ut=334
HMEM: write 0000000080005b04 with 000000004293b08d ut=335
HMEM: write 0000000080005b08 with 0000000042e48e9d ut=336
HMEM: write 0000000080005b0c with 0000000041f5e8eb ut=337
HMEM: write 0000000080005b10 with 00000000432d1ad2 ut=338
HMEM: write 0000000080005b14 with 0000000042645ab9 ut=339
HMEM: write 0000000080005b18 with 000000004232a420 ut=340
HMEM: write 0000000080005b1c with 0000000041de0ed5 ut=341
HMEM: write 0000000080005b20 with 0000000042a5aa9e ut=342
HMEM: write 0000000080005b24 with 000000004224a536 ut=343
HMEM: write 0000000080005b28 with 0000000042809247 ut=344
HMEM: write 0000000080005b2c with 0000000042ef4462 ut=345
HMEM: write 0000000080005b30 with 00000000427941eb ut=346
HMEM: write 0000000080005b34 with 0000000042aff0eb ut=347
HMEM: write 0000000080005b38 with 00000000430c41c9 ut=348
HMEM: write 0000000080005b3c with 0000000043262aff ut=349
HMEM: write 0000000080005b40 with 000000004322d10f ut=350
HMEM: write 0000000080005b44 with 0000000042ce6bc8 ut=351
HMEM: write 0000000080005b48 with 0000000043853582 ut=352
HMEM: write 0000000080005b4c with 0000000042b8c50d ut=353
HMEM: write 0000000080005b50 with 00000000421a58d4 ut=354
HMEM: write 0000000080005b54 with 00000000420aec0d ut=355
HMEM: write 0000000080005b58 with 0000000042ffb02c ut=356
HMEM: write 0000000080005b5c with 00000000427474c7 ut=357
HMEM: write 0000000080005b60 with 0000000042c01e5f ut=358
HMEM: write 0000000080005b64 with 0000000042cfa037 ut=359
HMEM: write 0000000080005b68 with 000000004309373a ut=360
HMEM: write 0000000080005b6c with 00000000434fcefa ut=361
HMEM: write 0000000080005b70 with 0000000041b0447d ut=362
HMEM: write 0000000080005b74 with 00000000429110da ut=363
HMEM: write 0000000080005b78 with 00000000429a3df9 ut=364
HMEM: write 0000000080005b7c with 00000000438581dd ut=365
HMEM: write 0000000080005b80 with 00000000423d44e5 ut=366
HMEM: write 0000000080005b84 with 0000000041cb6116 ut=367
HMEM: write 0000000080005b88 with 00000000421b7ec4 ut=368
HMEM: write 0000000080005b8c with 000000004269ab7b ut=369
HMEM: write 0000000080005b90 with 00000000438014c2 ut=370
HMEM: write 0000000080005b94 with 000000004164912b ut=371
HMEM: write 0000000080005b98 with 0000000041f1848a ut=372
HMEM: write 0000000080005b9c with 0000000043881f5d ut=373
HMEM: write 0000000080005ba0 with 0000000042dfd08d ut=374
HMEM: write 0000000080005ba4 with 0000000043215f0f ut=375
HMEM: write 0000000080005ba8 with 00000000434bd2ae ut=376
HMEM: write 0000000080005bac with 000000004308892f ut=377
HMEM: write 0000000080005bb0 with 0000000043521161 ut=378
HMEM: write 0000000080005bb4 with 0000000042c00541 ut=379
HMEM: write 0000000080005bb8 with 0000000042a32487 ut=380
HMEM: write 0000000080005bbc with 0000000042e32d6b ut=381
HMEM: write 0000000080005bc0 with 0000000042e53668 ut=382
HMEM: write 0000000080005bc4 with 00000000435f6dcc ut=383
HMEM: write 0000000080005bc8 with 0000000042ad9fef ut=384
HMEM: write 0000000080005bcc with 0000000042a2bed7 ut=385
HMEM: write 0000000080005bd0 with 0000000042be196b ut=386
HMEM: write 0000000080005bd4 with 000000004341d656 ut=387
HMEM: write 0000000080005bd8 with 00000000427a98ab ut=388
HMEM: write 0000000080005bdc with 00000000430ca949 ut=389
HMEM: write 0000000080005be0 with 000000004234c6f0 ut=390
HMEM: write 0000000080005be4 with 0000000043201939 ut=391
HMEM: write 0000000080005be8 with 00000000429c843e ut=392
HMEM: write 0000000080005bec with 0000000042ad9ccd ut=393
HMEM: write 0000000080005bf0 with 000000004281e953 ut=394
HMEM: write 0000000080005bf4 with 0000000041b6fde1 ut=395
HMEM: write 0000000080005bf8 with 00000000429557a9 ut=396
HMEM: write 0000000080005bfc with 000000004365f0c7 ut=397
HMEM: write 0000000080005c00 with 000000004332b3f3 ut=398
HMEM: write 0000000080005c04 with 00000000432c29f5 ut=399
HMEM: write 0000000080005c08 with 00000000425d37e7 ut=400
HMEM: write 0000000080005c0c with 0000000042994f00 ut=401
HMEM: write 0000000080005c10 with 00000000430a4a2f ut=402
HMEM: write 0000000080005c14 with 0000000043853775 ut=403
HMEM: write 0000000080005c18 with 00000000434e9ba2 ut=404
HMEM: write 0000000080005c1c with 00000000433bd682 ut=405
HMEM: write 0000000080005c20 with 0000000041f0a971 ut=406
HMEM: write 0000000080005c24 with 00000000425f69fc ut=407
HMEM: write 0000000080005c28 with 00000000425453e2 ut=408
HMEM: write 0000000080005c2c with 00000000432b994b ut=409
HMEM: write 0000000080005c30 with 00000000422a3ce3 ut=410
HMEM: write 0000000080005c34 with 0000000042036ae9 ut=411
HMEM: write 0000000080005c38 with 00000000417c3135 ut=412
HMEM: write 0000000080005c3c with 00000000428a4b24 ut=413
HMEM: write 0000000080005c40 with 00000000429c4e05 ut=414
HMEM: write 0000000080005c44 with 0000000043514591 ut=415
HMEM: write 0000000080005c48 with 000000004280a6c5 ut=416
HMEM: write 0000000080005c4c with 0000000042a3d0f3 ut=417
HMEM: write 0000000080005c50 with 0000000042aeac67 ut=418
HMEM: write 0000000080005c54 with 00000000434cf700 ut=419
HMEM: write 0000000080005c58 with 0000000042b1856c ut=420
HMEM: write 0000000080005c5c with 000000004351d8bb ut=421
HMEM: write 0000000080005c60 with 000000004204c27b ut=422
HMEM: write 0000000080005c64 with 000000004360033e ut=423
HMEM: write 0000000080005c68 with 000000004326942b ut=424
HMEM: write 0000000080005c6c with 00000000437fbacb ut=425
HMEM: write 0000000080005c70 with 000000004230b894 ut=426
HMEM: write 0000000080005c74 with 0000000043174ff8 ut=427
HMEM: write 0000000080005c78 with 00000000425d4df6 ut=428
HMEM: write 0000000080005c7c with 000000004317c8a0 ut=429
HMEM: write 0000000080005c80 with 0000000043192fa0 ut=430
HMEM: write 0000000080005c84 with 00000000425d99d4 ut=431
HMEM: write 0000000080005c88 with 0000000043714e7e ut=432
HMEM: write 0000000080005c8c with 0000000043726d9a ut=433
HMEM: write 0000000080005c90 with 0000000042a7b6c0 ut=434
HMEM: write 0000000080005c94 with 0000000041e0289f ut=435
HMEM: write 0000000080005c98 with 000000004291c71d ut=436
HMEM: write 0000000080005c9c with 0000000041ff7774 ut=437
HMEM: write 0000000080005ca0 with 0000000043395df8 ut=438
HMEM: write 0000000080005ca4 with 0000000042a49986 ut=439
HMEM: write 0000000080005ca8 with 00000000434bd317 ut=440
HMEM: write 0000000080005cac with 0000000042fac32d ut=441
HMEM: write 0000000080005cb0 with 000000004295d477 ut=442
HMEM: write 0000000080005cb4 with 00000000432becb0 ut=443
HMEM: write 0000000080005cb8 with 00000000429891ab ut=444
HMEM: write 0000000080005cbc with 0000000042bebb50 ut=445
HMEM: write 0000000080005cc0 with 0000000043527560 ut=446
HMEM: write 0000000080005cc4 with 00000000430e813e ut=447
HMEM: write 0000000080005cc8 with 00000000425fd2f3 ut=448
HMEM: write 0000000080005ccc with 000000004296daae ut=449
HMEM: write 0000000080005cd0 with 00000000427ffec3 ut=450
HMEM: write 0000000080005cd4 with 0000000042280989 ut=451
HMEM: write 0000000080005cd8 with 00000000436282a6 ut=452
HMEM: write 0000000080005cdc with 000000004325b4e0 ut=453
HMEM: write 0000000080005ce0 with 0000000043703871 ut=454
HMEM: write 0000000080005ce4 with 00000000435bb62d ut=455
HMEM: write 0000000080005ce8 with 000000004138bcbe ut=456
HMEM: write 0000000080005cec with 000000004255c2e2 ut=457
HMEM: write 0000000080005cf0 with 000000004317fed0 ut=458
HMEM: write 0000000080005cf4 with 00000000421670a4 ut=459
HMEM: write 0000000080005cf8 with 0000000042129702 ut=460
HMEM: write 0000000080005cfc with 0000000042aee386 ut=461
HMEM: write 0000000080005d00 with 000000004343ef1b ut=462
HMEM: write 0000000080005d04 with 0000000041d0bfe9 ut=463
HMEM: write 0000000080005d08 with 0000000042995c92 ut=464
HMEM: write 0000000080005d0c with 0000000042193cf3 ut=465
HMEM: write 0000000080005d10 with 00000000408d638d ut=466
HMEM: write 0000000080005d14 with 0000000043034888 ut=467
HMEM: write 0000000080005d18 with 000000004386928f ut=468
HMEM: write 0000000080005d1c with 00000000429c40c8 ut=469
HMEM: write 0000000080005d20 with 00000000437c7056 ut=470
HMEM: write 0000000080005d24 with 0000000042102e6d ut=471
HMEM: write 0000000080005d28 with 00000000430a01b7 ut=472
HMEM: write 0000000080005d2c with 0000000043861ab2 ut=473
HMEM: write 0000000080005d30 with 000000004222abad ut=474
HMEM: write 0000000080005d34 with 0000000042914fd4 ut=475
HMEM: write 0000000080005d38 with 00000000416cd812 ut=476
HMEM: write 0000000080005d3c with 0000000042599abf ut=477
HMEM: write 0000000080005d40 with 000000004325fb38 ut=478
HMEM: write 0000000080005d44 with 00000000429dee69 ut=479
HMEM: write 0000000080005d48 with 0000000042f64a0f ut=480
HMEM: write 0000000080005d4c with 000000004209adac ut=481
HMEM: write 0000000080005d50 with 0000000042acd038 ut=482
HMEM: write 0000000080005d54 with 0000000042e019e8 ut=483
HMEM: write 0000000080005d58 with 0000000042e4912d ut=484
HMEM: write 0000000080005d5c with 0000000042ae2ff0 ut=485
HMEM: write 0000000080005d60 with 0000000042851acf ut=486
HMEM: write 0000000080005d64 with 00000000426e7169 ut=487
HMEM: write 0000000080005d68 with 00000000433988fc ut=488
HMEM: write 0000000080005d6c with 000000004320aa86 ut=489
HMEM: write 0000000080005d70 with 00000000423020e6 ut=490
HMEM: write 0000000080005d74 with 00000000437322a5 ut=491
HMEM: write 0000000080005d78 with 00000000422b9539 ut=492
HMEM: write 0000000080005d7c with 0000000043426289 ut=493
HMEM: write 0000000080005d80 with 000000004356bcbb ut=494
HMEM: write 0000000080005d84 with 000000004370ad38 ut=495
HMEM: write 0000000080005d88 with 00000000427ec239 ut=496
HMEM: write 0000000080005d8c with 000000004282c957 ut=497
HMEM: write 0000000080005d90 with 00000000431a44e8 ut=498
HMEM: write 0000000080005d94 with 00000000437fe4b4 ut=499
HMEM: write 0000000080005d98 with 0000000041ea669b ut=500
HMEM: write 0000000080005d9c with 000000004361364a ut=501
HMEM: write 0000000080005da0 with 0000000042d22c90 ut=502
HMEM: write 0000000080005da4 with 0000000042ca5876 ut=503
HMEM: write 0000000080005da8 with 0000000041d1b568 ut=504
HMEM: write 0000000080005dac with 000000004315ceaa ut=505
HMEM: write 0000000080005db0 with 00000000431d953d ut=506
HMEM: write 0000000080005db4 with 00000000436fe5b4 ut=507
HMEM: write 0000000080005db8 with 0000000042cfe26b ut=508
HMEM: write 0000000080005dbc with 0000000042a37d33 ut=509
HMEM: write 0000000080005dc0 with 00000000426ff759 ut=510
HMEM: write 0000000080005dc4 with 0000000043513ec3 ut=511
H: WT pc=0000000080002080 inst=8000080002022f3f next=0000000080002088 vl=512 act=ffffffffffffffffffffffffffffffffffffffffffffffffffffffffffffffffffffffffffffffffffffffffffffffffffffffffffffffffffffffffffffffff
H: WT pc=0000000080002088 inst=86aa04040201063f next=0000000080002090 vl=512 act=ffffffffffffffffffffffffffffffffffffffffffffffffffffffffffffffffffffffffffffffffffffffffffffffffffffffffffffffffffffffffffffffff
H: WT pc=0000000080002090 inst=87ba06060101063f next=0000000080002098 vl=512 act=ffffffffffffffffffffffffffffffffffffffffffffffffffffffffffffffffffffffffffffffffffffffffffffffffffffffffffffffffffffffffffffffff
H: WT pc=0000000080002098 inst=0000000000000c3f next=00000000800020a0 vl=512 act=-
H: WT pc=0000000080002010 inst=87fe00000000063f next=0000000080002018 vl=512 act=ffffffffffffffffffffffffffffffffffffffffffffffffffffffffffffffffffffffffffffffffffffffffffffffffffffffffffffffffffffffffffffffff
H: WT pc=0000000080002018 inst=805800000000063f next=0000000080002020 vl=512 act=ffffffffffffffffffffffffffffffffffffffffffffffffffffffffffffffffffffffffffffffffffffffffffffffffffffffffffffffffffffffffffffffff
H: WT pc=0000000080002020 inst=c000007e0000063f next=0000000080002028 vl=512 act=ffffffffffffffffffffffffffffffffffffffffffffffffffffffffffffffffffffffffffffffffffffffffffffffffffffffffffffffffffffffffffffffff
H: WT pc=0000000080002028 inst=c012007c0001063f next=0000000080002030 vl=512 act=ffffffffffffffffffffffffffffffffffffffffffffffffffffffffffffffffffffffffffffffffffffffffffffffffffffffffffffffffffffffffffffffff
H: WT pc=0000000080002030 inst=860202020002063f next=0000000080002038 vl=512 act=ffffffffffffffffffffffffffffffffffffffffffffffffffffffffffffffffffffffffffffffffffffffffffffffffffffffffffffffffffffffffffffffff
H: WT pc=0000000080002038 inst=840a02020003063f next=0000000080002040 vl=512 act=ffffffffffffffffffffffffffffffffffffffffffffffffffffffffffffffffffffffffffffffffffffffffffffffffffffffffffffffffffffffffffffffff
H: WT pc=0000000080002040 inst=0000004900012dbf next=0000000080002048 vl=512 act=-
HMEM: read from 0000000080008dc8 ut=0
HMEM: read from 0000000080008dd0 ut=1
HMEM: read from 0000000080008dd8 ut=2
HMEM: read from 0000000080008de0 ut=3
HMEM: read from 0000000080008de8 ut=4
HMEM: read from 0000000080008df0 ut=5
HMEM: read from 0000000080008df8 ut=6
HMEM: read from 0000000080008e00 ut=7
HMEM: read from 0000000080008e08 ut=8
HMEM: read from 0000000080008e10 ut=9
HMEM: read from 0000000080008e18 ut=10
HMEM: read from 0000000080008e20 ut=11
HMEM: read from 0000000080008e28 ut=12
HMEM: read from 0000000080008e30 ut=13
HMEM: read from 0000000080008e38 ut=14
HMEM: read from 0000000080008e40 ut=15
HMEM: read from 0000000080008e48 ut=16
HMEM: read from 0000000080008e50 ut=17
HMEM: read from 0000000080008e58 ut=18
HMEM: read from 0000000080008e60 ut=19
HMEM: read from 0000000080008e68 ut=20
HMEM: read from 0000000080008e70 ut=21
HMEM: read from 0000000080008e78 ut=22
HMEM: read from 0000000080008e80 ut=23
HMEM: read from 0000000080008e88 ut=24
HMEM: read from 0000000080008e90 ut=25
HMEM: read from 0000000080008e98 ut=26
HMEM: read from 0000000080008ea0 ut=27
HMEM: read from 0000000080008ea8 ut=28
HMEM: read from 0000000080008eb0 ut=29
HMEM: read from 0000000080008eb8 ut=30
HMEM: read from 0000000080008ec0 ut=31
HMEM: read from 0000000080008ec8 ut=32
HMEM: read from 0000000080008ed0 ut=33
HMEM: read from 0000000080008ed8 ut=34
HMEM: read from 0000000080008ee0 ut=35
HMEM: read from 0000000080008ee8 ut=36
HMEM: read from 0000000080008ef0 ut=37
HMEM: read from 0000000080008ef8 ut=38
HMEM: read from 0000000080008f00 ut=39
HMEM: read from 0000000080008f08 ut=40
HMEM: read from 0000000080008f10 ut=41
HMEM: read from 0000000080008f18 ut=42
HMEM: read from 0000000080008f20 ut=43
HMEM: read from 0000000080008f28 ut=44
HMEM: read from 0000000080008f30 ut=45
HMEM: read from 0000000080008f38 ut=46
HMEM: read from 0000000080008f40 ut=47
HMEM: read from 0000000080008f48 ut=48
HMEM: read from 0000000080008f50 ut=49
HMEM: read from 0000000080008f58 ut=50
HMEM: read from 0000000080008f60 ut=51
HMEM: read from 0000000080008f68 ut=52
HMEM: read from 0000000080008f70 ut=53
HMEM: read from 0000000080008f78 ut=54
HMEM: read from 0000000080008f80 ut=55
HMEM: read from 0000000080008f88 ut=56
HMEM: read from 0000000080008f90 ut=57
HMEM: read from 0000000080008f98 ut=58
HMEM: read from 0000000080008fa0 ut=59
HMEM: read from 0000000080008fa8 ut=60
HMEM: read from 0000000080008fb0 ut=61
HMEM: read from 0000000080008fb8 ut=62
HMEM: read from 0000000080008fc0 ut=63
HMEM: read from 0000000080008fc8 ut=64
HMEM: read from 0000000080008fd0 ut=65
HMEM: read from 0000000080008fd8 ut=66
HMEM: read from 0000000080008fe0 ut=67
HMEM: read from 0000000080008fe8 ut=68
HMEM: read from 0000000080008ff0 ut=69
HMEM: read from 0000000080008ff8 ut=70
HMEM: read from 0000000080009000 ut=71
HMEM: read from 0000000080009008 ut=72
HMEM: read from 0000000080009010 ut=73
HMEM: read from 0000000080009018 ut=74
HMEM: read from 0000000080009020 ut=75
HMEM: read from 0000000080009028 ut=76
HMEM: read from 0000000080009030 ut=77
HMEM: read from 0000000080009038 ut=78
HMEM: read from 0000000080009040 ut=79
HMEM: read from 0000000080009048 ut=80
HMEM: read from 0000000080009050 ut=81
HMEM: read from 0000000080009058 ut=82
HMEM: read from 0000000080009060 ut=83
HMEM: read from 0000000080009068 ut=84
HMEM: read from 0000000080009070 ut=85
HMEM: read from 0000000080009078 ut=86
HMEM: read from 0000000080009080 ut=87
HMEM: read from 0000000080009088 ut=88
HMEM: read from 0000000080009090 ut=89
HMEM: read from 0000000080009098 ut=90
HMEM: read from 00000000800090a0 ut=91
HMEM: read from 00000000800090a8 ut=92
HMEM: read from 00000000800090b0 ut=93
HMEM: read from 00000000800090b8 ut=94
HMEM: read from 00000000800090c0 ut=95
HMEM: read from 00000000800090c8 ut=96
HMEM: read from 00000000800090d0 ut=97
HMEM: read from 00000000800090d8 ut=98
HMEM: read from 00000000800090e0 ut=99
HMEM: read from 00000000800090e8 ut=100
HMEM: read from 00000000800090f0 ut=101
HMEM: read from 00000000800090f8 ut=102
HMEM: read from 0000000080009100 ut=103
HMEM: read from 0000000080009108 ut=104
HMEM: read from 0000000080009110 ut=105
HMEM: read from 0000000080009118 ut=106
HMEM: read from 0000000080009120 ut=107
HMEM: read from 0000000080009128 ut=108
HMEM: read from 0000000080009130 ut=109
HMEM: read from 0000000080009138 ut=110
HMEM: read from 0000000080009140 ut=111
HMEM: read from 0000000080009148 ut=112
HMEM: read from 0000000080009150 ut=113
HMEM: read from 0000000080009158 ut=114
HMEM: read from 0000000080009160 ut=115
HMEM: read from 0000000080009168 ut=116
HMEM: read from 0000000080009170 ut=117
HMEM: read from 0000000080009178 ut=118
HMEM: read from 0000000080009180 ut=119
HMEM: read from 0000000080009188 ut=120
HMEM: read from 0000000080009190 ut=121
HMEM: read from 0000000080009198 ut=122
HMEM: read from 00000000800091a0 ut=123
HMEM: read from 00000000800091a8 ut=124
HMEM: read from 00000000800091b0 ut=125
HMEM: read from 00000000800091b8 ut=126
HMEM: read from 00000000800091c0 ut=127
HMEM: read from 00000000800091c8 ut=128
HMEM: read from 00000000800091d0 ut=129
HMEM: read from 00000000800091d8 ut=130
HMEM: read from 00000000800091e0 ut=131
HMEM: read from 00000000800091e8 ut=132
HMEM: read from 00000000800091f0 ut=133
HMEM: read from 00000000800091f8 ut=134
HMEM: read from 0000000080009200 ut=135
HMEM: read from 0000000080009208 ut=136
HMEM: read from 0000000080009210 ut=137
HMEM: read from 0000000080009218 ut=138
HMEM: read from 0000000080009220 ut=139
HMEM: read from 0000000080009228 ut=140
HMEM: read from 0000000080009230 ut=141
HMEM: read from 0000000080009238 ut=142
HMEM: read from 0000000080009240 ut=143
HMEM: read from 0000000080009248 ut=144
HMEM: read from 0000000080009250 ut=145
HMEM: read from 0000000080009258 ut=146
HMEM: read from 0000000080009260 ut=147
HMEM: read from 0000000080009268 ut=148
HMEM: read from 0000000080009270 ut=149
HMEM: read from 0000000080009278 ut=150
HMEM: read from 0000000080009280 ut=151
HMEM: read from 0000000080009288 ut=152
HMEM: read from 0000000080009290 ut=153
HMEM: read from 0000000080009298 ut=154
HMEM: read from 00000000800092a0 ut=155
HMEM: read from 00000000800092a8 ut=156
HMEM: read from 00000000800092b0 ut=157
HMEM: read from 00000000800092b8 ut=158
HMEM: read from 00000000800092c0 ut=159
HMEM: read from 00000000800092c8 ut=160
HMEM: read from 00000000800092d0 ut=161
HMEM: read from 00000000800092d8 ut=162
HMEM: read from 00000000800092e0 ut=163
HMEM: read from 00000000800092e8 ut=164
HMEM: read from 00000000800092f0 ut=165
HMEM: read from 00000000800092f8 ut=166
HMEM: read from 0000000080009300 ut=167
HMEM: read from 0000000080009308 ut=168
HMEM: read from 0000000080009310 ut=169
HMEM: read from 0000000080009318 ut=170
HMEM: read from 0000000080009320 ut=171
HMEM: read from 0000000080009328 ut=172
HMEM: read from 0000000080009330 ut=173
HMEM: read from 0000000080009338 ut=174
HMEM: read from 0000000080009340 ut=175
HMEM: read from 0000000080009348 ut=176
HMEM: read from 0000000080009350 ut=177
HMEM: read from 0000000080009358 ut=178
HMEM: read from 0000000080009360 ut=179
HMEM: read from 0000000080009368 ut=180
HMEM: read from 0000000080009370 ut=181
HMEM: read from 0000000080009378 ut=182
HMEM: read from 0000000080009380 ut=183
HMEM: read from 0000000080009388 ut=184
HMEM: read from 0000000080009390 ut=185
HMEM: read from 0000000080009398 ut=186
HMEM: read from 00000000800093a0 ut=187
HMEM: read from 00000000800093a8 ut=188
HMEM: read from 00000000800093b0 ut=189
HMEM: read from 00000000800093b8 ut=190
HMEM: read from 00000000800093c0 ut=191
HMEM: read from 00000000800093c8 ut=192
HMEM: read from 00000000800093d0 ut=193
HMEM: read from 00000000800093d8 ut=194
HMEM: read from 00000000800093e0 ut=195
HMEM: read from 00000000800093e8 ut=196
HMEM: read from 00000000800093f0 ut=197
HMEM: read from 00000000800093f8 ut=198
HMEM: read from 0000000080009400 ut=199
HMEM: read from 0000000080009408 ut=200
HMEM: read from 0000000080009410 ut=201
HMEM: read from 0000000080009418 ut=202
HMEM: read from 0000000080009420 ut=203
HMEM: read from 0000000080009428 ut=204
HMEM: read from 0000000080009430 ut=205
HMEM: read from 0000000080009438 ut=206
HMEM: read from 0000000080009440 ut=207
HMEM: read from 0000000080009448 ut=208
HMEM: read from 0000000080009450 ut=209
HMEM: read from 0000000080009458 ut=210
HMEM: read from 0000000080009460 ut=211
HMEM: read from 0000000080009468 ut=212
HMEM: read from 0000000080009470 ut=213
HMEM: read from 0000000080009478 ut=214
HMEM: read from 0000000080009480 ut=215
HMEM: read from 0000000080009488 ut=216
HMEM: read from 0000000080009490 ut=217
HMEM: read from 0000000080009498 ut=218
HMEM: read from 00000000800094a0 ut=219
HMEM: read from 00000000800094a8 ut=220
HMEM: read from 00000000800094b0 ut=221
HMEM: read from 00000000800094b8 ut=222
HMEM: read from 00000000800094c0 ut=223
HMEM: read from 00000000800094c8 ut=224
HMEM: read from 00000000800094d0 ut=225
HMEM: read from 00000000800094d8 ut=226
HMEM: read from 00000000800094e0 ut=227
HMEM: read from 00000000800094e8 ut=228
HMEM: read from 00000000800094f0 ut=229
HMEM: read from 00000000800094f8 ut=230
HMEM: read from 0000000080009500 ut=231
HMEM: read from 0000000080009508 ut=232
HMEM: read from 0000000080009510 ut=233
HMEM: read from 0000000080009518 ut=234
HMEM: read from 0000000080009520 ut=235
HMEM: read from 0000000080009528 ut=236
HMEM: read from 0000000080009530 ut=237
HMEM: read from 0000000080009538 ut=238
HMEM: read from 0000000080009540 ut=239
HMEM: read from 0000000080009548 ut=240
HMEM: read from 0000000080009550 ut=241
HMEM: read from 0000000080009558 ut=242
HMEM: read from 0000000080009560 ut=243
HMEM: read from 0000000080009568 ut=244
HMEM: read from 0000000080009570 ut=245
HMEM: read from 0000000080009578 ut=246
HMEM: read from 0000000080009580 ut=247
HMEM: read from 0000000080009588 ut=248
HMEM: read from 0000000080009590 ut=249
HMEM: read from 0000000080009598 ut=250
HMEM: read from 00000000800095a0 ut=251
HMEM: read from 00000000800095a8 ut=252
HMEM: read from 00000000800095b0 ut=253
HMEM: read from 00000000800095b8 ut=254
HMEM: read from 00000000800095c0 ut=255
HMEM: read from 00000000800095c8 ut=256
HMEM: read from 00000000800095d0 ut=257
HMEM: read from 00000000800095d8 ut=258
HMEM: read from 00000000800095e0 ut=259
HMEM: read from 00000000800095e8 ut=260
HMEM: read from 00000000800095f0 ut=261
HMEM: read from 00000000800095f8 ut=262
HMEM: read from 0000000080009600 ut=263
HMEM: read from 0000000080009608 ut=264
HMEM: read from 0000000080009610 ut=265
HMEM: read from 0000000080009618 ut=266
HMEM: read from 0000000080009620 ut=267
HMEM: read from 0000000080009628 ut=268
HMEM: read from 0000000080009630 ut=269
HMEM: read from 0000000080009638 ut=270
HMEM: read from 0000000080009640 ut=271
HMEM: read from 0000000080009648 ut=272
HMEM: read from 0000000080009650 ut=273
HMEM: read from 0000000080009658 ut=274
HMEM: read from 0000000080009660 ut=275
HMEM: read from 0000000080009668 ut=276
HMEM: read from 0000000080009670 ut=277
HMEM: read from 0000000080009678 ut=278
HMEM: read from 0000000080009680 ut=279
HMEM: read from 0000000080009688 ut=280
HMEM: read from 0000000080009690 ut=281
HMEM: read from 0000000080009698 ut=282
HMEM: read from 00000000800096a0 ut=283
HMEM: read from 00000000800096a8 ut=284
HMEM: read from 00000000800096b0 ut=285
HMEM: read from 00000000800096b8 ut=286
HMEM: read from 00000000800096c0 ut=287
HMEM: read from 00000000800096c8 ut=288
HMEM: read from 00000000800096d0 ut=289
HMEM: read from 00000000800096d8 ut=290
HMEM: read from 00000000800096e0 ut=291
HMEM: read from 00000000800096e8 ut=292
HMEM: read from 00000000800096f0 ut=293
HMEM: read from 00000000800096f8 ut=294
HMEM: read from 0000000080009700 ut=295
HMEM: read from 0000000080009708 ut=296
HMEM: read from 0000000080009710 ut=297
HMEM: read from 0000000080009718 ut=298
HMEM: read from 0000000080009720 ut=299
HMEM: read from 0000000080009728 ut=300
HMEM: read from 0000000080009730 ut=301
HMEM: read from 0000000080009738 ut=302
HMEM: read from 0000000080009740 ut=303
HMEM: read from 0000000080009748 ut=304
HMEM: read from 0000000080009750 ut=305
HMEM: read from 0000000080009758 ut=306
HMEM: read from 0000000080009760 ut=307
HMEM: read from 0000000080009768 ut=308
HMEM: read from 0000000080009770 ut=309
HMEM: read from 0000000080009778 ut=310
HMEM: read from 0000000080009780 ut=311
HMEM: read from 0000000080009788 ut=312
HMEM: read from 0000000080009790 ut=313
HMEM: read from 0000000080009798 ut=314
HMEM: read from 00000000800097a0 ut=315
HMEM: read from 00000000800097a8 ut=316
HMEM: read from 00000000800097b0 ut=317
HMEM: read from 00000000800097b8 ut=318
HMEM: read from 00000000800097c0 ut=319
HMEM: read from 00000000800097c8 ut=320
HMEM: read from 00000000800097d0 ut=321
HMEM: read from 00000000800097d8 ut=322
HMEM: read from 00000000800097e0 ut=323
HMEM: read from 00000000800097e8 ut=324
HMEM: read from 00000000800097f0 ut=325
HMEM: read from 00000000800097f8 ut=326
HMEM: read from 0000000080009800 ut=327
HMEM: read from 0000000080009808 ut=328
HMEM: read from 0000000080009810 ut=329
HMEM: read from 0000000080009818 ut=330
HMEM: read from 0000000080009820 ut=331
HMEM: read from 0000000080009828 ut=332
HMEM: read from 0000000080009830 ut=333
HMEM: read from 0000000080009838 ut=334
HMEM: read from 0000000080009840 ut=335
HMEM: read from 0000000080009848 ut=336
HMEM: read from 0000000080009850 ut=337
HMEM: read from 0000000080009858 ut=338
HMEM: read from 0000000080009860 ut=339
HMEM: read from 0000000080009868 ut=340
HMEM: read from 0000000080009870 ut=341
HMEM: read from 0000000080009878 ut=342
HMEM: read from 0000000080009880 ut=343
HMEM: read from 0000000080009888 ut=344
HMEM: read from 0000000080009890 ut=345
HMEM: read from 0000000080009898 ut=346
HMEM: read from 00000000800098a0 ut=347
HMEM: read from 00000000800098a8 ut=348
HMEM: read from 00000000800098b0 ut=349
HMEM: read from 00000000800098b8 ut=350
HMEM: read from 00000000800098c0 ut=351
HMEM: read from 00000000800098c8 ut=352
HMEM: read from 00000000800098d0 ut=353
HMEM: read from 00000000800098d8 ut=354
HMEM: read from 00000000800098e0 ut=355
HMEM: read from 00000000800098e8 ut=356
HMEM: read from 00000000800098f0 ut=357
HMEM: read from 00000000800098f8 ut=358
HMEM: read from 0000000080009900 ut=359
HMEM: read from 0000000080009908 ut=360
HMEM: read from 0000000080009910 ut=361
HMEM: read from 0000000080009918 ut=362
HMEM: read from 0000000080009920 ut=363
HMEM: read from 0000000080009928 ut=364
HMEM: read from 0000000080009930 ut=365
HMEM: read from 0000000080009938 ut=366
HMEM: read from 0000000080009940 ut=367
HMEM: read from 0000000080009948 ut=368
HMEM: read from 0000000080009950 ut=369
HMEM: read from 0000000080009958 ut=370
HMEM: read from 0000000080009960 ut=371
HMEM: read from 0000000080009968 ut=372
HMEM: read from 0000000080009970 ut=373
HMEM: read from 0000000080009978 ut=374
HMEM: read from 0000000080009980 ut=375
HMEM: read from 0000000080009988 ut=376
HMEM: read from 0000000080009990 ut=377
HMEM: read from 0000000080009998 ut=378
HMEM: read from 00000000800099a0 ut=379
HMEM: read from 00000000800099a8 ut=380
HMEM: read from 00000000800099b0 ut=381
HMEM: read from 00000000800099b8 ut=382
HMEM: read from 00000000800099c0 ut=383
HMEM: read from 00000000800099c8 ut=384
HMEM: read from 00000000800099d0 ut=385
HMEM: read from 00000000800099d8 ut=386
HMEM: read from 00000000800099e0 ut=387
HMEM: read from 00000000800099e8 ut=388
HMEM: read from 00000000800099f0 ut=389
HMEM: read from 00000000800099f8 ut=390
HMEM: read from 0000000080009a00 ut=391
HMEM: read from 0000000080009a08 ut=392
HMEM: read from 0000000080009a10 ut=393
HMEM: read from 0000000080009a18 ut=394
HMEM: read from 0000000080009a20 ut=395
HMEM: read from 0000000080009a28 ut=396
HMEM: read from 0000000080009a30 ut=397
HMEM: read from 0000000080009a38 ut=398
HMEM: read from 0000000080009a40 ut=399
HMEM: read from 0000000080009a48 ut=400
HMEM: read from 0000000080009a50 ut=401
HMEM: read from 0000000080009a58 ut=402
HMEM: read from 0000000080009a60 ut=403
HMEM: read from 0000000080009a68 ut=404
HMEM: read from 0000000080009a70 ut=405
HMEM: read from 0000000080009a78 ut=406
HMEM: read from 0000000080009a80 ut=407
HMEM: read from 0000000080009a88 ut=408
HMEM: read from 0000000080009a90 ut=409
HMEM: read from 0000000080009a98 ut=410
HMEM: read from 0000000080009aa0 ut=411
HMEM: read from 0000000080009aa8 ut=412
HMEM: read from 0000000080009ab0 ut=413
HMEM: read from 0000000080009ab8 ut=414
HMEM: read from 0000000080009ac0 ut=415
HMEM: read from 0000000080009ac8 ut=416
HMEM: read from 0000000080009ad0 ut=417
HMEM: read from 0000000080009ad8 ut=418
HMEM: read from 0000000080009ae0 ut=419
HMEM: read from 0000000080009ae8 ut=420
HMEM: read from 0000000080009af0 ut=421
HMEM: read from 0000000080009af8 ut=422
HMEM: read from 0000000080009b00 ut=423
HMEM: read from 0000000080009b08 ut=424
HMEM: read from 0000000080009b10 ut=425
HMEM: read from 0000000080009b18 ut=426
HMEM: read from 0000000080009b20 ut=427
HMEM: read from 0000000080009b28 ut=428
HMEM: read from 0000000080009b30 ut=429
HMEM: read from 0000000080009b38 ut=430
HMEM: read from 0000000080009b40 ut=431
HMEM: read from 0000000080009b48 ut=432
HMEM: read from 0000000080009b50 ut=433
HMEM: read from 0000000080009b58 ut=434
HMEM: read from 0000000080009b60 ut=435
HMEM: read from 0000000080009b68 ut=436
HMEM: read from 0000000080009b70 ut=437
HMEM: read from 0000000080009b78 ut=438
HMEM: read from 0000000080009b80 ut=439
HMEM: read from 0000000080009b88 ut=440
HMEM: read from 0000000080009b90 ut=441
HMEM: read from 0000000080009b98 ut=442
HMEM: read from 0000000080009ba0 ut=443
HMEM: read from 0000000080009ba8 ut=444
HMEM: read from 0000000080009bb0 ut=445
HMEM: read from 0000000080009bb8 ut=446
HMEM: read from 0000000080009bc0 ut=447
HMEM: read from 0000000080009bc8 ut=448
HMEM: read from 0000000080009bd0 ut=449
HMEM: read from 0000000080009bd8 ut=450
HMEM: read from 0000000080009be0 ut=451
HMEM: read from 0000000080009be8 ut=452
HMEM: read from 0000000080009bf0 ut=453
HMEM: read from 0000000080009bf8 ut=454
HMEM: read from 0000000080009c00 ut=455
HMEM: read from 0000000080009c08 ut=456
HMEM: read from 0000000080009c10 ut=457
HMEM: read from 0000000080009c18 ut=458
HMEM: read from 0000000080009c20 ut=459
HMEM: read from 0000000080009c28 ut=460
HMEM: read from 0000000080009c30 ut=461
HMEM: read from 0000000080009c38 ut=462
HMEM: read from 0000000080009c40 ut=463
HMEM: read from 0000000080009c48 ut=464
HMEM: read from 0000000080009c50 ut=465
HMEM: read from 0000000080009c58 ut=466
HMEM: read from 0000000080009c60 ut=467
HMEM: read from 0000000080009c68 ut=468
HMEM: read from 0000000080009c70 ut=469
HMEM: read from 0000000080009c78 ut=470
HMEM: read from 0000000080009c80 ut=471
HMEM: read from 0000000080009c88 ut=472
HMEM: read from 0000000080009c90 ut=473
HMEM: read from 0000000080009c98 ut=474
HMEM: read from 0000000080009ca0 ut=475
HMEM: read from 0000000080009ca8 ut=476
HMEM: read from 0000000080009cb0 ut=477
HMEM: read from 0000000080009cb8 ut=478
HMEM: read from 0000000080009cc0 ut=479
HMEM: read from 0000000080009cc8 ut=480
HMEM: read from 0000000080009cd0 ut=481
HMEM: read from 0000000080009cd8 ut=482
HMEM: read from 0000000080009ce0 ut=483
HMEM: read from 0000000080009ce8 ut=484
HMEM: read from 0000000080009cf0 ut=485
HMEM: read from 0000000080009cf8 ut=486
HMEM: read from 0000000080009d00 ut=487
HMEM: read from 0000000080009d08 ut=488
HMEM: read from 0000000080009d10 ut=489
HMEM: read from 0000000080009d18 ut=490
HMEM: read from 0000000080009d20 ut=491
HMEM: read from 0000000080009d28 ut=492
HMEM: read from 0000000080009d30 ut=493
HMEM: read from 0000000080009d38 ut=494
HMEM: read from 0000000080009d40 ut=495
HMEM: read from 0000000080009d48 ut=496
HMEM: read from 0000000080009d50 ut=497
HMEM: read from 0000000080009d58 ut=498
HMEM: read from 0000000080009d60 ut=499
HMEM: read from 0000000080009d68 ut=500
HMEM: read from 0000000080009d70 ut=501
HMEM: read from 0000000080009d78 ut=502
HMEM: read from 0000000080009d80 ut=503
HMEM: read from 0000000080009d88 ut=504
HMEM: read from 0000000080009d90 ut=505
HMEM: read from 0000000080009d98 ut=506
HMEM: read from 0000000080009da0 ut=507
HMEM: read from 0000000080009da8 ut=508
HMEM: read from 0000000080009db0 ut=509
HMEM: read from 0000000080009db8 ut=510
HMEM: read from 0000000080009dc0 ut=511
H: WT pc=0000000080002048 inst=80000a0600012b3f next=0000000080002050 vl=512 act=ffffffffffffffffffffffffffffffffffffffffffffffffffffffffffffffffffffffffffffffffffffffffffffffffffffffffffffffffffffffffffffffff
H: WT pc=0000000080002050 inst=a01c02023d022a3f next=0000000080002058 vl=512 act=ffffffffffffffffffffffffffffffffffffffffffffffffffffffffffffffffffffffffffffffffffffffffffffffffffffffffffffffffffffffffffffffff
HMEM: read from 0000000080008dcc ut=0
HMEM: read from 0000000080008dd4 ut=1
HMEM: read from 0000000080008ddc ut=2
HMEM: read from 0000000080008de4 ut=3
HMEM: read from 0000000080008dec ut=4
HMEM: read from 0000000080008df4 ut=5
HMEM: read from 0000000080008dfc ut=6
HMEM: read from 0000000080008e04 ut=7
HMEM: read from 0000000080008e0c ut=8
HMEM: read from 0000000080008e14 ut=9
HMEM: read from 0000000080008e1c ut=10
HMEM: read from 0000000080008e24 ut=11
HMEM: read from 0000000080008e2c ut=12
HMEM: read from 0000000080008e34 ut=13
HMEM: read from 0000000080008e3c ut=14
HMEM: read from 0000000080008e44 ut=15
HMEM: read from 0000000080008e4c ut=16
HMEM: read from 0000000080008e54 ut=17
HMEM: read from 0000000080008e5c ut=18
HMEM: read from 0000000080008e64 ut=19
HMEM: read from 0000000080008e6c ut=20
HMEM: read from 0000000080008e74 ut=21
HMEM: read from 0000000080008e7c ut=22
HMEM: read from 0000000080008e84 ut=23
HMEM: read from 0000000080008e8c ut=24
HMEM: read from 0000000080008e94 ut=25
HMEM: read from 0000000080008e9c ut=26
HMEM: read from 0000000080008ea4 ut=27
HMEM: read from 0000000080008eac ut=28
HMEM: read from 0000000080008eb4 ut=29
HMEM: read from 0000000080008ebc ut=30
HMEM: read from 0000000080008ec4 ut=31
HMEM: read from 0000000080008ecc ut=32
HMEM: read from 0000000080008ed4 ut=33
HMEM: read from 0000000080008edc ut=34
HMEM: read from 0000000080008ee4 ut=35
HMEM: read from 0000000080008eec ut=36
HMEM: read from 0000000080008ef4 ut=37
HMEM: read from 0000000080008efc ut=38
HMEM: read from 0000000080008f04 ut=39
HMEM: read from 0000000080008f0c ut=40
HMEM: read from 0000000080008f14 ut=41
HMEM: read from 0000000080008f1c ut=42
HMEM: read from 0000000080008f24 ut=43
HMEM: read from 0000000080008f2c ut=44
HMEM: read from 0000000080008f34 ut=45
HMEM: read from 0000000080008f3c ut=46
HMEM: read from 0000000080008f44 ut=47
HMEM: read from 0000000080008f4c ut=48
HMEM: read from 0000000080008f54 ut=49
HMEM: read from 0000000080008f5c ut=50
HMEM: read from 0000000080008f64 ut=51
HMEM: read from 0000000080008f6c ut=52
HMEM: read from 0000000080008f74 ut=53
HMEM: read from 0000000080008f7c ut=54
HMEM: read from 0000000080008f84 ut=55
HMEM: read from 0000000080008f8c ut=56
HMEM: read from 0000000080008f94 ut=57
HMEM: read from 0000000080008f9c ut=58
HMEM: read from 0000000080008fa4 ut=59
HMEM: read from 0000000080008fac ut=60
HMEM: read from 0000000080008fb4 ut=61
HMEM: read from 0000000080008fbc ut=62
HMEM: read from 0000000080008fc4 ut=63
HMEM: read from 0000000080008fcc ut=64
HMEM: read from 0000000080008fd4 ut=65
HMEM: read from 0000000080008fdc ut=66
HMEM: read from 0000000080008fe4 ut=67
HMEM: read from 0000000080008fec ut=68
HMEM: read from 0000000080008ff4 ut=69
HMEM: read from 0000000080008ffc ut=70
HMEM: read from 0000000080009004 ut=71
HMEM: read from 000000008000900c ut=72
HMEM: read from 0000000080009014 ut=73
HMEM: read from 000000008000901c ut=74
HMEM: read from 0000000080009024 ut=75
HMEM: read from 000000008000902c ut=76
HMEM: read from 0000000080009034 ut=77
HMEM: read from 000000008000903c ut=78
HMEM: read from 0000000080009044 ut=79
HMEM: read from 000000008000904c ut=80
HMEM: read from 0000000080009054 ut=81
HMEM: read from 000000008000905c ut=82
HMEM: read from 0000000080009064 ut=83
HMEM: read from 000000008000906c ut=84
HMEM: read from 0000000080009074 ut=85
HMEM: read from 000000008000907c ut=86
HMEM: read from 0000000080009084 ut=87
HMEM: read from 000000008000908c ut=88
HMEM: read from 0000000080009094 ut=89
HMEM: read from 000000008000909c ut=90
HMEM: read from 00000000800090a4 ut=91
HMEM: read from 00000000800090ac ut=92
HMEM: read from 00000000800090b4 ut=93
HMEM: read from 00000000800090bc ut=94
HMEM: read from 00000000800090c4 ut=95
HMEM: read from 00000000800090cc ut=96
HMEM: read from 00000000800090d4 ut=97
HMEM: read from 00000000800090dc ut=98
HMEM: read from 00000000800090e4 ut=99
HMEM: read from 00000000800090ec ut=100
HMEM: read from 00000000800090f4 ut=101
HMEM: read from 00000000800090fc ut=102
HMEM: read from 0000000080009104 ut=103
HMEM: read from 000000008000910c ut=104
HMEM: read from 0000000080009114 ut=105
HMEM: read from 000000008000911c ut=106
HMEM: read from 0000000080009124 ut=107
HMEM: read from 000000008000912c ut=108
HMEM: read from 0000000080009134 ut=109
HMEM: read from 000000008000913c ut=110
HMEM: read from 0000000080009144 ut=111
HMEM: read from 000000008000914c ut=112
HMEM: read from 0000000080009154 ut=113
HMEM: read from 000000008000915c ut=114
HMEM: read from 0000000080009164 ut=115
HMEM: read from 000000008000916c ut=116
HMEM: read from 0000000080009174 ut=117
HMEM: read from 000000008000917c ut=118
HMEM: read from 0000000080009184 ut=119
HMEM: read from 000000008000918c ut=120
HMEM: read from 0000000080009194 ut=121
HMEM: read from 000000008000919c ut=122
HMEM: read from 00000000800091a4 ut=123
HMEM: read from 00000000800091ac ut=124
HMEM: read from 00000000800091b4 ut=125
HMEM: read from 00000000800091bc ut=126
HMEM: read from 00000000800091c4 ut=127
HMEM: read from 00000000800091cc ut=128
HMEM: read from 00000000800091d4 ut=129
HMEM: read from 00000000800091dc ut=130
HMEM: read from 00000000800091e4 ut=131
HMEM: read from 00000000800091ec ut=132
HMEM: read from 00000000800091f4 ut=133
HMEM: read from 00000000800091fc ut=134
HMEM: read from 0000000080009204 ut=135
HMEM: read from 000000008000920c ut=136
HMEM: read from 0000000080009214 ut=137
HMEM: read from 000000008000921c ut=138
HMEM: read from 0000000080009224 ut=139
HMEM: read from 000000008000922c ut=140
HMEM: read from 0000000080009234 ut=141
HMEM: read from 000000008000923c ut=142
HMEM: read from 0000000080009244 ut=143
HMEM: read from 000000008000924c ut=144
HMEM: read from 0000000080009254 ut=145
HMEM: read from 000000008000925c ut=146
HMEM: read from 0000000080009264 ut=147
HMEM: read from 000000008000926c ut=148
HMEM: read from 0000000080009274 ut=149
HMEM: read from 000000008000927c ut=150
HMEM: read from 0000000080009284 ut=151
HMEM: read from 000000008000928c ut=152
HMEM: read from 0000000080009294 ut=153
HMEM: read from 000000008000929c ut=154
HMEM: read from 00000000800092a4 ut=155
HMEM: read from 00000000800092ac ut=156
HMEM: read from 00000000800092b4 ut=157
HMEM: read from 00000000800092bc ut=158
HMEM: read from 00000000800092c4 ut=159
HMEM: read from 00000000800092cc ut=160
HMEM: read from 00000000800092d4 ut=161
HMEM: read from 00000000800092dc ut=162
HMEM: read from 00000000800092e4 ut=163
HMEM: read from 00000000800092ec ut=164
HMEM: read from 00000000800092f4 ut=165
HMEM: read from 00000000800092fc ut=166
HMEM: read from 0000000080009304 ut=167
HMEM: read from 000000008000930c ut=168
HMEM: read from 0000000080009314 ut=169
HMEM: read from 000000008000931c ut=170
HMEM: read from 0000000080009324 ut=171
HMEM: read from 000000008000932c ut=172
HMEM: read from 0000000080009334 ut=173
HMEM: read from 000000008000933c ut=174
HMEM: read from 0000000080009344 ut=175
HMEM: read from 000000008000934c ut=176
HMEM: read from 0000000080009354 ut=177
HMEM: read from 000000008000935c ut=178
HMEM: read from 0000000080009364 ut=179
HMEM: read from 000000008000936c ut=180
HMEM: read from 0000000080009374 ut=181
HMEM: read from 000000008000937c ut=182
HMEM: read from 0000000080009384 ut=183
HMEM: read from 000000008000938c ut=184
HMEM: read from 0000000080009394 ut=185
HMEM: read from 000000008000939c ut=186
HMEM: read from 00000000800093a4 ut=187
HMEM: read from 00000000800093ac ut=188
HMEM: read from 00000000800093b4 ut=189
HMEM: read from 00000000800093bc ut=190
HMEM: read from 00000000800093c4 ut=191
HMEM: read from 00000000800093cc ut=192
HMEM: read from 00000000800093d4 ut=193
HMEM: read from 00000000800093dc ut=194
HMEM: read from 00000000800093e4 ut=195
HMEM: read from 00000000800093ec ut=196
HMEM: read from 00000000800093f4 ut=197
HMEM: read from 00000000800093fc ut=198
HMEM: read from 0000000080009404 ut=199
HMEM: read from 000000008000940c ut=200
HMEM: read from 0000000080009414 ut=201
HMEM: read from 000000008000941c ut=202
HMEM: read from 0000000080009424 ut=203
HMEM: read from 000000008000942c ut=204
HMEM: read from 0000000080009434 ut=205
HMEM: read from 000000008000943c ut=206
HMEM: read from 0000000080009444 ut=207
HMEM: read from 000000008000944c ut=208
HMEM: read from 0000000080009454 ut=209
HMEM: read from 000000008000945c ut=210
HMEM: read from 0000000080009464 ut=211
HMEM: read from 000000008000946c ut=212
HMEM: read from 0000000080009474 ut=213
HMEM: read from 000000008000947c ut=214
HMEM: read from 0000000080009484 ut=215
HMEM: read from 000000008000948c ut=216
HMEM: read from 0000000080009494 ut=217
HMEM: read from 000000008000949c ut=218
HMEM: read from 00000000800094a4 ut=219
HMEM: read from 00000000800094ac ut=220
HMEM: read from 00000000800094b4 ut=221
HMEM: read from 00000000800094bc ut=222
HMEM: read from 00000000800094c4 ut=223
HMEM: read from 00000000800094cc ut=224
HMEM: read from 00000000800094d4 ut=225
HMEM: read from 00000000800094dc ut=226
HMEM: read from 00000000800094e4 ut=227
HMEM: read from 00000000800094ec ut=228
HMEM: read from 00000000800094f4 ut=229
HMEM: read from 00000000800094fc ut=230
HMEM: read from 0000000080009504 ut=231
HMEM: read from 000000008000950c ut=232
HMEM: read from 0000000080009514 ut=233
HMEM: read from 000000008000951c ut=234
HMEM: read from 0000000080009524 ut=235
HMEM: read from 000000008000952c ut=236
HMEM: read from 0000000080009534 ut=237
HMEM: read from 000000008000953c ut=238
HMEM: read from 0000000080009544 ut=239
HMEM: read from 000000008000954c ut=240
HMEM: read from 0000000080009554 ut=241
HMEM: read from 000000008000955c ut=242
HMEM: read from 0000000080009564 ut=243
HMEM: read from 000000008000956c ut=244
HMEM: read from 0000000080009574 ut=245
HMEM: read from 000000008000957c ut=246
HMEM: read from 0000000080009584 ut=247
HMEM: read from 000000008000958c ut=248
HMEM: read from 0000000080009594 ut=249
HMEM: read from 000000008000959c ut=250
HMEM: read from 00000000800095a4 ut=251
HMEM: read from 00000000800095ac ut=252
HMEM: read from 00000000800095b4 ut=253
HMEM: read from 00000000800095bc ut=254
HMEM: read from 00000000800095c4 ut=255
HMEM: read from 00000000800095cc ut=256
HMEM: read from 00000000800095d4 ut=257
HMEM: read from 00000000800095dc ut=258
HMEM: read from 00000000800095e4 ut=259
HMEM: read from 00000000800095ec ut=260
HMEM: read from 00000000800095f4 ut=261
HMEM: read from 00000000800095fc ut=262
HMEM: read from 0000000080009604 ut=263
HMEM: read from 000000008000960c ut=264
HMEM: read from 0000000080009614 ut=265
HMEM: read from 000000008000961c ut=266
HMEM: read from 0000000080009624 ut=267
HMEM: read from 000000008000962c ut=268
HMEM: read from 0000000080009634 ut=269
HMEM: read from 000000008000963c ut=270
HMEM: read from 0000000080009644 ut=271
HMEM: read from 000000008000964c ut=272
HMEM: read from 0000000080009654 ut=273
HMEM: read from 000000008000965c ut=274
HMEM: read from 0000000080009664 ut=275
HMEM: read from 000000008000966c ut=276
HMEM: read from 0000000080009674 ut=277
HMEM: read from 000000008000967c ut=278
HMEM: read from 0000000080009684 ut=279
HMEM: read from 000000008000968c ut=280
HMEM: read from 0000000080009694 ut=281
HMEM: read from 000000008000969c ut=282
HMEM: read from 00000000800096a4 ut=283
HMEM: read from 00000000800096ac ut=284
HMEM: read from 00000000800096b4 ut=285
HMEM: read from 00000000800096bc ut=286
HMEM: read from 00000000800096c4 ut=287
HMEM: read from 00000000800096cc ut=288
HMEM: read from 00000000800096d4 ut=289
HMEM: read from 00000000800096dc ut=290
HMEM: read from 00000000800096e4 ut=291
HMEM: read from 00000000800096ec ut=292
HMEM: read from 00000000800096f4 ut=293
HMEM: read from 00000000800096fc ut=294
HMEM: read from 0000000080009704 ut=295
HMEM: read from 000000008000970c ut=296
HMEM: read from 0000000080009714 ut=297
HMEM: read from 000000008000971c ut=298
HMEM: read from 0000000080009724 ut=299
HMEM: read from 000000008000972c ut=300
HMEM: read from 0000000080009734 ut=301
HMEM: read from 000000008000973c ut=302
HMEM: read from 0000000080009744 ut=303
HMEM: read from 000000008000974c ut=304
HMEM: read from 0000000080009754 ut=305
HMEM: read from 000000008000975c ut=306
HMEM: read from 0000000080009764 ut=307
HMEM: read from 000000008000976c ut=308
HMEM: read from 0000000080009774 ut=309
HMEM: read from 000000008000977c ut=310
HMEM: read from 0000000080009784 ut=311
HMEM: read from 000000008000978c ut=312
HMEM: read from 0000000080009794 ut=313
HMEM: read from 000000008000979c ut=314
HMEM: read from 00000000800097a4 ut=315
HMEM: read from 00000000800097ac ut=316
HMEM: read from 00000000800097b4 ut=317
HMEM: read from 00000000800097bc ut=318
HMEM: read from 00000000800097c4 ut=319
HMEM: read from 00000000800097cc ut=320
HMEM: read from 00000000800097d4 ut=321
HMEM: read from 00000000800097dc ut=322
HMEM: read from 00000000800097e4 ut=323
HMEM: read from 00000000800097ec ut=324
HMEM: read from 00000000800097f4 ut=325
HMEM: read from 00000000800097fc ut=326
HMEM: read from 0000000080009804 ut=327
HMEM: read from 000000008000980c ut=328
HMEM: read from 0000000080009814 ut=329
HMEM: read from 000000008000981c ut=330
HMEM: read from 0000000080009824 ut=331
HMEM: read from 000000008000982c ut=332
HMEM: read from 0000000080009834 ut=333
HMEM: read from 000000008000983c ut=334
HMEM: read from 0000000080009844 ut=335
HMEM: read from 000000008000984c ut=336
HMEM: read from 0000000080009854 ut=337
HMEM: read from 000000008000985c ut=338
HMEM: read from 0000000080009864 ut=339
HMEM: read from 000000008000986c ut=340
HMEM: read from 0000000080009874 ut=341
HMEM: read from 000000008000987c ut=342
HMEM: read from 0000000080009884 ut=343
HMEM: read from 000000008000988c ut=344
HMEM: read from 0000000080009894 ut=345
HMEM: read from 000000008000989c ut=346
HMEM: read from 00000000800098a4 ut=347
HMEM: read from 00000000800098ac ut=348
HMEM: read from 00000000800098b4 ut=349
HMEM: read from 00000000800098bc ut=350
HMEM: read from 00000000800098c4 ut=351
HMEM: read from 00000000800098cc ut=352
HMEM: read from 00000000800098d4 ut=353
HMEM: read from 00000000800098dc ut=354
HMEM: read from 00000000800098e4 ut=355
HMEM: read from 00000000800098ec ut=356
HMEM: read from 00000000800098f4 ut=357
HMEM: read from 00000000800098fc ut=358
HMEM: read from 0000000080009904 ut=359
HMEM: read from 000000008000990c ut=360
HMEM: read from 0000000080009914 ut=361
HMEM: read from 000000008000991c ut=362
HMEM: read from 0000000080009924 ut=363
HMEM: read from 000000008000992c ut=364
HMEM: read from 0000000080009934 ut=365
HMEM: read from 000000008000993c ut=366
HMEM: read from 0000000080009944 ut=367
HMEM: read from 000000008000994c ut=368
HMEM: read from 0000000080009954 ut=369
HMEM: read from 000000008000995c ut=370
HMEM: read from 0000000080009964 ut=371
HMEM: read from 000000008000996c ut=372
HMEM: read from 0000000080009974 ut=373
HMEM: read from 000000008000997c ut=374
HMEM: read from 0000000080009984 ut=375
HMEM: read from 000000008000998c ut=376
HMEM: read from 0000000080009994 ut=377
HMEM: read from 000000008000999c ut=378
HMEM: read from 00000000800099a4 ut=379
HMEM: read from 00000000800099ac ut=380
HMEM: read from 00000000800099b4 ut=381
HMEM: read from 00000000800099bc ut=382
HMEM: read from 00000000800099c4 ut=383
HMEM: read from 00000000800099cc ut=384
HMEM: read from 00000000800099d4 ut=385
HMEM: read from 00000000800099dc ut=386
HMEM: read from 00000000800099e4 ut=387
HMEM: read from 00000000800099ec ut=388
HMEM: read from 00000000800099f4 ut=389
HMEM: read from 00000000800099fc ut=390
HMEM: read from 0000000080009a04 ut=391
HMEM: read from 0000000080009a0c ut=392
HMEM: read from 0000000080009a14 ut=393
HMEM: read from 0000000080009a1c ut=394
HMEM: read from 0000000080009a24 ut=395
HMEM: read from 0000000080009a2c ut=396
HMEM: read from 0000000080009a34 ut=397
HMEM: read from 0000000080009a3c ut=398
HMEM: read from 0000000080009a44 ut=399
HMEM: read from 0000000080009a4c ut=400
HMEM: read from 0000000080009a54 ut=401
HMEM: read from 0000000080009a5c ut=402
HMEM: read from 0000000080009a64 ut=403
HMEM: read from 0000000080009a6c ut=404
HMEM: read from 0000000080009a74 ut=405
HMEM: read from 0000000080009a7c ut=406
HMEM: read from 0000000080009a84 ut=407
HMEM: read from 0000000080009a8c ut=408
HMEM: read from 0000000080009a94 ut=409
HMEM: read from 0000000080009a9c ut=410
HMEM: read from 0000000080009aa4 ut=411
HMEM: read from 0000000080009aac ut=412
HMEM: read from 0000000080009ab4 ut=413
HMEM: read from 0000000080009abc ut=414
HMEM: read from 0000000080009ac4 ut=415
HMEM: read from 0000000080009acc ut=416
HMEM: read from 0000000080009ad4 ut=417
HMEM: read from 0000000080009adc ut=418
HMEM: read from 0000000080009ae4 ut=419
HMEM: read from 0000000080009aec ut=420
HMEM: read from 0000000080009af4 ut=421
HMEM: read from 0000000080009afc ut=422
HMEM: read from 0000000080009b04 ut=423
HMEM: read from 0000000080009b0c ut=424
HMEM: read from 0000000080009b14 ut=425
HMEM: read from 0000000080009b1c ut=426
HMEM: read from 0000000080009b24 ut=427
HMEM: read from 0000000080009b2c ut=428
HMEM: read from 0000000080009b34 ut=429
HMEM: read from 0000000080009b3c ut=430
HMEM: read from 0000000080009b44 ut=431
HMEM: read from 0000000080009b4c ut=432
HMEM: read from 0000000080009b54 ut=433
HMEM: read from 0000000080009b5c ut=434
HMEM: read from 0000000080009b64 ut=435
HMEM: read from 0000000080009b6c ut=436
HMEM: read from 0000000080009b74 ut=437
HMEM: read from 0000000080009b7c ut=438
HMEM: read from 0000000080009b84 ut=439
HMEM: read from 0000000080009b8c ut=440
HMEM: read from 0000000080009b94 ut=441
HMEM: read from 0000000080009b9c ut=442
HMEM: read from 0000000080009ba4 ut=443
HMEM: read from 0000000080009bac ut=444
HMEM: read from 0000000080009bb4 ut=445
HMEM: read from 0000000080009bbc ut=446
HMEM: read from 0000000080009bc4 ut=447
HMEM: read from 0000000080009bcc ut=448
HMEM: read from 0000000080009bd4 ut=449
HMEM: read from 0000000080009bdc ut=450
HMEM: read from 0000000080009be4 ut=451
HMEM: read from 0000000080009bec ut=452
HMEM: read from 0000000080009bf4 ut=453
HMEM: read from 0000000080009bfc ut=454
HMEM: read from 0000000080009c04 ut=455
HMEM: read from 0000000080009c0c ut=456
HMEM: read from 0000000080009c14 ut=457
HMEM: read from 0000000080009c1c ut=458
HMEM: read from 0000000080009c24 ut=459
HMEM: read from 0000000080009c2c ut=460
HMEM: read from 0000000080009c34 ut=461
HMEM: read from 0000000080009c3c ut=462
HMEM: read from 0000000080009c44 ut=463
HMEM: read from 0000000080009c4c ut=464
HMEM: read from 0000000080009c54 ut=465
HMEM: read from 0000000080009c5c ut=466
HMEM: read from 0000000080009c64 ut=467
HMEM: read from 0000000080009c6c ut=468
HMEM: read from 0000000080009c74 ut=469
HMEM: read from 0000000080009c7c ut=470
HMEM: read from 0000000080009c84 ut=471
HMEM: read from 0000000080009c8c ut=472
HMEM: read from 0000000080009c94 ut=473
HMEM: read from 0000000080009c9c ut=474
HMEM: read from 0000000080009ca4 ut=475
HMEM: read from 0000000080009cac ut=476
HMEM: read from 0000000080009cb4 ut=477
HMEM: read from 0000000080009cbc ut=478
HMEM: read from 0000000080009cc4 ut=479
HMEM: read from 0000000080009ccc ut=480
HMEM: read from 0000000080009cd4 ut=481
HMEM: read from 0000000080009cdc ut=482
HMEM: read from 0000000080009ce4 ut=483
HMEM: read from 0000000080009cec ut=484
HMEM: read from 0000000080009cf4 ut=485
HMEM: read from 0000000080009cfc ut=486
HMEM: read from 0000000080009d04 ut=487
HMEM: read from 0000000080009d0c ut=488
HMEM: read from 0000000080009d14 ut=489
HMEM: read from 0000000080009d1c ut=490
HMEM: read from 0000000080009d24 ut=491
HMEM: read from 0000000080009d2c ut=492
HMEM: read from 0000000080009d34 ut=493
HMEM: read from 0000000080009d3c ut=494
HMEM: read from 0000000080009d44 ut=495
HMEM: read from 0000000080009d4c ut=496
HMEM: read from 0000000080009d54 ut=497
HMEM: read from 0000000080009d5c ut=498
HMEM: read from 0000000080009d64 ut=499
HMEM: read from 0000000080009d6c ut=500
HMEM: read from 0000000080009d74 ut=501
HMEM: read from 0000000080009d7c ut=502
HMEM: read from 0000000080009d84 ut=503
HMEM: read from 0000000080009d8c ut=504
HMEM: read from 0000000080009d94 ut=505
HMEM: read from 0000000080009d9c ut=506
HMEM: read from 0000000080009da4 ut=507
HMEM: read from 0000000080009dac ut=508
HMEM: read from 0000000080009db4 ut=509
HMEM: read from 0000000080009dbc ut=510
HMEM: read from 0000000080009dc4 ut=511
H: WT pc=0000000080002058 inst=80000a0801012b3f next=0000000080002060 vl=512 act=ffffffffffffffffffffffffffffffffffffffffffffffffffffffffffffffffffffffffffffffffffffffffffffffffffffffffffffffffffffffffffffffff
H: WT pc=0000000080002060 inst=a01c02023c032a3f next=0000000080002068 vl=512 act=ffffffffffffffffffffffffffffffffffffffffffffffffffffffffffffffffffffffffffffffffffffffffffffffffffffffffffffffffffffffffffffffff
H: WT pc=0000000080002068 inst=e01c040603032a3f next=0000000080002070 vl=512 act=ffffffffffffffffffffffffffffffffffffffffffffffffffffffffffffffffffffffffffffffffffffffffffffffffffffffffffffffffffffffffffffffff
H: WT pc=0000000080002070 inst=f01c06040202283f next=0000000080002078 vl=512 act=ffffffffffffffffffffffffffffffffffffffffffffffffffffffffffffffffffffffffffffffffffffffffffffffffffffffffffffffffffffffffffffffff
H: WT pc=0000000080002078 inst=c01c160002022a3f next=0000000080002080 vl=512 act=ffffffffffffffffffffffffffffffffffffffffffffffffffffffffffffffffffffffffffffffffffffffffffffffffffffffffffffffffffffffffffffffff
HMEM: write 0000000080005dc8 with 00000000425c0a1b ut=0
HMEM: write 0000000080005dcc with 0000000042b50781 ut=1
HMEM: write 0000000080005dd0 with 00000000428e7996 ut=2
HMEM: write 0000000080005dd4 with 000000004341fd0b ut=3
HMEM: write 0000000080005dd8 with 0000000043283d20 ut=4
HMEM: write 0000000080005ddc with 0000000042b7f222 ut=5
HMEM: write 0000000080005de0 with 0000000042c8d035 ut=6
HMEM: write 0000000080005de4 with 000000004210db4e ut=7
HMEM: write 0000000080005de8 with 00000000429e7caa ut=8
HMEM: write 0000000080005dec with 00000000427c048c ut=9
HMEM: write 0000000080005df0 with 000000004353f77c ut=10
HMEM: write 0000000080005df4 with 0000000041fb5fc1 ut=11
HMEM: write 0000000080005df8 with 0000000042903b69 ut=12
HMEM: write 0000000080005dfc with 00000000430fad8f ut=13
HMEM: write 0000000080005e00 with 0000000043069890 ut=14
HMEM: write 0000000080005e04 with 00000000433bb6e4 ut=15
HMEM: write 0000000080005e08 with 00000000429a38b2 ut=16
HMEM: write 0000000080005e0c with 000000004369c26b ut=17
HMEM: write 0000000080005e10 with 0000000042cea97b ut=18
HMEM: write 0000000080005e14 with 0000000042b08998 ut=19
HMEM: write 0000000080005e18 with 00000000434ce1e4 ut=20
HMEM: write 0000000080005e1c with 000000004215c292 ut=21
HMEM: write 0000000080005e20 with 000000004235a96d ut=22
HMEM: write 0000000080005e24 with 000000004366a5b1 ut=23
HMEM: write 0000000080005e28 with 0000000043094fc5 ut=24
HMEM: write 0000000080005e2c with 0000000042021dc0 ut=25
HMEM: write 0000000080005e30 with 000000004377508e ut=26
HMEM: write 0000000080005e34 with 000000004285cfb0 ut=27
HMEM: write 0000000080005e38 with 00000000430821cb ut=28
HMEM: write 0000000080005e3c with 000000004348b990 ut=29
HMEM: write 0000000080005e40 with 00000000431f843b ut=30
HMEM: write 0000000080005e44 with 000000004321b842 ut=31
HMEM: write 0000000080005e48 with 0000000041cda285 ut=32
HMEM: write 0000000080005e4c with 00000000433b3195 ut=33
HMEM: write 0000000080005e50 with 000000004232a198 ut=34
HMEM: write 0000000080005e54 with 0000000042f25324 ut=35
HMEM: write 0000000080005e58 with 00000000422b4d76 ut=36
HMEM: write 0000000080005e5c with 00000000436e8a80 ut=37
HMEM: write 0000000080005e60 with 00000000437fb3eb ut=38
HMEM: write 0000000080005e64 with 0000000042a03b84 ut=39
HMEM: write 0000000080005e68 with 000000004349b60f ut=40
HMEM: write 0000000080005e6c with 0000000043857d83 ut=41
HMEM: write 0000000080005e70 with 0000000042161703 ut=42
HMEM: write 0000000080005e74 with 0000000041c09e40 ut=43
HMEM: write 0000000080005e78 with 000000004343fdc3 ut=44
HMEM: write 0000000080005e7c with 000000004243a81d ut=45
HMEM: write 0000000080005e80 with 0000000043567250 ut=46
HMEM: write 0000000080005e84 with 0000000042f66665 ut=47
HMEM: write 0000000080005e88 with 0000000042befabc ut=48
HMEM: write 0000000080005e8c with 0000000042e26271 ut=49
HMEM: write 0000000080005e90 with 0000000042e4354f ut=50
HMEM: write 0000000080005e94 with 0000000042b13be9 ut=51
HMEM: write 0000000080005e98 with 0000000042e6d41b ut=52
HMEM: write 0000000080005e9c with 000000004311cd1e ut=53
HMEM: write 0000000080005ea0 with 00000000435f05df ut=54
HMEM: write 0000000080005ea4 with 00000000431a5201 ut=55
HMEM: write 0000000080005ea8 with 00000000423f5a4b ut=56
HMEM: write 0000000080005eac with 000000004346e4fa ut=57
HMEM: write 0000000080005eb0 with 00000000433af4b3 ut=58
HMEM: write 0000000080005eb4 with 00000000431e3777 ut=59
HMEM: write 0000000080005eb8 with 000000004221494a ut=60
HMEM: write 0000000080005ebc with 00000000435f24be ut=61
HMEM: write 0000000080005ec0 with 000000004254e15e ut=62
HMEM: write 0000000080005ec4 with 000000004269ab71 ut=63
HMEM: write 0000000080005ec8 with 00000000437794f9 ut=64
HMEM: write 0000000080005ecc with 000000004336a60e ut=65
HMEM: write 0000000080005ed0 with 0000000043791a29 ut=66
HMEM: write 0000000080005ed4 with 0000000043242542 ut=67
HMEM: write 0000000080005ed8 with 000000004318c8bc ut=68
HMEM: write 0000000080005edc with 0000000042cc5e27 ut=69
HMEM: write 0000000080005ee0 with 0000000042439f21 ut=70
HMEM: write 0000000080005ee4 with 000000004321696e ut=71
HMEM: write 0000000080005ee8 with 00000000435737c6 ut=72
HMEM: write 0000000080005eec with 0000000041bbfd81 ut=73
HMEM: write 0000000080005ef0 with 0000000043815324 ut=74
HMEM: write 0000000080005ef4 with 00000000423c2569 ut=75
HMEM: write 0000000080005ef8 with 00000000437a4f82 ut=76
HMEM: write 0000000080005efc with 00000000432c6e4e ut=77
HMEM: write 0000000080005f00 with 00000000425088bf ut=78
HMEM: write 0000000080005f04 with 000000004247712c ut=79
HMEM: write 0000000080005f08 with 0000000041d98c56 ut=80
HMEM: write 0000000080005f0c with 00000000434aaa1b ut=81
HMEM: write 0000000080005f10 with 0000000042ce7130 ut=82
HMEM: write 0000000080005f14 with 0000000041d048ae ut=83
HMEM: write 0000000080005f18 with 0000000041e130a1 ut=84
HMEM: write 0000000080005f1c with 0000000042a5093d ut=85
HMEM: write 0000000080005f20 with 00000000425d0036 ut=86
HMEM: write 0000000080005f24 with 00000000425cbf2f ut=87
HMEM: write 0000000080005f28 with 000000004277fc3f ut=88
HMEM: write 0000000080005f2c with 0000000043461489 ut=89
HMEM: write 0000000080005f30 with 00000000438377fd ut=90
HMEM: write 0000000080005f34 with 0000000042598253 ut=91
HMEM: write 0000000080005f38 with 00000000423dcec2 ut=92
HMEM: write 0000000080005f3c with 00000000427d959b ut=93
HMEM: write 0000000080005f40 with 0000000043842e5b ut=94
HMEM: write 0000000080005f44 with 00000000432c35e8 ut=95
HMEM: write 0000000080005f48 with 0000000041ed5f1f ut=96
HMEM: write 0000000080005f4c with 000000004259790f ut=97
HMEM: write 0000000080005f50 with 0000000042b47f85 ut=98
HMEM: write 0000000080005f54 with 00000000436e5b33 ut=99
HMEM: write 0000000080005f58 with 00000000437daeb1 ut=100
HMEM: write 0000000080005f5c with 0000000042c36ffc ut=101
HMEM: write 0000000080005f60 with 00000000436846f3 ut=102
HMEM: write 0000000080005f64 with 00000000436030ee ut=103
HMEM: write 0000000080005f68 with 00000000435d34ed ut=104
HMEM: write 0000000080005f6c with 00000000436ca10d ut=105
HMEM: write 0000000080005f70 with 0000000042bffc3d ut=106
HMEM: write 0000000080005f74 with 0000000042d4d15e ut=107
HMEM: write 0000000080005f78 with 00000000423ffc84 ut=108
HMEM: write 0000000080005f7c with 000000004287efd5 ut=109
HMEM: write 0000000080005f80 with 00000000430f59ff ut=110
HMEM: write 0000000080005f84 with 0000000042449997 ut=111
HMEM: write 0000000080005f88 with 00000000427f8a3b ut=112
HMEM: write 0000000080005f8c with 0000000042561e61 ut=113
HMEM: write 0000000080005f90 with 00000000424b620e ut=114
HMEM: write 0000000080005f94 with 00000000434aa98b ut=115
HMEM: write 0000000080005f98 with 0000000042ed0031 ut=116
HMEM: write 0000000080005f9c with 000000004302f33f ut=117
HMEM: write 0000000080005fa0 with 00000000433c1dfc ut=118
HMEM: write 0000000080005fa4 with 00000000437f7072 ut=119
HMEM: write 0000000080005fa8 with 000000004345c4f4 ut=120
HMEM: write 0000000080005fac with 00000000429d5568 ut=121
HMEM: write 0000000080005fb0 with 00000000421a0556 ut=122
HMEM: write 0000000080005fb4 with 00000000437919a3 ut=123
HMEM: write 0000000080005fb8 with 0000000042c4d2b9 ut=124
HMEM: write 0000000080005fbc with 0000000041f06bdf ut=125
HMEM: write 0000000080005fc0 with 0000000042aad853 ut=126
HMEM: write 0000000080005fc4 with 00000000425f46be ut=127
HMEM: write 0000000080005fc8 with 00000000432c1a1b ut=128
HMEM: write 0000000080005fcc with 00000000435d44d8 ut=129
HMEM: write 0000000080005fd0 with 000000004302b344 ut=130
HMEM: write 0000000080005fd4 with 000000004369fcf1 ut=131
HMEM: write 0000000080005fd8 with 0000000043366c8f ut=132
HMEM: write 0000000080005fdc with 000000004246f575 ut=133
HMEM: write 0000000080005fe0 with 000000004367c480 ut=134
HMEM: write 0000000080005fe4 with 0000000042840cbf ut=135
HMEM: write 0000000080005fe8 with 00000000431637f1 ut=136
HMEM: write 0000000080005fec with 0000000043266e12 ut=137
HMEM: write 0000000080005ff0 with 0000000042ae0de1 ut=138
HMEM: write 0000000080005ff4 with 00000000429fbe24 ut=139
HMEM: write 0000000080005ff8 with 000000004310e52f ut=140
HMEM: write 0000000080005ffc with 00000000424e5516 ut=141
HMEM: write 0000000080006000 with 00000000432a63b9 ut=142
HMEM: write 0000000080006004 with 00000000426837fb ut=143
HMEM: write 0000000080006008 with 00000000433ffbfe ut=144
HMEM: write 000000008000600c with 000000004283f073 ut=145
HMEM: write 0000000080006010 with 000000004205d976 ut=146
HMEM: write 0000000080006014 with 000000004240b223 ut=147
HMEM: write 0000000080006018 with 000000004252cf0d ut=148
HMEM: write 000000008000601c with 0000000043493622 ut=149
HMEM: write 0000000080006020 with 0000000042d2f33a ut=150
HMEM: write 0000000080006024 with 000000004382eb91 ut=151
HMEM: write 0000000080006028 with 00000000426d9433 ut=152
HMEM: write 000000008000602c with 000000004204f0d2 ut=153
HMEM: write 0000000080006030 with 000000004296bf5f ut=154
HMEM: write 0000000080006034 with 00000000423f384f ut=155
HMEM: write 0000000080006038 with 0000000042a2960f ut=156
HMEM: write 000000008000603c with 0000000042a47cb2 ut=157
HMEM: write 0000000080006040 with 0000000042ef380c ut=158
HMEM: write 0000000080006044 with 0000000041f808a0 ut=159
HMEM: write 0000000080006048 with 00000000420a5c9d ut=160
HMEM: write 000000008000604c with 0000000042aa0fe6 ut=161
HMEM: write 0000000080006050 with 0000000042b3b09e ut=162
HMEM: write 0000000080006054 with 0000000042b0cc26 ut=163
HMEM: write 0000000080006058 with 00000000435b6bb2 ut=164
HMEM: write 000000008000605c with 0000000043576c78 ut=165
HMEM: write 0000000080006060 with 00000000436d464e ut=166
HMEM: write 0000000080006064 with 00000000435bbafa ut=167
HMEM: write 0000000080006068 with 00000000437000a8 ut=168
HMEM: write 000000008000606c with 00000000428304a3 ut=169
HMEM: write 0000000080006070 with 00000000433f6bb3 ut=170
HMEM: write 0000000080006074 with 00000000436953dd ut=171
HMEM: write 0000000080006078 with 000000004323ae16 ut=172
HMEM: write 000000008000607c with 000000004380234f ut=173
HMEM: write 0000000080006080 with 00000000414b5cbc ut=174
HMEM: write 0000000080006084 with 0000000043160d61 ut=175
HMEM: write 0000000080006088 with 00000000427769ac ut=176
HMEM: write 000000008000608c with 0000000042ff7162 ut=177
HMEM: write 0000000080006090 with 00000000423f1c8c ut=178
HMEM: write 0000000080006094 with 000000004369bfe5 ut=179
HMEM: write 0000000080006098 with 00000000426b6107 ut=180
HMEM: write 000000008000609c with 0000000043478557 ut=181
HMEM: write 00000000800060a0 with 0000000041f149ee ut=182
HMEM: write 00000000800060a4 with 00000000436dbb81 ut=183
HMEM: write 00000000800060a8 with 0000000043456e2f ut=184
HMEM: write 00000000800060ac with 00000000428dbd95 ut=185
HMEM: write 00000000800060b0 with 0000000041989a40 ut=186
HMEM: write 00000000800060b4 with 00000000432ca2e9 ut=187
HMEM: write 00000000800060b8 with 00000000429d5cfd ut=188
HMEM: write 00000000800060bc with 0000000042df940b ut=189
HMEM: write 00000000800060c0 with 000000004384d97c ut=190
HMEM: write 00000000800060c4 with 0000000043400f74 ut=191
HMEM: write 00000000800060c8 with 000000004335b027 ut=192
HMEM: write 00000000800060cc with 00000000434fd383 ut=193
HMEM: write 00000000800060d0 with 0000000042b306bd ut=194
HMEM: write 00000000800060d4 with 0000000042357d24 ut=195
HMEM: write 00000000800060d8 with 00000000437d8ab4 ut=196
HMEM: write 00000000800060dc with 00000000422b4ae1 ut=197
HMEM: write 00000000800060e0 with 0000000043161d8e ut=198
HMEM: write 00000000800060e4 with 000000004254cb22 ut=199
HMEM: write 00000000800060e8 with 000000004295f692 ut=200
HMEM: write 00000000800060ec with 00000000432a41a4 ut=201
HMEM: write 00000000800060f0 with 0000000042a95491 ut=202
HMEM: write 00000000800060f4 with 000000004300d205 ut=203
HMEM: write 00000000800060f8 with 0000000041f5891e ut=204
HMEM: write 00000000800060fc with 0000000041868ba9 ut=205
HMEM: write 0000000080006100 with 00000000438583e3 ut=206
HMEM: write 0000000080006104 with 0000000042f5e627 ut=207
HMEM: write 0000000080006108 with 00000000429ef07d ut=208
HMEM: write 000000008000610c with 00000000431a4361 ut=209
HMEM: write 0000000080006110 with 0000000042bf6c2c ut=210
HMEM: write 0000000080006114 with 00000000435bd7e7 ut=211
HMEM: write 0000000080006118 with 00000000437a8093 ut=212
HMEM: write 000000008000611c with 00000000421cc2ea ut=213
HMEM: write 0000000080006120 with 0000000042b5a256 ut=214
HMEM: write 0000000080006124 with 0000000042c4a79a ut=215
HMEM: write 0000000080006128 with 0000000042f4dd5a ut=216
HMEM: write 000000008000612c with 0000000043760abe ut=217
HMEM: write 0000000080006130 with 00000000422fbef3 ut=218
HMEM: write 0000000080006134 with 000000004295c3de ut=219
HMEM: write 0000000080006138 with 00000000437f56f6 ut=220
HMEM: write 000000008000613c with 0000000042fbee48 ut=221
HMEM: write 0000000080006140 with 0000000042b08884 ut=222
HMEM: write 0000000080006144 with 0000000042b533a8 ut=223
HMEM: write 0000000080006148 with 00000000432fe806 ut=224
HMEM: write 000000008000614c with 00000000430a3f22 ut=225
HMEM: write 0000000080006150 with 000000004329e61e ut=226
HMEM: write 0000000080006154 with 0000000042065aea ut=227
HMEM: write 0000000080006158 with 000000004357f5f7 ut=228
HMEM: write 000000008000615c with 000000004365b320 ut=229
HMEM: write 0000000080006160 with 00000000437a661e ut=230
HMEM: write 0000000080006164 with 0000000043817543 ut=231
HMEM: write 0000000080006168 with 00000000437fee7b ut=232
HMEM: write 000000008000616c with 000000004298b493 ut=233
HMEM: write 0000000080006170 with 0000000042bd2218 ut=234
HMEM: write 0000000080006174 with 0000000041688939 ut=235
HMEM: write 0000000080006178 with 000000004380569d ut=236
HMEM: write 000000008000617c with 00000000437c5341 ut=237
HMEM: write 0000000080006180 with 0000000043193390 ut=238
HMEM: write 0000000080006184 with 0000000042acb653 ut=239
HMEM: write 0000000080006188 with 0000000042ad4aff ut=240
HMEM: write 000000008000618c with 00000000428e9244 ut=241
HMEM: write 0000000080006190 with 000000004250c8db ut=242
HMEM: write 0000000080006194 with 0000000043419b8a ut=243
HMEM: write 0000000080006198 with 000000004259ea1b ut=244
HMEM: write 000000008000619c with 0000000041d655c4 ut=245
HMEM: write 00000000800061a0 with 0000000041f86751 ut=246
HMEM: write 00000000800061a4 with 0000000042ba723e ut=247
HMEM: write 00000000800061a8 with 00000000415212c5 ut=248
HMEM: write 00000000800061ac with 00000000433ed7f3 ut=249
HMEM: write 00000000800061b0 with 0000000043004d4c ut=250
HMEM: write 00000000800061b4 with 0000000042939e04 ut=251
HMEM: write 00000000800061b8 with 0000000043816e74 ut=252
HMEM: write 00000000800061bc with 0000000043592881 ut=253
HMEM: write 00000000800061c0 with 0000000043467d13 ut=254
HMEM: write 00000000800061c4 with 0000000042efebc7 ut=255
HMEM: write 00000000800061c8 with 00000000429ec56e ut=256
HMEM: write 00000000800061cc with 0000000042fb38fa ut=257
HMEM: write 00000000800061d0 with 0000000042c5b724 ut=258
HMEM: write 00000000800061d4 with 0000000042425e76 ut=259
HMEM: write 00000000800061d8 with 00000000419f3de4 ut=260
HMEM: write 00000000800061dc with 000000004345f881 ut=261
HMEM: write 00000000800061e0 with 0000000042afd08a ut=262
HMEM: write 00000000800061e4 with 000000004293779c ut=263
HMEM: write 00000000800061e8 with 0000000041ca5485 ut=264
HMEM: write 00000000800061ec with 00000000420fe2e2 ut=265
HMEM: write 00000000800061f0 with 00000000437d610f ut=266
HMEM: write 00000000800061f4 with 00000000432c0c15 ut=267
HMEM: write 00000000800061f8 with 0000000043178812 ut=268
HMEM: write 00000000800061fc with 0000000043322297 ut=269
HMEM: write 0000000080006200 with 000000004289a8ac ut=270
HMEM: write 0000000080006204 with 0000000043195f52 ut=271
HMEM: write 0000000080006208 with 0000000042671273 ut=272
HMEM: write 000000008000620c with 0000000042fc5da2 ut=273
HMEM: write 0000000080006210 with 0000000042ea8f36 ut=274
HMEM: write 0000000080006214 with 00000000428e819e ut=275
HMEM: write 0000000080006218 with 00000000423d4200 ut=276
HMEM: write 000000008000621c with 000000004254bb74 ut=277
HMEM: write 0000000080006220 with 000000004299d35e ut=278
HMEM: write 0000000080006224 with 0000000043223985 ut=279
HMEM: write 0000000080006228 with 0000000042f76705 ut=280
HMEM: write 000000008000622c with 00000000430e4c04 ut=281
HMEM: write 0000000080006230 with 000000004325c650 ut=282
HMEM: write 0000000080006234 with 00000000416ab405 ut=283
HMEM: write 0000000080006238 with 000000004348dc7f ut=284
HMEM: write 000000008000623c with 00000000426eea54 ut=285
HMEM: write 0000000080006240 with 000000004327339f ut=286
HMEM: write 0000000080006244 with 0000000041a82d12 ut=287
HMEM: write 0000000080006248 with 00000000424c11a9 ut=288
HMEM: write 000000008000624c with 0000000042db2cd7 ut=289
HMEM: write 0000000080006250 with 000000004308e240 ut=290
HMEM: write 0000000080006254 with 0000000042a22603 ut=291
HMEM: write 0000000080006258 with 000000004383e4d1 ut=292
HMEM: write 000000008000625c with 0000000043148795 ut=293
HMEM: write 0000000080006260 with 0000000042923de0 ut=294
HMEM: write 0000000080006264 with 0000000041e5cc93 ut=295
HMEM: write 0000000080006268 with 0000000042b1ff89 ut=296
HMEM: write 000000008000626c with 00000000422902ee ut=297
HMEM: write 0000000080006270 with 00000000422fbc10 ut=298
HMEM: write 0000000080006274 with 0000000043218d01 ut=299
HMEM: write 0000000080006278 with 00000000428366d5 ut=300
HMEM: write 000000008000627c with 000000004261dd9e ut=301
HMEM: write 0000000080006280 with 00000000436b1097 ut=302
HMEM: write 0000000080006284 with 0000000042592112 ut=303
HMEM: write 0000000080006288 with 00000000430bfbe3 ut=304
HMEM: write 000000008000628c with 00000000437e6bb3 ut=305
HMEM: write 0000000080006290 with 000000004376aa20 ut=306
HMEM: write 0000000080006294 with 000000004272809e ut=307
HMEM: write 0000000080006298 with 0000000041d10a3c ut=308
HMEM: write 000000008000629c with 00000000435287ea ut=309
HMEM: write 00000000800062a0 with 00000000433a77f4 ut=310
HMEM: write 00000000800062a4 with 00000000433c5f90 ut=311
HMEM: write 00000000800062a8 with 0000000041242048 ut=312
HMEM: write 00000000800062ac with 000000004196eb2f ut=313
HMEM: write 00000000800062b0 with 000000004274e87e ut=314
HMEM: write 00000000800062b4 with 00000000436a7112 ut=315
HMEM: write 00000000800062b8 with 00000000426b010f ut=316
HMEM: write 00000000800062bc with 000000004250a256 ut=317
HMEM: write 00000000800062c0 with 0000000043703c81 ut=318
HMEM: write 00000000800062c4 with 00000000433c3a25 ut=319
HMEM: write 00000000800062c8 with 0000000042f06e27 ut=320
HMEM: write 00000000800062cc with 000000004265954f ut=321
HMEM: write 00000000800062d0 with 0000000043336146 ut=322
HMEM: write 00000000800062d4 with 000000004220a0be ut=323
HMEM: write 00000000800062d8 with 000000004329c6e0 ut=324
HMEM: write 00000000800062dc with 00000000422132d5 ut=325
HMEM: write 00000000800062e0 with 000000004242b605 ut=326
HMEM: write 00000000800062e4 with 0000000041b12b4e ut=327
HMEM: write 00000000800062e8 with 0000000042ac54fd ut=328
HMEM: write 00000000800062ec with 0000000042fed435 ut=329
HMEM: write 00000000800062f0 with 0000000043498bfd ut=330
HMEM: write 00000000800062f4 with 000000004369c98e ut=331
HMEM: write 00000000800062f8 with 000000004385d583 ut=332
HMEM: write 00000000800062fc with 00000000431c698b ut=333
HMEM: write 0000000080006300 with 00000000437bf84d ut=334
HMEM: write 0000000080006304 with 00000000430fd599 ut=335
HMEM: write 0000000080006308 with 00000000435d8515 ut=336
HMEM: write 000000008000630c with 000000004360cfd6 ut=337
HMEM: write 0000000080006310 with 0000000040ae687f ut=338
HMEM: write 0000000080006314 with 000000004310b6a8 ut=339
HMEM: write 0000000080006318 with 0000000042828beb ut=340
HMEM: write 000000008000631c with 00000000427def94 ut=341
HMEM: write 0000000080006320 with 000000004257b9ee ut=342
HMEM: write 0000000080006324 with 0000000042d721a5 ut=343
HMEM: write 0000000080006328 with 0000000042921622 ut=344
HMEM: write 000000008000632c with 000000004290a7f3 ut=345
HMEM: write 0000000080006330 with 0000000042b38dda ut=346
HMEM: write 0000000080006334 with 000000004310427e ut=347
HMEM: write 0000000080006338 with 0000000042a1a3fa ut=348
HMEM: write 000000008000633c with 00000000430038b1 ut=349
HMEM: write 0000000080006340 with 000000004158bd1a ut=350
HMEM: write 0000000080006344 with 000000004367c44f ut=351
HMEM: write 0000000080006348 with 000000004174a0c8 ut=352
HMEM: write 000000008000634c with 000000004210dde4 ut=353
HMEM: write 0000000080006350 with 00000000431de543 ut=354
HMEM: write 0000000080006354 with 000000004367edd7 ut=355
HMEM: write 0000000080006358 with 0000000041ac64f8 ut=356
HMEM: write 000000008000635c with 0000000042838545 ut=357
HMEM: write 0000000080006360 with 0000000041b391e5 ut=358
HMEM: write 0000000080006364 with 000000004319c29c ut=359
HMEM: write 0000000080006368 with 0000000042b333ee ut=360
HMEM: write 000000008000636c with 00000000429d4847 ut=361
HMEM: write 0000000080006370 with 000000004326283f ut=362
HMEM: write 0000000080006374 with 00000000424d97e6 ut=363
HMEM: write 0000000080006378 with 00000000429ff3cc ut=364
HMEM: write 000000008000637c with 0000000042028781 ut=365
HMEM: write 0000000080006380 with 000000004379e5bb ut=366
HMEM: write 0000000080006384 with 0000000042a65bfe ut=367
HMEM: write 0000000080006388 with 0000000042d34d18 ut=368
HMEM: write 000000008000638c with 00000000422bc476 ut=369
HMEM: write 0000000080006390 with 0000000041034ce4 ut=370
HMEM: write 0000000080006394 with 00000000435750ab ut=371
HMEM: write 0000000080006398 with 0000000043251768 ut=372
HMEM: write 000000008000639c with 00000000431b0904 ut=373
HMEM: write 00000000800063a0 with 00000000436b1740 ut=374
HMEM: write 00000000800063a4 with 0000000043166256 ut=375
HMEM: write 00000000800063a8 with 00000000432b6605 ut=376
HMEM: write 00000000800063ac with 000000004367bdc7 ut=377
HMEM: write 00000000800063b0 with 000000004317aefd ut=378
HMEM: write 00000000800063b4 with 0000000041a6002f ut=379
HMEM: write 00000000800063b8 with 00000000436e4d55 ut=380
HMEM: write 00000000800063bc with 0000000041efb34c ut=381
HMEM: write 00000000800063c0 with 000000004203c2c3 ut=382
HMEM: write 00000000800063c4 with 000000004222a9a7 ut=383
HMEM: write 00000000800063c8 with 0000000041dc05c3 ut=384
HMEM: write 00000000800063cc with 00000000431e25b2 ut=385
HMEM: write 00000000800063d0 with 0000000042810abc ut=386
HMEM: write 00000000800063d4 with 00000000429583d6 ut=387
HMEM: write 00000000800063d8 with 000000004253ba4c ut=388
HMEM: write 00000000800063dc with 00000000423bfba1 ut=389
HMEM: write 00000000800063e0 with 0000000042658748 ut=390
HMEM: write 00000000800063e4 with 00000000428ced44 ut=391
HMEM: write 00000000800063e8 with 00000000434ad180 ut=392
HMEM: write 00000000800063ec with 00000000423a0014 ut=393
HMEM: write 00000000800063f0 with 000000004305f23d ut=394
HMEM: write 00000000800063f4 with 00000000425f961a ut=395
HMEM: write 00000000800063f8 with 0000000041e32329 ut=396
HMEM: write 00000000800063fc with 0000000042877368 ut=397
HMEM: write 0000000080006400 with 00000000430ba287 ut=398
HMEM: write 0000000080006404 with 0000000042ccce62 ut=399
HMEM: write 0000000080006408 with 00000000426f0f6d ut=400
HMEM: write 000000008000640c with 0000000042aef95e ut=401
HMEM: write 0000000080006410 with 0000000043163b3f ut=402
HMEM: write 0000000080006414 with 00000000432de6e9 ut=403
HMEM: write 0000000080006418 with 00000000431d73a9 ut=404
HMEM: write 000000008000641c with 00000000419d43f2 ut=405
HMEM: write 0000000080006420 with 0000000043401d01 ut=406
HMEM: write 0000000080006424 with 0000000043867fbc ut=407
HMEM: write 0000000080006428 with 0000000042ac760c ut=408
HMEM: write 000000008000642c with 00000000420eafd3 ut=409
HMEM: write 0000000080006430 with 0000000043244a37 ut=410
HMEM: write 0000000080006434 with 0000000042e41224 ut=411
HMEM: write 0000000080006438 with 0000000043073ef5 ut=412
HMEM: write 000000008000643c with 0000000042a5d2f4 ut=413
HMEM: write 0000000080006440 with 0000000042ad5005 ut=414
HMEM: write 0000000080006444 with 000000004376e6f3 ut=415
HMEM: write 0000000080006448 with 00000000429dc75c ut=416
HMEM: write 000000008000644c with 00000000438496fc ut=417
HMEM: write 0000000080006450 with 000000004373d48c ut=418
HMEM: write 0000000080006454 with 0000000042fe2030 ut=419
HMEM: write 0000000080006458 with 0000000043018e7c ut=420
HMEM: write 000000008000645c with 000000004267b269 ut=421
HMEM: write 0000000080006460 with 0000000042b5a322 ut=422
HMEM: write 0000000080006464 with 000000004256f443 ut=423
HMEM: write 0000000080006468 with 00000000428a867e ut=424
HMEM: write 000000008000646c with 00000000414fadda ut=425
HMEM: write 0000000080006470 with 0000000041c668e2 ut=426
HMEM: write 0000000080006474 with 0000000042ef960d ut=427
HMEM: write 0000000080006478 with 000000004381f724 ut=428
HMEM: write 000000008000647c with 00000000432de969 ut=429
HMEM: write 0000000080006480 with 000000004340c097 ut=430
HMEM: write 0000000080006484 with 0000000042dd5ea9 ut=431
HMEM: write 0000000080006488 with 0000000041dc7ead ut=432
HMEM: write 000000008000648c with 0000000043166d36 ut=433
HMEM: write 0000000080006490 with 0000000041e81ddb ut=434
HMEM: write 0000000080006494 with 0000000042a251b5 ut=435
HMEM: write 0000000080006498 with 000000004346cbae ut=436
HMEM: write 000000008000649c with 00000000432af3cc ut=437
HMEM: write 00000000800064a0 with 0000000042e5583a ut=438
HMEM: write 00000000800064a4 with 00000000418bf2c3 ut=439
HMEM: write 00000000800064a8 with 0000000043216ce6 ut=440
HMEM: write 00000000800064ac with 0000000042ea0341 ut=441
HMEM: write 00000000800064b0 with 00000000423a8d0b ut=442
HMEM: write 00000000800064b4 with 0000000041bb9782 ut=443
HMEM: write 00000000800064b8 with 00000000437b4c74 ut=444
HMEM: write 00000000800064bc with 0000000042c1a4b6 ut=445
HMEM: write 00000000800064c0 with 00000000428b71f1 ut=446
HMEM: write 00000000800064c4 with 000000004231fc1e ut=447
HMEM: write 00000000800064c8 with 000000004222927b ut=448
HMEM: write 00000000800064cc with 000000004386076a ut=449
HMEM: write 00000000800064d0 with 0000000043330092 ut=450
HMEM: write 00000000800064d4 with 0000000042a2e7d5 ut=451
HMEM: write 00000000800064d8 with 000000004383f805 ut=452
HMEM: write 00000000800064dc with 0000000042b6bfb9 ut=453
HMEM: write 00000000800064e0 with 0000000042092c5c ut=454
HMEM: write 00000000800064e4 with 000000004358c73d ut=455
HMEM: write 00000000800064e8 with 000000004301eef3 ut=456
HMEM: write 00000000800064ec with 000000004340181c ut=457
HMEM: write 00000000800064f0 with 0000000041cbe0b9 ut=458
HMEM: write 00000000800064f4 with 0000000041f70b6f ut=459
HMEM: write 00000000800064f8 with 00000000420aa617 ut=460
HMEM: write 00000000800064fc with 00000000437de430 ut=461
HMEM: write 0000000080006500 with 00000000423e6315 ut=462
HMEM: write 0000000080006504 with 0000000042238b5e ut=463
HMEM: write 0000000080006508 with 000000004310ce9c ut=464
HMEM: write 000000008000650c with 00000000429d774c ut=465
HMEM: write 0000000080006510 with 000000004329d3d4 ut=466
HMEM: write 0000000080006514 with 0000000042da421b ut=467
HMEM: write 0000000080006518 with 000000004350ad33 ut=468
HMEM: write 000000008000651c with 00000000432b7770 ut=469
HMEM: write 0000000080006520 with 000000004386ef97 ut=470
HMEM: write 0000000080006524 with 000000004268553b ut=471
HMEM: write 0000000080006528 with 0000000042c285da ut=472
HMEM: write 000000008000652c with 0000000041d4bb6a ut=473
HMEM: write 0000000080006530 with 0000000042145e28 ut=474
HMEM: write 0000000080006534 with 000000004380054c ut=475
HMEM: write 0000000080006538 with 0000000042f47825 ut=476
HMEM: write 000000008000653c with 0000000042a7d079 ut=477
HMEM: write 0000000080006540 with 0000000041f6bf66 ut=478
HMEM: write 0000000080006544 with 000000004267a711 ut=479
HMEM: write 0000000080006548 with 00000000434d05d6 ut=480
HMEM: write 000000008000654c with 0000000042a20de9 ut=481
HMEM: write 0000000080006550 with 00000000422835dd ut=482
HMEM: write 0000000080006554 with 0000000042df53d0 ut=483
HMEM: write 0000000080006558 with 000000004271336a ut=484
HMEM: write 000000008000655c with 0000000041a02e4b ut=485
HMEM: write 0000000080006560 with 00000000433134b5 ut=486
HMEM: write 0000000080006564 with 0000000043855cc0 ut=487
HMEM: write 0000000080006568 with 00000000427ec221 ut=488
HMEM: write 000000008000656c with 0000000043267a3d ut=489
HMEM: write 0000000080006570 with 00000000431394a6 ut=490
HMEM: write 0000000080006574 with 00000000428bcc5e ut=491
HMEM: write 0000000080006578 with 0000000043285442 ut=492
HMEM: write 000000008000657c with 0000000042e84abb ut=493
HMEM: write 0000000080006580 with 0000000042896ede ut=494
HMEM: write 0000000080006584 with 0000000042d3c91f ut=495
HMEM: write 0000000080006588 with 0000000042f6c588 ut=496
HMEM: write 000000008000658c with 0000000042d1d799 ut=497
HMEM: write 0000000080006590 with 00000000436b693f ut=498
HMEM: write 0000000080006594 with 0000000042c26977 ut=499
HMEM: write 0000000080006598 with 0000000042cee098 ut=500
HMEM: write 000000008000659c with 0000000043846c82 ut=501
HMEM: write 00000000800065a0 with 00000000434f1229 ut=502
HMEM: write 00000000800065a4 with 000000004282fced ut=503
HMEM: write 00000000800065a8 with 000000004213e2fe ut=504
HMEM: write 00000000800065ac with 000000004210fc03 ut=505
HMEM: write 00000000800065b0 with 0000000042a2219a ut=506
HMEM: write 00000000800065b4 with 00000000430bdf1a ut=507
HMEM: write 00000000800065b8 with 00000000420c763f ut=508
HMEM: write 00000000800065bc with 000000004316f4b9 ut=509
HMEM: write 00000000800065c0 with 00000000423f0578 ut=510
HMEM: write 00000000800065c4 with 0000000043380301 ut=511
H: WT pc=0000000080002080 inst=8000080002022f3f next=0000000080002088 vl=512 act=ffffffffffffffffffffffffffffffffffffffffffffffffffffffffffffffffffffffffffffffffffffffffffffffffffffffffffffffffffffffffffffffff
H: WT pc=0000000080002088 inst=86aa04040201063f next=0000000080002090 vl=512 act=ffffffffffffffffffffffffffffffffffffffffffffffffffffffffffffffffffffffffffffffffffffffffffffffffffffffffffffffffffffffffffffffff
H: WT pc=0000000080002090 inst=87ba06060101063f next=0000000080002098 vl=512 act=ffffffffffffffffffffffffffffffffffffffffffffffffffffffffffffffffffffffffffffffffffffffffffffffffffffffffffffffffffffffffffffffff
H: WT pc=0000000080002098 inst=0000000000000c3f next=00000000800020a0 vl=512 act=-
H: WT pc=0000000080002010 inst=87fe00000000063f next=0000000080002018 vl=512 act=ffffffffffffffffffffffffffffffffffffffffffffffffffffffffffffffffffffffffffffffffffffffffffffffffffffffffffffffffffffffffffffffff
H: WT pc=0000000080002018 inst=805800000000063f next=0000000080002020 vl=512 act=ffffffffffffffffffffffffffffffffffffffffffffffffffffffffffffffffffffffffffffffffffffffffffffffffffffffffffffffffffffffffffffffff
H: WT pc=0000000080002020 inst=c000007e0000063f next=0000000080002028 vl=512 act=ffffffffffffffffffffffffffffffffffffffffffffffffffffffffffffffffffffffffffffffffffffffffffffffffffffffffffffffffffffffffffffffff
H: WT pc=0000000080002028 inst=c012007c0001063f next=0000000080002030 vl=512 act=ffffffffffffffffffffffffffffffffffffffffffffffffffffffffffffffffffffffffffffffffffffffffffffffffffffffffffffffffffffffffffffffff
H: WT pc=0000000080002030 inst=860202020002063f next=0000000080002038 vl=512 act=ffffffffffffffffffffffffffffffffffffffffffffffffffffffffffffffffffffffffffffffffffffffffffffffffffffffffffffffffffffffffffffffff
H: WT pc=0000000080002038 inst=840a02020003063f next=0000000080002040 vl=512 act=ffffffffffffffffffffffffffffffffffffffffffffffffffffffffffffffffffffffffffffffffffffffffffffffffffffffffffffffffffffffffffffffff
H: WT pc=0000000080002040 inst=0000004900012dbf next=0000000080002048 vl=512 act=-
HMEM: read from 0000000080009dc8 ut=0
HMEM: read from 0000000080009dd0 ut=1
HMEM: read from 0000000080009dd8 ut=2
HMEM: read from 0000000080009de0 ut=3
HMEM: read from 0000000080009de8 ut=4
HMEM: read from 0000000080009df0 ut=5
HMEM: read from 0000000080009df8 ut=6
HMEM: read from 0000000080009e00 ut=7
HMEM: read from 0000000080009e08 ut=8
HMEM: read from 0000000080009e10 ut=9
HMEM: read from 0000000080009e18 ut=10
HMEM: read from 0000000080009e20 ut=11
HMEM: read from 0000000080009e28 ut=12
HMEM: read from 0000000080009e30 ut=13
HMEM: read from 0000000080009e38 ut=14
HMEM: read from 0000000080009e40 ut=15
HMEM: read from 0000000080009e48 ut=16
HMEM: read from 0000000080009e50 ut=17
HMEM: read from 0000000080009e58 ut=18
HMEM: read from 0000000080009e60 ut=19
HMEM: read from 0000000080009e68 ut=20
HMEM: read from 0000000080009e70 ut=21
HMEM: read from 0000000080009e78 ut=22
HMEM: read from 0000000080009e80 ut=23
HMEM: read from 0000000080009e88 ut=24
HMEM: read from 0000000080009e90 ut=25
HMEM: read from 0000000080009e98 ut=26
HMEM: read from 0000000080009ea0 ut=27
HMEM: read from 0000000080009ea8 ut=28
HMEM: read from 0000000080009eb0 ut=29
HMEM: read from 0000000080009eb8 ut=30
HMEM: read from 0000000080009ec0 ut=31
HMEM: read from 0000000080009ec8 ut=32
HMEM: read from 0000000080009ed0 ut=33
HMEM: read from 0000000080009ed8 ut=34
HMEM: read from 0000000080009ee0 ut=35
HMEM: read from 0000000080009ee8 ut=36
HMEM: read from 0000000080009ef0 ut=37
HMEM: read from 0000000080009ef8 ut=38
HMEM: read from 0000000080009f00 ut=39
HMEM: read from 0000000080009f08 ut=40
HMEM: read from 0000000080009f10 ut=41
HMEM: read from 0000000080009f18 ut=42
HMEM: read from 0000000080009f20 ut=43
HMEM: read from 0000000080009f28 ut=44
HMEM: read from 0000000080009f30 ut=45
HMEM: read from 0000000080009f38 ut=46
HMEM: read from 0000000080009f40 ut=47
HMEM: read from 0000000080009f48 ut=48
HMEM: read from 0000000080009f50 ut=49
HMEM: read from 0000000080009f58 ut=50
HMEM: read from 0000000080009f60 ut=51
HMEM: read from 0000000080009f68 ut=52
HMEM: read from 0000000080009f70 ut=53
HMEM: read from 0000000080009f78 ut=54
HMEM: read from 0000000080009f80 ut=55
HMEM: read from 0000000080009f88 ut=56
HMEM: read from 0000000080009f90 ut=57
HMEM: read from 0000000080009f98 ut=58
HMEM: read from 0000000080009fa0 ut=59
HMEM: read from 0000000080009fa8 ut=60
HMEM: read from 0000000080009fb0 ut=61
HMEM: read from 0000000080009fb8 ut=62
HMEM: read from 0000000080009fc0 ut=63
HMEM: read from 0000000080009fc8 ut=64
HMEM: read from 0000000080009fd0 ut=65
HMEM: read from 0000000080009fd8 ut=66
HMEM: read from 0000000080009fe0 ut=67
HMEM: read from 0000000080009fe8 ut=68
HMEM: read from 0000000080009ff0 ut=69
HMEM: read from 0000000080009ff8 ut=70
HMEM: read from 000000008000a000 ut=71
HMEM: read from 000000008000a008 ut=72
HMEM: read from 000000008000a010 ut=73
HMEM: read from 000000008000a018 ut=74
HMEM: read from 000000008000a020 ut=75
HMEM: read from 000000008000a028 ut=76
HMEM: read from 000000008000a030 ut=77
HMEM: read from 000000008000a038 ut=78
HMEM: read from 000000008000a040 ut=79
HMEM: read from 000000008000a048 ut=80
HMEM: read from 000000008000a050 ut=81
HMEM: read from 000000008000a058 ut=82
HMEM: read from 000000008000a060 ut=83
HMEM: read from 000000008000a068 ut=84
HMEM: read from 000000008000a070 ut=85
HMEM: read from 000000008000a078 ut=86
HMEM: read from 000000008000a080 ut=87
HMEM: read from 000000008000a088 ut=88
HMEM: read from 000000008000a090 ut=89
HMEM: read from 000000008000a098 ut=90
HMEM: read from 000000008000a0a0 ut=91
HMEM: read from 000000008000a0a8 ut=92
HMEM: read from 000000008000a0b0 ut=93
HMEM: read from 000000008000a0b8 ut=94
HMEM: read from 000000008000a0c0 ut=95
HMEM: read from 000000008000a0c8 ut=96
HMEM: read from 000000008000a0d0 ut=97
HMEM: read from 000000008000a0d8 ut=98
HMEM: read from 000000008000a0e0 ut=99
HMEM: read from 000000008000a0e8 ut=100
HMEM: read from 000000008000a0f0 ut=101
HMEM: read from 000000008000a0f8 ut=102
HMEM: read from 000000008000a100 ut=103
HMEM: read from 000000008000a108 ut=104
HMEM: read from 000000008000a110 ut=105
HMEM: read from 000000008000a118 ut=106
HMEM: read from 000000008000a120 ut=107
HMEM: read from 000000008000a128 ut=108
HMEM: read from 000000008000a130 ut=109
HMEM: read from 000000008000a138 ut=110
HMEM: read from 000000008000a140 ut=111
HMEM: read from 000000008000a148 ut=112
HMEM: read from 000000008000a150 ut=113
HMEM: read from 000000008000a158 ut=114
HMEM: read from 000000008000a160 ut=115
HMEM: read from 000000008000a168 ut=116
HMEM: read from 000000008000a170 ut=117
HMEM: read from 000000008000a178 ut=118
HMEM: read from 000000008000a180 ut=119
HMEM: read from 000000008000a188 ut=120
HMEM: read from 000000008000a190 ut=121
HMEM: read from 000000008000a198 ut=122
HMEM: read from 000000008000a1a0 ut=123
HMEM: read from 000000008000a1a8 ut=124
HMEM: read from 000000008000a1b0 ut=125
HMEM: read from 000000008000a1b8 ut=126
HMEM: read from 000000008000a1c0 ut=127
HMEM: read from 000000008000a1c8 ut=128
HMEM: read from 000000008000a1d0 ut=129
HMEM: read from 000000008000a1d8 ut=130
HMEM: read from 000000008000a1e0 ut=131
HMEM: read from 000000008000a1e8 ut=132
HMEM: read from 000000008000a1f0 ut=133
HMEM: read from 000000008000a1f8 ut=134
HMEM: read from 000000008000a200 ut=135
HMEM: read from 000000008000a208 ut=136
HMEM: read from 000000008000a210 ut=137
HMEM: read from 000000008000a218 ut=138
HMEM: read from 000000008000a220 ut=139
HMEM: read from 000000008000a228 ut=140
HMEM: read from 000000008000a230 ut=141
HMEM: read from 000000008000a238 ut=142
HMEM: read from 000000008000a240 ut=143
HMEM: read from 000000008000a248 ut=144
HMEM: read from 000000008000a250 ut=145
HMEM: read from 000000008000a258 ut=146
HMEM: read from 000000008000a260 ut=147
HMEM: read from 000000008000a268 ut=148
HMEM: read from 000000008000a270 ut=149
HMEM: read from 000000008000a278 ut=150
HMEM: read from 000000008000a280 ut=151
HMEM: read from 000000008000a288 ut=152
HMEM: read from 000000008000a290 ut=153
HMEM: read from 000000008000a298 ut=154
HMEM: read from 000000008000a2a0 ut=155
HMEM: read from 000000008000a2a8 ut=156
HMEM: read from 000000008000a2b0 ut=157
HMEM: read from 000000008000a2b8 ut=158
HMEM: read from 000000008000a2c0 ut=159
HMEM: read from 000000008000a2c8 ut=160
HMEM: read from 000000008000a2d0 ut=161
HMEM: read from 000000008000a2d8 ut=162
HMEM: read from 000000008000a2e0 ut=163
HMEM: read from 000000008000a2e8 ut=164
HMEM: read from 000000008000a2f0 ut=165
HMEM: read from 000000008000a2f8 ut=166
HMEM: read from 000000008000a300 ut=167
HMEM: read from 000000008000a308 ut=168
HMEM: read from 000000008000a310 ut=169
HMEM: read from 000000008000a318 ut=170
HMEM: read from 000000008000a320 ut=171
HMEM: read from 000000008000a328 ut=172
HMEM: read from 000000008000a330 ut=173
HMEM: read from 000000008000a338 ut=174
HMEM: read from 000000008000a340 ut=175
HMEM: read from 000000008000a348 ut=176
HMEM: read from 000000008000a350 ut=177
HMEM: read from 000000008000a358 ut=178
HMEM: read from 000000008000a360 ut=179
HMEM: read from 000000008000a368 ut=180
HMEM: read from 000000008000a370 ut=181
HMEM: read from 000000008000a378 ut=182
HMEM: read from 000000008000a380 ut=183
HMEM: read from 000000008000a388 ut=184
HMEM: read from 000000008000a390 ut=185
HMEM: read from 000000008000a398 ut=186
HMEM: read from 000000008000a3a0 ut=187
HMEM: read from 000000008000a3a8 ut=188
HMEM: read from 000000008000a3b0 ut=189
HMEM: read from 000000008000a3b8 ut=190
HMEM: read from 000000008000a3c0 ut=191
HMEM: read from 000000008000a3c8 ut=192
HMEM: read from 000000008000a3d0 ut=193
HMEM: read from 000000008000a3d8 ut=194
HMEM: read from 000000008000a3e0 ut=195
HMEM: read from 000000008000a3e8 ut=196
HMEM: read from 000000008000a3f0 ut=197
HMEM: read from 000000008000a3f8 ut=198
HMEM: read from 000000008000a400 ut=199
HMEM: read from 000000008000a408 ut=200
HMEM: read from 000000008000a410 ut=201
HMEM: read from 000000008000a418 ut=202
HMEM: read from 000000008000a420 ut=203
HMEM: read from 000000008000a428 ut=204
HMEM: read from 000000008000a430 ut=205
HMEM: read from 000000008000a438 ut=206
HMEM: read from 000000008000a440 ut=207
HMEM: read from 000000008000a448 ut=208
HMEM: read from 000000008000a450 ut=209
HMEM: read from 000000008000a458 ut=210
HMEM: read from 000000008000a460 ut=211
HMEM: read from 000000008000a468 ut=212
HMEM: read from 000000008000a470 ut=213
HMEM: read from 000000008000a478 ut=214
HMEM: read from 000000008000a480 ut=215
HMEM: read from 000000008000a488 ut=216
HMEM: read from 000000008000a490 ut=217
HMEM: read from 000000008000a498 ut=218
HMEM: read from 000000008000a4a0 ut=219
HMEM: read from 000000008000a4a8 ut=220
HMEM: read from 000000008000a4b0 ut=221
HMEM: read from 000000008000a4b8 ut=222
HMEM: read from 000000008000a4c0 ut=223
HMEM: read from 000000008000a4c8 ut=224
HMEM: read from 000000008000a4d0 ut=225
HMEM: read from 000000008000a4d8 ut=226
HMEM: read from 000000008000a4e0 ut=227
HMEM: read from 000000008000a4e8 ut=228
HMEM: read from 000000008000a4f0 ut=229
HMEM: read from 000000008000a4f8 ut=230
HMEM: read from 000000008000a500 ut=231
HMEM: read from 000000008000a508 ut=232
HMEM: read from 000000008000a510 ut=233
HMEM: read from 000000008000a518 ut=234
HMEM: read from 000000008000a520 ut=235
HMEM: read from 000000008000a528 ut=236
HMEM: read from 000000008000a530 ut=237
HMEM: read from 000000008000a538 ut=238
HMEM: read from 000000008000a540 ut=239
HMEM: read from 000000008000a548 ut=240
HMEM: read from 000000008000a550 ut=241
HMEM: read from 000000008000a558 ut=242
HMEM: read from 000000008000a560 ut=243
HMEM: read from 000000008000a568 ut=244
HMEM: read from 000000008000a570 ut=245
HMEM: read from 000000008000a578 ut=246
HMEM: read from 000000008000a580 ut=247
HMEM: read from 000000008000a588 ut=248
HMEM: read from 000000008000a590 ut=249
HMEM: read from 000000008000a598 ut=250
HMEM: read from 000000008000a5a0 ut=251
HMEM: read from 000000008000a5a8 ut=252
HMEM: read from 000000008000a5b0 ut=253
HMEM: read from 000000008000a5b8 ut=254
HMEM: read from 000000008000a5c0 ut=255
HMEM: read from 000000008000a5c8 ut=256
HMEM: read from 000000008000a5d0 ut=257
HMEM: read from 000000008000a5d8 ut=258
HMEM: read from 000000008000a5e0 ut=259
HMEM: read from 000000008000a5e8 ut=260
HMEM: read from 000000008000a5f0 ut=261
HMEM: read from 000000008000a5f8 ut=262
HMEM: read from 000000008000a600 ut=263
HMEM: read from 000000008000a608 ut=264
HMEM: read from 000000008000a610 ut=265
HMEM: read from 000000008000a618 ut=266
HMEM: read from 000000008000a620 ut=267
HMEM: read from 000000008000a628 ut=268
HMEM: read from 000000008000a630 ut=269
HMEM: read from 000000008000a638 ut=270
HMEM: read from 000000008000a640 ut=271
HMEM: read from 000000008000a648 ut=272
HMEM: read from 000000008000a650 ut=273
HMEM: read from 000000008000a658 ut=274
HMEM: read from 000000008000a660 ut=275
HMEM: read from 000000008000a668 ut=276
HMEM: read from 000000008000a670 ut=277
HMEM: read from 000000008000a678 ut=278
HMEM: read from 000000008000a680 ut=279
HMEM: read from 000000008000a688 ut=280
HMEM: read from 000000008000a690 ut=281
HMEM: read from 000000008000a698 ut=282
HMEM: read from 000000008000a6a0 ut=283
HMEM: read from 000000008000a6a8 ut=284
HMEM: read from 000000008000a6b0 ut=285
HMEM: read from 000000008000a6b8 ut=286
HMEM: read from 000000008000a6c0 ut=287
HMEM: read from 000000008000a6c8 ut=288
HMEM: read from 000000008000a6d0 ut=289
HMEM: read from 000000008000a6d8 ut=290
HMEM: read from 000000008000a6e0 ut=291
HMEM: read from 000000008000a6e8 ut=292
HMEM: read from 000000008000a6f0 ut=293
HMEM: read from 000000008000a6f8 ut=294
HMEM: read from 000000008000a700 ut=295
HMEM: read from 000000008000a708 ut=296
HMEM: read from 000000008000a710 ut=297
HMEM: read from 000000008000a718 ut=298
HMEM: read from 000000008000a720 ut=299
HMEM: read from 000000008000a728 ut=300
HMEM: read from 000000008000a730 ut=301
HMEM: read from 000000008000a738 ut=302
HMEM: read from 000000008000a740 ut=303
HMEM: read from 000000008000a748 ut=304
HMEM: read from 000000008000a750 ut=305
HMEM: read from 000000008000a758 ut=306
HMEM: read from 000000008000a760 ut=307
HMEM: read from 000000008000a768 ut=308
HMEM: read from 000000008000a770 ut=309
HMEM: read from 000000008000a778 ut=310
HMEM: read from 000000008000a780 ut=311
HMEM: read from 000000008000a788 ut=312
HMEM: read from 000000008000a790 ut=313
HMEM: read from 000000008000a798 ut=314
HMEM: read from 000000008000a7a0 ut=315
HMEM: read from 000000008000a7a8 ut=316
HMEM: read from 000000008000a7b0 ut=317
HMEM: read from 000000008000a7b8 ut=318
HMEM: read from 000000008000a7c0 ut=319
HMEM: read from 000000008000a7c8 ut=320
HMEM: read from 000000008000a7d0 ut=321
HMEM: read from 000000008000a7d8 ut=322
HMEM: read from 000000008000a7e0 ut=323
HMEM: read from 000000008000a7e8 ut=324
HMEM: read from 000000008000a7f0 ut=325
HMEM: read from 000000008000a7f8 ut=326
HMEM: read from 000000008000a800 ut=327
HMEM: read from 000000008000a808 ut=328
HMEM: read from 000000008000a810 ut=329
HMEM: read from 000000008000a818 ut=330
HMEM: read from 000000008000a820 ut=331
HMEM: read from 000000008000a828 ut=332
HMEM: read from 000000008000a830 ut=333
HMEM: read from 000000008000a838 ut=334
HMEM: read from 000000008000a840 ut=335
HMEM: read from 000000008000a848 ut=336
HMEM: read from 000000008000a850 ut=337
HMEM: read from 000000008000a858 ut=338
HMEM: read from 000000008000a860 ut=339
HMEM: read from 000000008000a868 ut=340
HMEM: read from 000000008000a870 ut=341
HMEM: read from 000000008000a878 ut=342
HMEM: read from 000000008000a880 ut=343
HMEM: read from 000000008000a888 ut=344
HMEM: read from 000000008000a890 ut=345
HMEM: read from 000000008000a898 ut=346
HMEM: read from 000000008000a8a0 ut=347
HMEM: read from 000000008000a8a8 ut=348
HMEM: read from 000000008000a8b0 ut=349
HMEM: read from 000000008000a8b8 ut=350
HMEM: read from 000000008000a8c0 ut=351
HMEM: read from 000000008000a8c8 ut=352
HMEM: read from 000000008000a8d0 ut=353
HMEM: read from 000000008000a8d8 ut=354
HMEM: read from 000000008000a8e0 ut=355
HMEM: read from 000000008000a8e8 ut=356
HMEM: read from 000000008000a8f0 ut=357
HMEM: read from 000000008000a8f8 ut=358
HMEM: read from 000000008000a900 ut=359
HMEM: read from 000000008000a908 ut=360
HMEM: read from 000000008000a910 ut=361
HMEM: read from 000000008000a918 ut=362
HMEM: read from 000000008000a920 ut=363
HMEM: read from 000000008000a928 ut=364
HMEM: read from 000000008000a930 ut=365
HMEM: read from 000000008000a938 ut=366
HMEM: read from 000000008000a940 ut=367
HMEM: read from 000000008000a948 ut=368
HMEM: read from 000000008000a950 ut=369
HMEM: read from 000000008000a958 ut=370
HMEM: read from 000000008000a960 ut=371
HMEM: read from 000000008000a968 ut=372
HMEM: read from 000000008000a970 ut=373
HMEM: read from 000000008000a978 ut=374
HMEM: read from 000000008000a980 ut=375
HMEM: read from 000000008000a988 ut=376
HMEM: read from 000000008000a990 ut=377
HMEM: read from 000000008000a998 ut=378
HMEM: read from 000000008000a9a0 ut=379
HMEM: read from 000000008000a9a8 ut=380
HMEM: read from 000000008000a9b0 ut=381
HMEM: read from 000000008000a9b8 ut=382
HMEM: read from 000000008000a9c0 ut=383
HMEM: read from 000000008000a9c8 ut=384
HMEM: read from 000000008000a9d0 ut=385
HMEM: read from 000000008000a9d8 ut=386
HMEM: read from 000000008000a9e0 ut=387
HMEM: read from 000000008000a9e8 ut=388
HMEM: read from 000000008000a9f0 ut=389
HMEM: read from 000000008000a9f8 ut=390
HMEM: read from 000000008000aa00 ut=391
HMEM: read from 000000008000aa08 ut=392
HMEM: read from 000000008000aa10 ut=393
HMEM: read from 000000008000aa18 ut=394
HMEM: read from 000000008000aa20 ut=395
HMEM: read from 000000008000aa28 ut=396
HMEM: read from 000000008000aa30 ut=397
HMEM: read from 000000008000aa38 ut=398
HMEM: read from 000000008000aa40 ut=399
HMEM: read from 000000008000aa48 ut=400
HMEM: read from 000000008000aa50 ut=401
HMEM: read from 000000008000aa58 ut=402
HMEM: read from 000000008000aa60 ut=403
HMEM: read from 000000008000aa68 ut=404
HMEM: read from 000000008000aa70 ut=405
HMEM: read from 000000008000aa78 ut=406
HMEM: read from 000000008000aa80 ut=407
HMEM: read from 000000008000aa88 ut=408
HMEM: read from 000000008000aa90 ut=409
HMEM: read from 000000008000aa98 ut=410
HMEM: read from 000000008000aaa0 ut=411
HMEM: read from 000000008000aaa8 ut=412
HMEM: read from 000000008000aab0 ut=413
HMEM: read from 000000008000aab8 ut=414
HMEM: read from 000000008000aac0 ut=415
HMEM: read from 000000008000aac8 ut=416
HMEM: read from 000000008000aad0 ut=417
HMEM: read from 000000008000aad8 ut=418
HMEM: read from 000000008000aae0 ut=419
HMEM: read from 000000008000aae8 ut=420
HMEM: read from 000000008000aaf0 ut=421
HMEM: read from 000000008000aaf8 ut=422
HMEM: read from 000000008000ab00 ut=423
HMEM: read from 000000008000ab08 ut=424
HMEM: read from 000000008000ab10 ut=425
HMEM: read from 000000008000ab18 ut=426
HMEM: read from 000000008000ab20 ut=427
HMEM: read from 000000008000ab28 ut=428
HMEM: read from 000000008000ab30 ut=429
HMEM: read from 000000008000ab38 ut=430
HMEM: read from 000000008000ab40 ut=431
HMEM: read from 000000008000ab48 ut=432
HMEM: read from 000000008000ab50 ut=433
HMEM: read from 000000008000ab58 ut=434
HMEM: read from 000000008000ab60 ut=435
HMEM: read from 000000008000ab68 ut=436
HMEM: read from 000000008000ab70 ut=437
HMEM: read from 000000008000ab78 ut=438
HMEM: read from 000000008000ab80 ut=439
HMEM: read from 000000008000ab88 ut=440
HMEM: read from 000000008000ab90 ut=441
HMEM: read from 000000008000ab98 ut=442
HMEM: read from 000000008000aba0 ut=443
HMEM: read from 000000008000aba8 ut=444
HMEM: read from 000000008000abb0 ut=445
HMEM: read from 000000008000abb8 ut=446
HMEM: read from 000000008000abc0 ut=447
HMEM: read from 000000008000abc8 ut=448
HMEM: read from 000000008000abd0 ut=449
HMEM: read from 000000008000abd8 ut=450
HMEM: read from 000000008000abe0 ut=451
HMEM: read from 000000008000abe8 ut=452
HMEM: read from 000000008000abf0 ut=453
HMEM: read from 000000008000abf8 ut=454
HMEM: read from 000000008000ac00 ut=455
HMEM: read from 000000008000ac08 ut=456
HMEM: read from 000000008000ac10 ut=457
HMEM: read from 000000008000ac18 ut=458
HMEM: read from 000000008000ac20 ut=459
HMEM: read from 000000008000ac28 ut=460
HMEM: read from 000000008000ac30 ut=461
HMEM: read from 000000008000ac38 ut=462
HMEM: read from 000000008000ac40 ut=463
HMEM: read from 000000008000ac48 ut=464
HMEM: read from 000000008000ac50 ut=465
HMEM: read from 000000008000ac58 ut=466
HMEM: read from 000000008000ac60 ut=467
HMEM: read from 000000008000ac68 ut=468
HMEM: read from 000000008000ac70 ut=469
HMEM: read from 000000008000ac78 ut=470
HMEM: read from 000000008000ac80 ut=471
HMEM: read from 000000008000ac88 ut=472
HMEM: read from 000000008000ac90 ut=473
HMEM: read from 000000008000ac98 ut=474
HMEM: read from 000000008000aca0 ut=475
HMEM: read from 000000008000aca8 ut=476
HMEM: read from 000000008000acb0 ut=477
HMEM: read from 000000008000acb8 ut=478
HMEM: read from 000000008000acc0 ut=479
HMEM: read from 000000008000acc8 ut=480
HMEM: read from 000000008000acd0 ut=481
HMEM: read from 000000008000acd8 ut=482
HMEM: read from 000000008000ace0 ut=483
HMEM: read from 000000008000ace8 ut=484
HMEM: read from 000000008000acf0 ut=485
HMEM: read from 000000008000acf8 ut=486
HMEM: read from 000000008000ad00 ut=487
HMEM: read from 000000008000ad08 ut=488
HMEM: read from 000000008000ad10 ut=489
HMEM: read from 000000008000ad18 ut=490
HMEM: read from 000000008000ad20 ut=491
HMEM: read from 000000008000ad28 ut=492
HMEM: read from 000000008000ad30 ut=493
HMEM: read from 000000008000ad38 ut=494
HMEM: read from 000000008000ad40 ut=495
HMEM: read from 000000008000ad48 ut=496
HMEM: read from 000000008000ad50 ut=497
HMEM: read from 000000008000ad58 ut=498
HMEM: read from 000000008000ad60 ut=499
HMEM: read from 000000008000ad68 ut=500
HMEM: read from 000000008000ad70 ut=501
HMEM: read from 000000008000ad78 ut=502
HMEM: read from 000000008000ad80 ut=503
HMEM: read from 000000008000ad88 ut=504
HMEM: read from 000000008000ad90 ut=505
HMEM: read from 000000008000ad98 ut=506
HMEM: read from 000000008000ada0 ut=507
HMEM: read from 000000008000ada8 ut=508
HMEM: read from 000000008000adb0 ut=509
HMEM: read from 000000008000adb8 ut=510
HMEM: read from 000000008000adc0 ut=511
H: WT pc=0000000080002048 inst=80000a0600012b3f next=0000000080002050 vl=512 act=ffffffffffffffffffffffffffffffffffffffffffffffffffffffffffffffffffffffffffffffffffffffffffffffffffffffffffffffffffffffffffffffff
H: WT pc=0000000080002050 inst=a01c02023d022a3f next=0000000080002058 vl=512 act=ffffffffffffffffffffffffffffffffffffffffffffffffffffffffffffffffffffffffffffffffffffffffffffffffffffffffffffffffffffffffffffffff
HMEM: read from 0000000080009dcc ut=0
HMEM: read from 0000000080009dd4 ut=1
HMEM: read from 0000000080009ddc ut=2
HMEM: read from 0000000080009de4 ut=3
HMEM: read from 0000000080009dec ut=4
HMEM: read from 0000000080009df4 ut=5
HMEM: read from 0000000080009dfc ut=6
HMEM: read from 0000000080009e04 ut=7
HMEM: read from 0000000080009e0c ut=8
HMEM: read from 0000000080009e14 ut=9
HMEM: read from 0000000080009e1c ut=10
HMEM: read from 0000000080009e24 ut=11
HMEM: read from 0000000080009e2c ut=12
HMEM: read from 0000000080009e34 ut=13
HMEM: read from 0000000080009e3c ut=14
HMEM: read from 0000000080009e44 ut=15
HMEM: read from 0000000080009e4c ut=16
HMEM: read from 0000000080009e54 ut=17
HMEM: read from 0000000080009e5c ut=18
HMEM: read from 0000000080009e64 ut=19
HMEM: read from 0000000080009e6c ut=20
HMEM: read from 0000000080009e74 ut=21
HMEM: read from 0000000080009e7c ut=22
HMEM: read from 0000000080009e84 ut=23
HMEM: read from 0000000080009e8c ut=24
HMEM: read from 0000000080009e94 ut=25
HMEM: read from 0000000080009e9c ut=26
HMEM: read from 0000000080009ea4 ut=27
HMEM: read from 0000000080009eac ut=28
HMEM: read from 0000000080009eb4 ut=29
HMEM: read from 0000000080009ebc ut=30
HMEM: read from 0000000080009ec4 ut=31
HMEM: read from 0000000080009ecc ut=32
HMEM: read from 0000000080009ed4 ut=33
HMEM: read from 0000000080009edc ut=34
HMEM: read from 0000000080009ee4 ut=35
HMEM: read from 0000000080009eec ut=36
HMEM: read from 0000000080009ef4 ut=37
HMEM: read from 0000000080009efc ut=38
HMEM: read from 0000000080009f04 ut=39
HMEM: read from 0000000080009f0c ut=40
HMEM: read from 0000000080009f14 ut=41
HMEM: read from 0000000080009f1c ut=42
HMEM: read from 0000000080009f24 ut=43
HMEM: read from 0000000080009f2c ut=44
HMEM: read from 0000000080009f34 ut=45
HMEM: read from 0000000080009f3c ut=46
HMEM: read from 0000000080009f44 ut=47
HMEM: read from 0000000080009f4c ut=48
HMEM: read from 0000000080009f54 ut=49
HMEM: read from 0000000080009f5c ut=50
HMEM: read from 0000000080009f64 ut=51
HMEM: read from 0000000080009f6c ut=52
HMEM: read from 0000000080009f74 ut=53
HMEM: read from 0000000080009f7c ut=54
HMEM: read from 0000000080009f84 ut=55
HMEM: read from 0000000080009f8c ut=56
HMEM: read from 0000000080009f94 ut=57
HMEM: read from 0000000080009f9c ut=58
HMEM: read from 0000000080009fa4 ut=59
HMEM: read from 0000000080009fac ut=60
HMEM: read from 0000000080009fb4 ut=61
HMEM: read from 0000000080009fbc ut=62
HMEM: read from 0000000080009fc4 ut=63
HMEM: read from 0000000080009fcc ut=64
HMEM: read from 0000000080009fd4 ut=65
HMEM: read from 0000000080009fdc ut=66
HMEM: read from 0000000080009fe4 ut=67
HMEM: read from 0000000080009fec ut=68
HMEM: read from 0000000080009ff4 ut=69
HMEM: read from 0000000080009ffc ut=70
HMEM: read from 000000008000a004 ut=71
HMEM: read from 000000008000a00c ut=72
HMEM: read from 000000008000a014 ut=73
HMEM: read from 000000008000a01c ut=74
HMEM: read from 000000008000a024 ut=75
HMEM: read from 000000008000a02c ut=76
HMEM: read from 000000008000a034 ut=77
HMEM: read from 000000008000a03c ut=78
HMEM: read from 000000008000a044 ut=79
HMEM: read from 000000008000a04c ut=80
HMEM: read from 000000008000a054 ut=81
HMEM: read from 000000008000a05c ut=82
HMEM: read from 000000008000a064 ut=83
HMEM: read from 000000008000a06c ut=84
HMEM: read from 000000008000a074 ut=85
HMEM: read from 000000008000a07c ut=86
HMEM: read from 000000008000a084 ut=87
HMEM: read from 000000008000a08c ut=88
HMEM: read from 000000008000a094 ut=89
HMEM: read from 000000008000a09c ut=90
HMEM: read from 000000008000a0a4 ut=91
HMEM: read from 000000008000a0ac ut=92
HMEM: read from 000000008000a0b4 ut=93
HMEM: read from 000000008000a0bc ut=94
HMEM: read from 000000008000a0c4 ut=95
HMEM: read from 000000008000a0cc ut=96
HMEM: read from 000000008000a0d4 ut=97
HMEM: read from 000000008000a0dc ut=98
HMEM: read from 000000008000a0e4 ut=99
HMEM: read from 000000008000a0ec ut=100
HMEM: read from 000000008000a0f4 ut=101
HMEM: read from 000000008000a0fc ut=102
HMEM: read from 000000008000a104 ut=103
HMEM: read from 000000008000a10c ut=104
HMEM: read from 000000008000a114 ut=105
HMEM: read from 000000008000a11c ut=106
HMEM: read from 000000008000a124 ut=107
HMEM: read from 000000008000a12c ut=108
HMEM: read from 000000008000a134 ut=109
HMEM: read from 000000008000a13c ut=110
HMEM: read from 000000008000a144 ut=111
HMEM: read from 000000008000a14c ut=112
HMEM: read from 000000008000a154 ut=113
HMEM: read from 000000008000a15c ut=114
HMEM: read from 000000008000a164 ut=115
HMEM: read from 000000008000a16c ut=116
HMEM: read from 000000008000a174 ut=117
HMEM: read from 000000008000a17c ut=118
HMEM: read from 000000008000a184 ut=119
HMEM: read from 000000008000a18c ut=120
HMEM: read from 000000008000a194 ut=121
HMEM: read from 000000008000a19c ut=122
HMEM: read from 000000008000a1a4 ut=123
HMEM: read from 000000008000a1ac ut=124
HMEM: read from 000000008000a1b4 ut=125
HMEM: read from 000000008000a1bc ut=126
HMEM: read from 000000008000a1c4 ut=127
HMEM: read from 000000008000a1cc ut=128
HMEM: read from 000000008000a1d4 ut=129
HMEM: read from 000000008000a1dc ut=130
HMEM: read from 000000008000a1e4 ut=131
HMEM: read from 000000008000a1ec ut=132
HMEM: read from 000000008000a1f4 ut=133
HMEM: read from 000000008000a1fc ut=134
HMEM: read from 000000008000a204 ut=135
HMEM: read from 000000008000a20c ut=136
HMEM: read from 000000008000a214 ut=137
HMEM: read from 000000008000a21c ut=138
HMEM: read from 000000008000a224 ut=139
HMEM: read from 000000008000a22c ut=140
HMEM: read from 000000008000a234 ut=141
HMEM: read from 000000008000a23c ut=142
HMEM: read from 000000008000a244 ut=143
HMEM: read from 000000008000a24c ut=144
HMEM: read from 000000008000a254 ut=145
HMEM: read from 000000008000a25c ut=146
HMEM: read from 000000008000a264 ut=147
HMEM: read from 000000008000a26c ut=148
HMEM: read from 000000008000a274 ut=149
HMEM: read from 000000008000a27c ut=150
HMEM: read from 000000008000a284 ut=151
HMEM: read from 000000008000a28c ut=152
HMEM: read from 000000008000a294 ut=153
HMEM: read from 000000008000a29c ut=154
HMEM: read from 000000008000a2a4 ut=155
HMEM: read from 000000008000a2ac ut=156
HMEM: read from 000000008000a2b4 ut=157
HMEM: read from 000000008000a2bc ut=158
HMEM: read from 000000008000a2c4 ut=159
HMEM: read from 000000008000a2cc ut=160
HMEM: read from 000000008000a2d4 ut=161
HMEM: read from 000000008000a2dc ut=162
HMEM: read from 000000008000a2e4 ut=163
HMEM: read from 000000008000a2ec ut=164
HMEM: read from 000000008000a2f4 ut=165
HMEM: read from 000000008000a2fc ut=166
HMEM: read from 000000008000a304 ut=167
HMEM: read from 000000008000a30c ut=168
HMEM: read from 000000008000a314 ut=169
HMEM: read from 000000008000a31c ut=170
HMEM: read from 000000008000a324 ut=171
HMEM: read from 000000008000a32c ut=172
HMEM: read from 000000008000a334 ut=173
HMEM: read from 000000008000a33c ut=174
HMEM: read from 000000008000a344 ut=175
HMEM: read from 000000008000a34c ut=176
HMEM: read from 000000008000a354 ut=177
HMEM: read from 000000008000a35c ut=178
HMEM: read from 000000008000a364 ut=179
HMEM: read from 000000008000a36c ut=180
HMEM: read from 000000008000a374 ut=181
HMEM: read from 000000008000a37c ut=182
HMEM: read from 000000008000a384 ut=183
HMEM: read from 000000008000a38c ut=184
HMEM: read from 000000008000a394 ut=185
HMEM: read from 000000008000a39c ut=186
HMEM: read from 000000008000a3a4 ut=187
HMEM: read from 000000008000a3ac ut=188
HMEM: read from 000000008000a3b4 ut=189
HMEM: read from 000000008000a3bc ut=190
HMEM: read from 000000008000a3c4 ut=191
HMEM: read from 000000008000a3cc ut=192
HMEM: read from 000000008000a3d4 ut=193
HMEM: read from 000000008000a3dc ut=194
HMEM: read from 000000008000a3e4 ut=195
HMEM: read from 000000008000a3ec ut=196
HMEM: read from 000000008000a3f4 ut=197
HMEM: read from 000000008000a3fc ut=198
HMEM: read from 000000008000a404 ut=199
HMEM: read from 000000008000a40c ut=200
HMEM: read from 000000008000a414 ut=201
HMEM: read from 000000008000a41c ut=202
HMEM: read from 000000008000a424 ut=203
HMEM: read from 000000008000a42c ut=204
HMEM: read from 000000008000a434 ut=205
HMEM: read from 000000008000a43c ut=206
HMEM: read from 000000008000a444 ut=207
HMEM: read from 000000008000a44c ut=208
HMEM: read from 000000008000a454 ut=209
HMEM: read from 000000008000a45c ut=210
HMEM: read from 000000008000a464 ut=211
HMEM: read from 000000008000a46c ut=212
HMEM: read from 000000008000a474 ut=213
HMEM: read from 000000008000a47c ut=214
HMEM: read from 000000008000a484 ut=215
HMEM: read from 000000008000a48c ut=216
HMEM: read from 000000008000a494 ut=217
HMEM: read from 000000008000a49c ut=218
HMEM: read from 000000008000a4a4 ut=219
HMEM: read from 000000008000a4ac ut=220
HMEM: read from 000000008000a4b4 ut=221
HMEM: read from 000000008000a4bc ut=222
HMEM: read from 000000008000a4c4 ut=223
HMEM: read from 000000008000a4cc ut=224
HMEM: read from 000000008000a4d4 ut=225
HMEM: read from 000000008000a4dc ut=226
HMEM: read from 000000008000a4e4 ut=227
HMEM: read from 000000008000a4ec ut=228
HMEM: read from 000000008000a4f4 ut=229
HMEM: read from 000000008000a4fc ut=230
HMEM: read from 000000008000a504 ut=231
HMEM: read from 000000008000a50c ut=232
HMEM: read from 000000008000a514 ut=233
HMEM: read from 000000008000a51c ut=234
HMEM: read from 000000008000a524 ut=235
HMEM: read from 000000008000a52c ut=236
HMEM: read from 000000008000a534 ut=237
HMEM: read from 000000008000a53c ut=238
HMEM: read from 000000008000a544 ut=239
HMEM: read from 000000008000a54c ut=240
HMEM: read from 000000008000a554 ut=241
HMEM: read from 000000008000a55c ut=242
HMEM: read from 000000008000a564 ut=243
HMEM: read from 000000008000a56c ut=244
HMEM: read from 000000008000a574 ut=245
HMEM: read from 000000008000a57c ut=246
HMEM: read from 000000008000a584 ut=247
HMEM: read from 000000008000a58c ut=248
HMEM: read from 000000008000a594 ut=249
HMEM: read from 000000008000a59c ut=250
HMEM: read from 000000008000a5a4 ut=251
HMEM: read from 000000008000a5ac ut=252
HMEM: read from 000000008000a5b4 ut=253
HMEM: read from 000000008000a5bc ut=254
HMEM: read from 000000008000a5c4 ut=255
HMEM: read from 000000008000a5cc ut=256
HMEM: read from 000000008000a5d4 ut=257
HMEM: read from 000000008000a5dc ut=258
HMEM: read from 000000008000a5e4 ut=259
HMEM: read from 000000008000a5ec ut=260
HMEM: read from 000000008000a5f4 ut=261
HMEM: read from 000000008000a5fc ut=262
HMEM: read from 000000008000a604 ut=263
HMEM: read from 000000008000a60c ut=264
HMEM: read from 000000008000a614 ut=265
HMEM: read from 000000008000a61c ut=266
HMEM: read from 000000008000a624 ut=267
HMEM: read from 000000008000a62c ut=268
HMEM: read from 000000008000a634 ut=269
HMEM: read from 000000008000a63c ut=270
HMEM: read from 000000008000a644 ut=271
HMEM: read from 000000008000a64c ut=272
HMEM: read from 000000008000a654 ut=273
HMEM: read from 000000008000a65c ut=274
HMEM: read from 000000008000a664 ut=275
HMEM: read from 000000008000a66c ut=276
HMEM: read from 000000008000a674 ut=277
HMEM: read from 000000008000a67c ut=278
HMEM: read from 000000008000a684 ut=279
HMEM: read from 000000008000a68c ut=280
HMEM: read from 000000008000a694 ut=281
HMEM: read from 000000008000a69c ut=282
HMEM: read from 000000008000a6a4 ut=283
HMEM: read from 000000008000a6ac ut=284
HMEM: read from 000000008000a6b4 ut=285
HMEM: read from 000000008000a6bc ut=286
HMEM: read from 000000008000a6c4 ut=287
HMEM: read from 000000008000a6cc ut=288
HMEM: read from 000000008000a6d4 ut=289
HMEM: read from 000000008000a6dc ut=290
HMEM: read from 000000008000a6e4 ut=291
HMEM: read from 000000008000a6ec ut=292
HMEM: read from 000000008000a6f4 ut=293
HMEM: read from 000000008000a6fc ut=294
HMEM: read from 000000008000a704 ut=295
HMEM: read from 000000008000a70c ut=296
HMEM: read from 000000008000a714 ut=297
HMEM: read from 000000008000a71c ut=298
HMEM: read from 000000008000a724 ut=299
HMEM: read from 000000008000a72c ut=300
HMEM: read from 000000008000a734 ut=301
HMEM: read from 000000008000a73c ut=302
HMEM: read from 000000008000a744 ut=303
HMEM: read from 000000008000a74c ut=304
HMEM: read from 000000008000a754 ut=305
HMEM: read from 000000008000a75c ut=306
HMEM: read from 000000008000a764 ut=307
HMEM: read from 000000008000a76c ut=308
HMEM: read from 000000008000a774 ut=309
HMEM: read from 000000008000a77c ut=310
HMEM: read from 000000008000a784 ut=311
HMEM: read from 000000008000a78c ut=312
HMEM: read from 000000008000a794 ut=313
HMEM: read from 000000008000a79c ut=314
HMEM: read from 000000008000a7a4 ut=315
HMEM: read from 000000008000a7ac ut=316
HMEM: read from 000000008000a7b4 ut=317
HMEM: read from 000000008000a7bc ut=318
HMEM: read from 000000008000a7c4 ut=319
HMEM: read from 000000008000a7cc ut=320
HMEM: read from 000000008000a7d4 ut=321
HMEM: read from 000000008000a7dc ut=322
HMEM: read from 000000008000a7e4 ut=323
HMEM: read from 000000008000a7ec ut=324
HMEM: read from 000000008000a7f4 ut=325
HMEM: read from 000000008000a7fc ut=326
HMEM: read from 000000008000a804 ut=327
HMEM: read from 000000008000a80c ut=328
HMEM: read from 000000008000a814 ut=329
HMEM: read from 000000008000a81c ut=330
HMEM: read from 000000008000a824 ut=331
HMEM: read from 000000008000a82c ut=332
HMEM: read from 000000008000a834 ut=333
HMEM: read from 000000008000a83c ut=334
HMEM: read from 000000008000a844 ut=335
HMEM: read from 000000008000a84c ut=336
HMEM: read from 000000008000a854 ut=337
HMEM: read from 000000008000a85c ut=338
HMEM: read from 000000008000a864 ut=339
HMEM: read from 000000008000a86c ut=340
HMEM: read from 000000008000a874 ut=341
HMEM: read from 000000008000a87c ut=342
HMEM: read from 000000008000a884 ut=343
HMEM: read from 000000008000a88c ut=344
HMEM: read from 000000008000a894 ut=345
HMEM: read from 000000008000a89c ut=346
HMEM: read from 000000008000a8a4 ut=347
HMEM: read from 000000008000a8ac ut=348
HMEM: read from 000000008000a8b4 ut=349
HMEM: read from 000000008000a8bc ut=350
HMEM: read from 000000008000a8c4 ut=351
HMEM: read from 000000008000a8cc ut=352
HMEM: read from 000000008000a8d4 ut=353
HMEM: read from 000000008000a8dc ut=354
HMEM: read from 000000008000a8e4 ut=355
HMEM: read from 000000008000a8ec ut=356
HMEM: read from 000000008000a8f4 ut=357
HMEM: read from 000000008000a8fc ut=358
HMEM: read from 000000008000a904 ut=359
HMEM: read from 000000008000a90c ut=360
HMEM: read from 000000008000a914 ut=361
HMEM: read from 000000008000a91c ut=362
HMEM: read from 000000008000a924 ut=363
HMEM: read from 000000008000a92c ut=364
HMEM: read from 000000008000a934 ut=365
HMEM: read from 000000008000a93c ut=366
HMEM: read from 000000008000a944 ut=367
HMEM: read from 000000008000a94c ut=368
HMEM: read from 000000008000a954 ut=369
HMEM: read from 000000008000a95c ut=370
HMEM: read from 000000008000a964 ut=371
HMEM: read from 000000008000a96c ut=372
HMEM: read from 000000008000a974 ut=373
HMEM: read from 000000008000a97c ut=374
HMEM: read from 000000008000a984 ut=375
HMEM: read from 000000008000a98c ut=376
HMEM: read from 000000008000a994 ut=377
HMEM: read from 000000008000a99c ut=378
HMEM: read from 000000008000a9a4 ut=379
HMEM: read from 000000008000a9ac ut=380
HMEM: read from 000000008000a9b4 ut=381
HMEM: read from 000000008000a9bc ut=382
HMEM: read from 000000008000a9c4 ut=383
HMEM: read from 000000008000a9cc ut=384
HMEM: read from 000000008000a9d4 ut=385
HMEM: read from 000000008000a9dc ut=386
HMEM: read from 000000008000a9e4 ut=387
HMEM: read from 000000008000a9ec ut=388
HMEM: read from 000000008000a9f4 ut=389
HMEM: read from 000000008000a9fc ut=390
HMEM: read from 000000008000aa04 ut=391
HMEM: read from 000000008000aa0c ut=392
HMEM: read from 000000008000aa14 ut=393
HMEM: read from 000000008000aa1c ut=394
HMEM: read from 000000008000aa24 ut=395
HMEM: read from 000000008000aa2c ut=396
HMEM: read from 000000008000aa34 ut=397
HMEM: read from 000000008000aa3c ut=398
HMEM: read from 000000008000aa44 ut=399
HMEM: read from 000000008000aa4c ut=400
HMEM: read from 000000008000aa54 ut=401
HMEM: read from 000000008000aa5c ut=402
HMEM: read from 000000008000aa64 ut=403
HMEM: read from 000000008000aa6c ut=404
HMEM: read from 000000008000aa74 ut=405
HMEM: read from 000000008000aa7c ut=406
HMEM: read from 000000008000aa84 ut=407
HMEM: read from 000000008000aa8c ut=408
HMEM: read from 000000008000aa94 ut=409
HMEM: read from 000000008000aa9c ut=410
HMEM: read from 000000008000aaa4 ut=411
HMEM: read from 000000008000aaac ut=412
HMEM: read from 000000008000aab4 ut=413
HMEM: read from 000000008000aabc ut=414
HMEM: read from 000000008000aac4 ut=415
HMEM: read from 000000008000aacc ut=416
HMEM: read from 000000008000aad4 ut=417
HMEM: read from 000000008000aadc ut=418
HMEM: read from 000000008000aae4 ut=419
HMEM: read from 000000008000aaec ut=420
HMEM: read from 000000008000aaf4 ut=421
HMEM: read from 000000008000aafc ut=422
HMEM: read from 000000008000ab04 ut=423
HMEM: read from 000000008000ab0c ut=424
HMEM: read from 000000008000ab14 ut=425
HMEM: read from 000000008000ab1c ut=426
HMEM: read from 000000008000ab24 ut=427
HMEM: read from 000000008000ab2c ut=428
HMEM: read from 000000008000ab34 ut=429
HMEM: read from 000000008000ab3c ut=430
HMEM: read from 000000008000ab44 ut=431
HMEM: read from 000000008000ab4c ut=432
HMEM: read from 000000008000ab54 ut=433
HMEM: read from 000000008000ab5c ut=434
HMEM: read from 000000008000ab64 ut=435
HMEM: read from 000000008000ab6c ut=436
HMEM: read from 000000008000ab74 ut=437
HMEM: read from 000000008000ab7c ut=438
HMEM: read from 000000008000ab84 ut=439
HMEM: read from 000000008000ab8c ut=440
HMEM: read from 000000008000ab94 ut=441
HMEM: read from 000000008000ab9c ut=442
HMEM: read from 000000008000aba4 ut=443
HMEM: read from 000000008000abac ut=444
HMEM: read from 000000008000abb4 ut=445
HMEM: read from 000000008000abbc ut=446
HMEM: read from 000000008000abc4 ut=447
HMEM: read from 000000008000abcc ut=448
HMEM: read from 000000008000abd4 ut=449
HMEM: read from 000000008000abdc ut=450
HMEM: read from 000000008000abe4 ut=451
HMEM: read from 000000008000abec ut=452
HMEM: read from 000000008000abf4 ut=453
HMEM: read from 000000008000abfc ut=454
HMEM: read from 000000008000ac04 ut=455
HMEM: read from 000000008000ac0c ut=456
HMEM: read from 000000008000ac14 ut=457
HMEM: read from 000000008000ac1c ut=458
HMEM: read from 000000008000ac24 ut=459
HMEM: read from 000000008000ac2c ut=460
HMEM: read from 000000008000ac34 ut=461
HMEM: read from 000000008000ac3c ut=462
HMEM: read from 000000008000ac44 ut=463
HMEM: read from 000000008000ac4c ut=464
HMEM: read from 000000008000ac54 ut=465
HMEM: read from 000000008000ac5c ut=466
HMEM: read from 000000008000ac64 ut=467
HMEM: read from 000000008000ac6c ut=468
HMEM: read from 000000008000ac74 ut=469
HMEM: read from 000000008000ac7c ut=470
HMEM: read from 000000008000ac84 ut=471
HMEM: read from 000000008000ac8c ut=472
HMEM: read from 000000008000ac94 ut=473
HMEM: read from 000000008000ac9c ut=474
HMEM: read from 000000008000aca4 ut=475
HMEM: read from 000000008000acac ut=476
HMEM: read from 000000008000acb4 ut=477
HMEM: read from 000000008000acbc ut=478
HMEM: read from 000000008000acc4 ut=479
HMEM: read from 000000008000accc ut=480
HMEM: read from 000000008000acd4 ut=481
HMEM: read from 000000008000acdc ut=482
HMEM: read from 000000008000ace4 ut=483
HMEM: read from 000000008000acec ut=484
HMEM: read from 000000008000acf4 ut=485
HMEM: read from 000000008000acfc ut=486
HMEM: read from 000000008000ad04 ut=487
HMEM: read from 000000008000ad0c ut=488
HMEM: read from 000000008000ad14 ut=489
HMEM: read from 000000008000ad1c ut=490
HMEM: read from 000000008000ad24 ut=491
HMEM: read from 000000008000ad2c ut=492
HMEM: read from 000000008000ad34 ut=493
HMEM: read from 000000008000ad3c ut=494
HMEM: read from 000000008000ad44 ut=495
HMEM: read from 000000008000ad4c ut=496
HMEM: read from 000000008000ad54 ut=497
HMEM: read from 000000008000ad5c ut=498
HMEM: read from 000000008000ad64 ut=499
HMEM: read from 000000008000ad6c ut=500
HMEM: read from 000000008000ad74 ut=501
HMEM: read from 000000008000ad7c ut=502
HMEM: read from 000000008000ad84 ut=503
HMEM: read from 000000008000ad8c ut=504
HMEM: read from 000000008000ad94 ut=505
HMEM: read from 000000008000ad9c ut=506
HMEM: read from 000000008000ada4 ut=507
HMEM: read from 000000008000adac ut=508
HMEM: read from 000000008000adb4 ut=509
HMEM: read from 000000008000adbc ut=510
HMEM: read from 000000008000adc4 ut=511
H: WT pc=0000000080002058 inst=80000a0801012b3f next=0000000080002060 vl=512 act=ffffffffffffffffffffffffffffffffffffffffffffffffffffffffffffffffffffffffffffffffffffffffffffffffffffffffffffffffffffffffffffffff
H: WT pc=0000000080002060 inst=a01c02023c032a3f next=0000000080002068 vl=512 act=ffffffffffffffffffffffffffffffffffffffffffffffffffffffffffffffffffffffffffffffffffffffffffffffffffffffffffffffffffffffffffffffff
H: WT pc=0000000080002068 inst=e01c040603032a3f next=0000000080002070 vl=512 act=ffffffffffffffffffffffffffffffffffffffffffffffffffffffffffffffffffffffffffffffffffffffffffffffffffffffffffffffffffffffffffffffff
H: WT pc=0000000080002070 inst=f01c06040202283f next=0000000080002078 vl=512 act=ffffffffffffffffffffffffffffffffffffffffffffffffffffffffffffffffffffffffffffffffffffffffffffffffffffffffffffffffffffffffffffffff
H: WT pc=0000000080002078 inst=c01c160002022a3f next=0000000080002080 vl=512 act=ffffffffffffffffffffffffffffffffffffffffffffffffffffffffffffffffffffffffffffffffffffffffffffffffffffffffffffffffffffffffffffffff
HMEM: write 00000000800065c8 with 00000000430536b3 ut=0
HMEM: write 00000000800065cc with 000000004222add8 ut=1
HMEM: write 00000000800065d0 with 0000000042c678fb ut=2
HMEM: write 00000000800065d4 with 0000000043688b89 ut=3
HMEM: write 00000000800065d8 with 00000000433cc89e ut=4
HMEM: write 00000000800065dc with 0000000042d61805 ut=5
HMEM: write 00000000800065e0 with 00000000429e5b0b ut=6
HMEM: write 00000000800065e4 with 00000000426ff170 ut=7
HMEM: write 00000000800065e8 with 0000000042445faf ut=8
HMEM: write 00000000800065ec with 000000004334d686 ut=9
HMEM: write 00000000800065f0 with 000000004383ed3f ut=10
HMEM: write 00000000800065f4 with 0000000042efc9c1 ut=11
HMEM: write 00000000800065f8 with 000000004205304e ut=12
HMEM: write 00000000800065fc with 00000000421c4ead ut=13
HMEM: write 0000000080006600 with 000000004293ea29 ut=14
HMEM: write 0000000080006604 with 0000000042d4c847 ut=15
HMEM: write 0000000080006608 with 0000000043157b19 ut=16
HMEM: write 000000008000660c with 000000004332d9ed ut=17
HMEM: write 0000000080006610 with 0000000042b0e4c6 ut=18
HMEM: write 0000000080006614 with 00000000426b2afc ut=19
HMEM: write 0000000080006618 with 0000000043002fec ut=20
HMEM: write 000000008000661c with 0000000041ff5ab0 ut=21
HMEM: write 0000000080006620 with 000000004338234e ut=22
HMEM: write 0000000080006624 with 00000000436aeda9 ut=23
HMEM: write 0000000080006628 with 0000000042a26df4 ut=24
HMEM: write 000000008000662c with 000000004244801f ut=25
HMEM: write 0000000080006630 with 000000004298a292 ut=26
HMEM: write 0000000080006634 with 00000000436ce4ef ut=27
HMEM: write 0000000080006638 with 000000004374ae48 ut=28
HMEM: write 000000008000663c with 00000000435d163b ut=29
HMEM: write 0000000080006640 with 00000000430a1fb7 ut=30
HMEM: write 0000000080006644 with 0000000041f24dfc ut=31
HMEM: write 0000000080006648 with 00000000429c9ab2 ut=32
HMEM: write 000000008000664c with 00000000433fe3dc ut=33
HMEM: write 0000000080006650 with 00000000438534bf ut=34
HMEM: write 0000000080006654 with 00000000434612a7 ut=35
HMEM: write 0000000080006658 with 000000004329edc0 ut=36
HMEM: write 000000008000665c with 00000000434e8a52 ut=37
HMEM: write 0000000080006660 with 00000000426bf1d3 ut=38
HMEM: write 0000000080006664 with 0000000043634fcb ut=39
HMEM: write 0000000080006668 with 00000000423e1f47 ut=40
HMEM: write 000000008000666c with 00000000432762bc ut=41
HMEM: write 0000000080006670 with 00000000429fe287 ut=42
HMEM: write 0000000080006674 with 0000000042f90240 ut=43
HMEM: write 0000000080006678 with 0000000042264121 ut=44
HMEM: write 000000008000667c with 00000000435f1b4d ut=45
HMEM: write 0000000080006680 with 00000000436f937a ut=46
HMEM: write 0000000080006684 with 0000000042849887 ut=47
HMEM: write 0000000080006688 with 00000000432877b4 ut=48
HMEM: write 000000008000668c with 00000000433bce2e ut=49
HMEM: write 0000000080006690 with 000000004203c6a7 ut=50
HMEM: write 0000000080006694 with 00000000433a8858 ut=51
HMEM: write 0000000080006698 with 000000004357df73 ut=52
HMEM: write 000000008000669c with 00000000429dc57d ut=53
HMEM: write 00000000800066a0 with 000000004302a85c ut=54
HMEM: write 00000000800066a4 with 0000000041d8b5b4 ut=55
HMEM: write 00000000800066a8 with 0000000042367d97 ut=56
HMEM: write 00000000800066ac with 000000004196cef6 ut=57
HMEM: write 00000000800066b0 with 0000000042ae34c3 ut=58
HMEM: write 00000000800066b4 with 0000000042f0b726 ut=59
HMEM: write 00000000800066b8 with 00000000426bd474 ut=60
HMEM: write 00000000800066bc with 000000004340a697 ut=61
HMEM: write 00000000800066c0 with 0000000042c264d7 ut=62
HMEM: write 00000000800066c4 with 0000000042e7e7be ut=63
HMEM: write 00000000800066c8 with 00000000426c7fa7 ut=64
HMEM: write 00000000800066cc with 00000000428f25a0 ut=65
HMEM: write 00000000800066d0 with 0000000042cce1dd ut=66
HMEM: write 00000000800066d4 with 0000000042adee2e ut=67
HMEM: write 00000000800066d8 with 0000000043259b04 ut=68
HMEM: write 00000000800066dc with 000000004337d9a6 ut=69
HMEM: write 00000000800066e0 with 0000000042cb6f04 ut=70
HMEM: write 00000000800066e4 with 00000000423d4cef ut=71
HMEM: write 00000000800066e8 with 00000000428c1e65 ut=72
HMEM: write 00000000800066ec with 00000000420f7e10 ut=73
HMEM: write 00000000800066f0 with 0000000042ec0937 ut=74
HMEM: write 00000000800066f4 with 00000000435f1182 ut=75
HMEM: write 00000000800066f8 with 000000004381dbe3 ut=76
HMEM: write 00000000800066fc with 00000000428ff38d ut=77
HMEM: write 0000000080006700 with 0000000042ef4e16 ut=78
HMEM: write 0000000080006704 with 0000000042f5e3e8 ut=79
HMEM: write 0000000080006708 with 0000000042998d98 ut=80
HMEM: write 000000008000670c with 0000000042283ab8 ut=81
HMEM: write 0000000080006710 with 0000000043757b8f ut=82
HMEM: write 0000000080006714 with 0000000042e02a00 ut=83
HMEM: write 0000000080006718 with 000000004386ea91 ut=84
HMEM: write 000000008000671c with 00000000422b6511 ut=85
HMEM: write 0000000080006720 with 00000000426fd672 ut=86
HMEM: write 0000000080006724 with 00000000428543bf ut=87
HMEM: write 0000000080006728 with 000000004371fbc8 ut=88
HMEM: write 000000008000672c with 0000000042d9656f ut=89
HMEM: write 0000000080006730 with 00000000437c1d51 ut=90
HMEM: write 0000000080006734 with 0000000042408f88 ut=91
HMEM: write 0000000080006738 with 00000000430a9a16 ut=92
HMEM: write 000000008000673c with 00000000424be07a ut=93
HMEM: write 0000000080006740 with 000000004250e273 ut=94
HMEM: write 0000000080006744 with 0000000042ac9f05 ut=95
HMEM: write 0000000080006748 with 00000000424e1fce ut=96
HMEM: write 000000008000674c with 0000000043781234 ut=97
HMEM: write 0000000080006750 with 000000004345f69e ut=98
HMEM: write 0000000080006754 with 0000000041df4402 ut=99
HMEM: write 0000000080006758 with 00000000429a3961 ut=100
HMEM: write 000000008000675c with 00000000423658d6 ut=101
HMEM: write 0000000080006760 with 0000000042b21d17 ut=102
HMEM: write 0000000080006764 with 00000000436dfaca ut=103
HMEM: write 0000000080006768 with 00000000422c6acd ut=104
HMEM: write 000000008000676c with 0000000041ff09a0 ut=105
HMEM: write 0000000080006770 with 00000000422ff520 ut=106
HMEM: write 0000000080006774 with 00000000424ce929 ut=107
HMEM: write 0000000080006778 with 00000000435253d5 ut=108
HMEM: write 000000008000677c with 00000000430f6fd2 ut=109
HMEM: write 0000000080006780 with 000000004201c6dc ut=110
HMEM: write 0000000080006784 with 0000000041d611f6 ut=111
HMEM: write 0000000080006788 with 0000000042f10fce ut=112
HMEM: write 000000008000678c with 00000000420f363d ut=113
HMEM: write 0000000080006790 with 0000000041d21946 ut=114
HMEM: write 0000000080006794 with 0000000042442719 ut=115
HMEM: write 0000000080006798 with 0000000043477289 ut=116
HMEM: write 000000008000679c with 0000000042087470 ut=117
HMEM: write 00000000800067a0 with 00000000438092b8 ut=118
HMEM: write 00000000800067a4 with 00000000434cb13f ut=119
HMEM: write 00000000800067a8 with 0000000042f46c61 ut=120
HMEM: write 00000000800067ac with 0000000042073f09 ut=121
HMEM: write 00000000800067b0 with 000000004385df12 ut=122
HMEM: write 00000000800067b4 with 000000004289f584 ut=123
HMEM: write 00000000800067b8 with 0000000040a8b6a4 ut=124
HMEM: write 00000000800067bc with 000000004365a40b ut=125
HMEM: write 00000000800067c0 with 00000000427564ff ut=126
HMEM: write 00000000800067c4 with 00000000433a8173 ut=127
HMEM: write 00000000800067c8 with 000000004360f2ce ut=128
HMEM: write 00000000800067cc with 00000000437d4848 ut=129
HMEM: write 00000000800067d0 with 00000000430b9273 ut=130
HMEM: write 00000000800067d4 with 0000000042a018c4 ut=131
HMEM: write 00000000800067d8 with 000000004333e1f7 ut=132
HMEM: write 00000000800067dc with 0000000043234448 ut=133
HMEM: write 00000000800067e0 with 00000000432afada ut=134
HMEM: write 00000000800067e4 with 0000000043855e33 ut=135
HMEM: write 00000000800067e8 with 000000004376cb9f ut=136
HMEM: write 00000000800067ec with 0000000042b184cf ut=137
HMEM: write 00000000800067f0 with 00000000425c1790 ut=138
HMEM: write 00000000800067f4 with 0000000042676b7e ut=139
HMEM: write 00000000800067f8 with 00000000430ee663 ut=140
HMEM: write 00000000800067fc with 00000000422212cf ut=141
HMEM: write 0000000080006800 with 0000000042b4d529 ut=142
HMEM: write 0000000080006804 with 00000000429c9451 ut=143
HMEM: write 0000000080006808 with 000000004374fce0 ut=144
HMEM: write 000000008000680c with 000000004276bbfb ut=145
HMEM: write 0000000080006810 with 00000000428baaa6 ut=146
HMEM: write 0000000080006814 with 00000000433416f8 ut=147
HMEM: write 0000000080006818 with 0000000042aab929 ut=148
HMEM: write 000000008000681c with 0000000041d4ea78 ut=149
HMEM: write 0000000080006820 with 000000004385ce6c ut=150
HMEM: write 0000000080006824 with 00000000428347e1 ut=151
HMEM: write 0000000080006828 with 000000004364175b ut=152
HMEM: write 000000008000682c with 00000000434a2f94 ut=153
HMEM: write 0000000080006830 with 000000004368e976 ut=154
HMEM: write 0000000080006834 with 00000000427d92f1 ut=155
HMEM: write 0000000080006838 with 00000000432a4a56 ut=156
HMEM: write 000000008000683c with 0000000042c35f7a ut=157
HMEM: write 0000000080006840 with 0000000042a28c34 ut=158
HMEM: write 0000000080006844 with 0000000042275ca7 ut=159
HMEM: write 0000000080006848 with 0000000042b255df ut=160
HMEM: write 000000008000684c with 000000004374ed45 ut=161
HMEM: write 0000000080006850 with 00000000433c9573 ut=162
HMEM: write 0000000080006854 with 000000004247163c ut=163
HMEM: write 0000000080006858 with 0000000041ce9bc6 ut=164
HMEM: write 000000008000685c with 0000000041e9ef94 ut=165
HMEM: write 0000000080006860 with 00000000437ee4f8 ut=166
HMEM: write 0000000080006864 with 00000000426280f7 ut=167
HMEM: write 0000000080006868 with 00000000420f51d1 ut=168
HMEM: write 000000008000686c with 0000000042e01f89 ut=169
HMEM: write 0000000080006870 with 0000000042f5e16b ut=170
HMEM: write 0000000080006874 with 0000000043234751 ut=171
HMEM: write 0000000080006878 with 00000000421bee1f ut=172
HMEM: write 000000008000687c with 00000000436a47ef ut=173
HMEM: write 0000000080006880 with 0000000041aef182 ut=174
HMEM: write 0000000080006884 with 0000000043776b8c ut=175
HMEM: write 0000000080006888 with 00000000423f2cd9 ut=176
HMEM: write 000000008000688c with 00000000422d7213 ut=177
HMEM: write 0000000080006890 with 0000000042b682c7 ut=178
HMEM: write 0000000080006894 with 0000000043012682 ut=179
HMEM: write 0000000080006898 with 00000000424cdd66 ut=180
HMEM: write 000000008000689c with 000000004284d552 ut=181
HMEM: write 00000000800068a0 with 0000000043627c7f ut=182
HMEM: write 00000000800068a4 with 000000004381ca93 ut=183
HMEM: write 00000000800068a8 with 0000000042ef647d ut=184
HMEM: write 00000000800068ac with 0000000041bba260 ut=185
HMEM: write 00000000800068b0 with 000000004296f02b ut=186
HMEM: write 00000000800068b4 with 000000004295aefc ut=187
HMEM: write 00000000800068b8 with 00000000433905c2 ut=188
HMEM: write 00000000800068bc with 0000000043703e81 ut=189
HMEM: write 00000000800068c0 with 00000000429115ab ut=190
HMEM: write 00000000800068c4 with 0000000042524fac ut=191
HMEM: write 00000000800068c8 with 000000004360b445 ut=192
HMEM: write 00000000800068cc with 00000000430dc9ea ut=193
HMEM: write 00000000800068d0 with 000000004380f6eb ut=194
HMEM: write 00000000800068d4 with 00000000428250cd ut=195
HMEM: write 00000000800068d8 with 000000004370bd8d ut=196
HMEM: write 00000000800068dc with 00000000425faabf ut=197
HMEM: write 00000000800068e0 with 0000000043828073 ut=198
HMEM: write 00000000800068e4 with 0000000042b2ebc5 ut=199
HMEM: write 00000000800068e8 with 00000000431d7ef0 ut=200
HMEM: write 00000000800068ec with 0000000041aa49b4 ut=201
HMEM: write 00000000800068f0 with 0000000042e4e81a ut=202
HMEM: write 00000000800068f4 with 0000000042ba4be6 ut=203
HMEM: write 00000000800068f8 with 0000000041d09866 ut=204
HMEM: write 00000000800068fc with 00000000428b8c05 ut=205
HMEM: write 0000000080006900 with 00000000418219de ut=206
HMEM: write 0000000080006904 with 0000000042aa4b16 ut=207
HMEM: write 0000000080006908 with 00000000422390d4 ut=208
HMEM: write 000000008000690c with 00000000431a3dbf ut=209
HMEM: write 0000000080006910 with 0000000043604f90 ut=210
HMEM: write 0000000080006914 with 000000004319c17e ut=211
HMEM: write 0000000080006918 with 000000004313d872 ut=212
HMEM: write 000000008000691c with 0000000042c14b94 ut=213
HMEM: write 0000000080006920 with 0000000042a00fea ut=214
HMEM: write 0000000080006924 with 00000000424c4e56 ut=215
HMEM: write 0000000080006928 with 0000000042818413 ut=216
HMEM: write 000000008000692c with 00000000422914fd ut=217
HMEM: write 0000000080006930 with 0000000041d6e70c ut=218
HMEM: write 0000000080006934 with 00000000436eff5c ut=219
HMEM: write 0000000080006938 with 000000004263e2b2 ut=220
HMEM: write 000000008000693c with 0000000043460756 ut=221
HMEM: write 0000000080006940 with 0000000043516ed6 ut=222
HMEM: write 0000000080006944 with 00000000419543ba ut=223
HMEM: write 0000000080006948 with 000000004357902a ut=224
HMEM: write 000000008000694c with 0000000043399544 ut=225
HMEM: write 0000000080006950 with 00000000437ae869 ut=226
HMEM: write 0000000080006954 with 00000000426072d4 ut=227
HMEM: write 0000000080006958 with 0000000041de273a ut=228
HMEM: write 000000008000695c with 00000000437af381 ut=229
HMEM: write 0000000080006960 with 0000000042a782ba ut=230
HMEM: write 0000000080006964 with 00000000428c3a7d ut=231
HMEM: write 0000000080006968 with 00000000422e5829 ut=232
HMEM: write 000000008000696c with 000000004258da31 ut=233
HMEM: write 0000000080006970 with 00000000433f5e84 ut=234
HMEM: write 0000000080006974 with 0000000041f633a3 ut=235
HMEM: write 0000000080006978 with 00000000426ce6de ut=236
HMEM: write 000000008000697c with 0000000042fa5117 ut=237
HMEM: write 0000000080006980 with 00000000424d9d44 ut=238
HMEM: write 0000000080006984 with 0000000042c029ff ut=239
HMEM: write 0000000080006988 with 000000004301865c ut=240
HMEM: write 000000008000698c with 000000004285ec0e ut=241
HMEM: write 0000000080006990 with 00000000426a4abd ut=242
HMEM: write 0000000080006994 with 0000000043271cf9 ut=243
HMEM: write 0000000080006998 with 0000000042f42c4d ut=244
HMEM: write 000000008000699c with 0000000041cc7ff0 ut=245
HMEM: write 00000000800069a0 with 00000000427a24a7 ut=246
HMEM: write 00000000800069a4 with 00000000434326e3 ut=247
HMEM: write 00000000800069a8 with 0000000043854f7b ut=248
HMEM: write 00000000800069ac with 0000000042328ce8 ut=249
HMEM: write 00000000800069b0 with 00000000410678ea ut=250
HMEM: write 00000000800069b4 with 000000004307487a ut=251
HMEM: write 00000000800069b8 with 000000004319fd74 ut=252
HMEM: write 00000000800069bc with 000000004373cf78 ut=253
HMEM: write 00000000800069c0 with 00000000424dfe5e ut=254
HMEM: write 00000000800069c4 with 000000004247b144 ut=255
HMEM: write 00000000800069c8 with 0000000042800857 ut=256
HMEM: write 00000000800069cc with 0000000042484ea6 ut=257
HMEM: write 00000000800069d0 with 0000000042bca2cb ut=258
HMEM: write 00000000800069d4 with 00000000429f821c ut=259
HMEM: write 00000000800069d8 with 0000000041ceb872 ut=260
HMEM: write 00000000800069dc with 00000000432ca1d5 ut=261
HMEM: write 00000000800069e0 with 0000000041a86180 ut=262
HMEM: write 00000000800069e4 with 000000004225814a ut=263
HMEM: write 00000000800069e8 with 0000000042a4d191 ut=264
HMEM: write 00000000800069ec with 0000000042f70caa ut=265
HMEM: write 00000000800069f0 with 0000000043802184 ut=266
HMEM: write 00000000800069f4 with 00000000435bf00d ut=267
HMEM: write 00000000800069f8 with 00000000430611e1 ut=268
HMEM: write 00000000800069fc with 0000000040312f8a ut=269
HMEM: write 0000000080006a00 with 00000000433975fc ut=270
HMEM: write 0000000080006a04 with 00000000433daf0b ut=271
HMEM: write 0000000080006a08 with 0000000041fda269 ut=272
HMEM: write 0000000080006a0c with 0000000041987cc9 ut=273
HMEM: write 0000000080006a10 with 000000004265def6 ut=274
HMEM: write 0000000080006a14 with 0000000042a16c30 ut=275
HMEM: write 0000000080006a18 with 0000000043723f9f ut=276
HMEM: write 0000000080006a1c with 000000004382c7e4 ut=277
HMEM: write 0000000080006a20 with 00000000427b250b ut=278
HMEM: write 0000000080006a24 with 0000000042e9b869 ut=279
HMEM: write 0000000080006a28 with 000000004125f806 ut=280
HMEM: write 0000000080006a2c with 0000000042eabf8b ut=281
HMEM: write 0000000080006a30 with 0000000042866ac9 ut=282
HMEM: write 0000000080006a34 with 0000000043819627 ut=283
HMEM: write 0000000080006a38 with 0000000043838176 ut=284
HMEM: write 0000000080006a3c with 0000000042bda01c ut=285
HMEM: write 0000000080006a40 with 0000000042c50cb9 ut=286
HMEM: write 0000000080006a44 with 00000000431f1b3f ut=287
HMEM: write 0000000080006a48 with 00000000429a49af ut=288
HMEM: write 0000000080006a4c with 00000000428d5a5d ut=289
HMEM: write 0000000080006a50 with 00000000418bad7e ut=290
HMEM: write 0000000080006a54 with 0000000042efdf15 ut=291
HMEM: write 0000000080006a58 with 00000000426499c0 ut=292
HMEM: write 0000000080006a5c with 0000000042a939d6 ut=293
HMEM: write 0000000080006a60 with 00000000428af0d3 ut=294
HMEM: write 0000000080006a64 with 0000000043797f02 ut=295
HMEM: write 0000000080006a68 with 0000000041c301bf ut=296
HMEM: write 0000000080006a6c with 00000000432eb0ce ut=297
HMEM: write 0000000080006a70 with 0000000043645d61 ut=298
HMEM: write 0000000080006a74 with 000000004375b1ac ut=299
HMEM: write 0000000080006a78 with 0000000042baaa20 ut=300
HMEM: write 0000000080006a7c with 000000004342ece6 ut=301
HMEM: write 0000000080006a80 with 00000000435c75b2 ut=302
HMEM: write 0000000080006a84 with 0000000042b04b9b ut=303
HMEM: write 0000000080006a88 with 0000000043236bfd ut=304
HMEM: write 0000000080006a8c with 0000000042d22191 ut=305
HMEM: write 0000000080006a90 with 0000000042b36b00 ut=306
HMEM: write 0000000080006a94 with 0000000042dc9030 ut=307
HMEM: write 0000000080006a98 with 00000000429c1af2 ut=308
HMEM: write 0000000080006a9c with 0000000042d410b1 ut=309
HMEM: write 0000000080006aa0 with 00000000426795cc ut=310
HMEM: write 0000000080006aa4 with 00000000417e9e7e ut=311
HMEM: write 0000000080006aa8 with 00000000437837a8 ut=312
HMEM: write 0000000080006aac with 0000000042f8731a ut=313
HMEM: write 0000000080006ab0 with 0000000042dd19a1 ut=314
HMEM: write 0000000080006ab4 with 0000000043217f68 ut=315
HMEM: write 0000000080006ab8 with 00000000436d66c2 ut=316
HMEM: write 0000000080006abc with 00000000436b0a19 ut=317
HMEM: write 0000000080006ac0 with 00000000438186bc ut=318
HMEM: write 0000000080006ac4 with 00000000434584bb ut=319
HMEM: write 0000000080006ac8 with 000000004303f05d ut=320
HMEM: write 0000000080006acc with 0000000042a0f016 ut=321
HMEM: write 0000000080006ad0 with 00000000421958e5 ut=322
HMEM: write 0000000080006ad4 with 000000004220df9e ut=323
HMEM: write 0000000080006ad8 with 000000004311e106 ut=324
HMEM: write 0000000080006adc with 00000000434d6307 ut=325
HMEM: write 0000000080006ae0 with 000000004305e1f7 ut=326
HMEM: write 0000000080006ae4 with 0000000042b0221a ut=327
HMEM: write 0000000080006ae8 with 0000000041f9372c ut=328
HMEM: write 0000000080006aec with 0000000042c65f7e ut=329
HMEM: write 0000000080006af0 with 00000000416d74fb ut=330
HMEM: write 0000000080006af4 with 00000000412cc84b ut=331
HMEM: write 0000000080006af8 with 0000000043653034 ut=332
HMEM: write 0000000080006afc with 00000000436d363c ut=333
HMEM: write 0000000080006b00 with 000000004241f675 ut=334
HMEM: write 0000000080006b04 with 000000004382cd2a ut=335
HMEM: write 0000000080006b08 with 0000000043772ae3 ut=336
HMEM: write 0000000080006b0c with 0000000042712e68 ut=337
HMEM: write 0000000080006b10 with 0000000042d7d578 ut=338
HMEM: write 0000000080006b14 with 00000000436b2524 ut=339
HMEM: write 0000000080006b18 with 000000004346234f ut=340
HMEM: write 0000000080006b1c with 0000000043158564 ut=341
HMEM: write 0000000080006b20 with 0000000043878abe ut=342
HMEM: write 0000000080006b24 with 000000004303b41d ut=343
HMEM: write 0000000080006b28 with 00000000432ceb91 ut=344
HMEM: write 0000000080006b2c with 00000000427443dc ut=345
HMEM: write 0000000080006b30 with 00000000420bcbc0 ut=346
HMEM: write 0000000080006b34 with 0000000042dcdd27 ut=347
HMEM: write 0000000080006b38 with 0000000041f72958 ut=348
HMEM: write 0000000080006b3c with 00000000425249df ut=349
HMEM: write 0000000080006b40 with 0000000042b60ab5 ut=350
HMEM: write 0000000080006b44 with 0000000042cb4190 ut=351
HMEM: write 0000000080006b48 with 0000000042219bc1 ut=352
HMEM: write 0000000080006b4c with 0000000043810c93 ut=353
HMEM: write 0000000080006b50 with 000000004353c371 ut=354
HMEM: write 0000000080006b54 with 00000000420cd298 ut=355
HMEM: write 0000000080006b58 with 00000000430f8c25 ut=356
HMEM: write 0000000080006b5c with 000000004301113f ut=357
HMEM: write 0000000080006b60 with 0000000043215e40 ut=358
HMEM: write 0000000080006b64 with 0000000042f694e4 ut=359
HMEM: write 0000000080006b68 with 00000000425124dc ut=360
HMEM: write 0000000080006b6c with 000000004329a912 ut=361
HMEM: write 0000000080006b70 with 000000004375bc6c ut=362
HMEM: write 0000000080006b74 with 0000000042ef9dc1 ut=363
HMEM: write 0000000080006b78 with 0000000042a664d5 ut=364
HMEM: write 0000000080006b7c with 000000004264d4e8 ut=365
HMEM: write 0000000080006b80 with 000000004282619f ut=366
HMEM: write 0000000080006b84 with 000000004295046c ut=367
HMEM: write 0000000080006b88 with 0000000042eda593 ut=368
HMEM: write 0000000080006b8c with 000000004372038f ut=369
HMEM: write 0000000080006b90 with 0000000041d1c828 ut=370
HMEM: write 0000000080006b94 with 00000000420876d9 ut=371
HMEM: write 0000000080006b98 with 00000000435baf2b ut=372
HMEM: write 0000000080006b9c with 00000000426427e8 ut=373
HMEM: write 0000000080006ba0 with 000000004385003a ut=374
HMEM: write 0000000080006ba4 with 00000000428291e4 ut=375
HMEM: write 0000000080006ba8 with 00000000427eddff ut=376
HMEM: write 0000000080006bac with 000000004362c9d9 ut=377
HMEM: write 0000000080006bb0 with 0000000042430ab0 ut=378
HMEM: write 0000000080006bb4 with 0000000041a46d1c ut=379
HMEM: write 0000000080006bb8 with 0000000042ce9890 ut=380
HMEM: write 0000000080006bbc with 00000000435be354 ut=381
HMEM: write 0000000080006bc0 with 00000000435e5e74 ut=382
HMEM: write 0000000080006bc4 with 0000000043015e07 ut=383
HMEM: write 0000000080006bc8 with 0000000042252360 ut=384
HMEM: write 0000000080006bcc with 00000000431ce524 ut=385
HMEM: write 0000000080006bd0 with 0000000042af13fe ut=386
HMEM: write 0000000080006bd4 with 00000000435ebb7f ut=387
HMEM: write 0000000080006bd8 with 00000000422fffb9 ut=388
HMEM: write 0000000080006bdc with 0000000042f69eed ut=389
HMEM: write 0000000080006be0 with 00000000429a8972 ut=390
HMEM: write 0000000080006be4 with 000000004381440a ut=391
HMEM: write 0000000080006be8 with 0000000043806297 ut=392
HMEM: write 0000000080006bec with 0000000042956013 ut=393
HMEM: write 0000000080006bf0 with 0000000042e44904 ut=394
HMEM: write 0000000080006bf4 with 0000000043167dc7 ut=395
HMEM: write 0000000080006bf8 with 00000000429a747e ut=396
HMEM: write 0000000080006bfc with 0000000042b41f9f ut=397
HMEM: write 0000000080006c00 with 00000000422cca64 ut=398
HMEM: write 0000000080006c04 with 0000000042775db9 ut=399
HMEM: write 0000000080006c08 with 00000000426dcb99 ut=400
HMEM: write 0000000080006c0c with 000000004313ce78 ut=401
HMEM: write 0000000080006c10 with 00000000426360ca ut=402
HMEM: write 0000000080006c14 with 0000000041f71703 ut=403
HMEM: write 0000000080006c18 with 0000000041800e78 ut=404
HMEM: write 0000000080006c1c with 0000000042ff2d8d ut=405
HMEM: write 0000000080006c20 with 0000000042597739 ut=406
HMEM: write 0000000080006c24 with 0000000041cdc7d6 ut=407
HMEM: write 0000000080006c28 with 0000000043155364 ut=408
HMEM: write 0000000080006c2c with 0000000043249680 ut=409
HMEM: write 0000000080006c30 with 0000000042a412fd ut=410
HMEM: write 0000000080006c34 with 00000000431ed044 ut=411
HMEM: write 0000000080006c38 with 000000004330d29a ut=412
HMEM: write 0000000080006c3c with 00000000427bef2a ut=413
HMEM: write 0000000080006c40 with 000000004346e378 ut=414
HMEM: write 0000000080006c44 with 00000000434a1945 ut=415
HMEM: write 0000000080006c48 with 00000000428d132b ut=416
HMEM: write 0000000080006c4c with 0000000041af91b1 ut=417
HMEM: write 0000000080006c50 with 0000000042dd1933 ut=418
HMEM: write 0000000080006c54 with 00000000425985ce ut=419
HMEM: write 0000000080006c58 with 000000004383731a ut=420
HMEM: write 0000000080006c5c with 0000000042ba64d9 ut=421
HMEM: write 0000000080006c60 with 000000004292c30d ut=422
HMEM: write 0000000080006c64 with 00000000424fa4a0 ut=423
HMEM: write 0000000080006c68 with 000000004247a6db ut=424
HMEM: write 0000000080006c6c with 0000000041835888 ut=425
HMEM: write 0000000080006c70 with 00000000436c478b ut=426
HMEM: write 0000000080006c74 with 0000000040753c4b ut=427
HMEM: write 0000000080006c78 with 0000000041ebe48e ut=428
HMEM: write 0000000080006c7c with 0000000042d17c47 ut=429
HMEM: write 0000000080006c80 with 00000000431511cf ut=430
HMEM: write 0000000080006c84 with 00000000432c523b ut=431
HMEM: write 0000000080006c88 with 000000004200d0a4 ut=432
HMEM: write 0000000080006c8c with 0000000041f88dd3 ut=433
HMEM: write 0000000080006c90 with 00000000432cb07c ut=434
HMEM: write 0000000080006c94 with 0000000043031605 ut=435
HMEM: write 0000000080006c98 with 00000000436c74d4 ut=436
HMEM: write 0000000080006c9c with 0000000043610c48 ut=437
HMEM: write 0000000080006ca0 with 000000004240c1f4 ut=438
HMEM: write 0000000080006ca4 with 000000004229a5ce ut=439
HMEM: write 0000000080006ca8 with 0000000042123b46 ut=440
HMEM: write 0000000080006cac with 0000000041c661d3 ut=441
HMEM: write 0000000080006cb0 with 00000000428a2796 ut=442
HMEM: write 0000000080006cb4 with 0000000042793afe ut=443
HMEM: write 0000000080006cb8 with 0000000042ce0668 ut=444
HMEM: write 0000000080006cbc with 000000004338075c ut=445
HMEM: write 0000000080006cc0 with 00000000429a31e9 ut=446
HMEM: write 0000000080006cc4 with 0000000043519516 ut=447
HMEM: write 0000000080006cc8 with 00000000422b622c ut=448
HMEM: write 0000000080006ccc with 00000000431d294e ut=449
HMEM: write 0000000080006cd0 with 00000000426ccf40 ut=450
HMEM: write 0000000080006cd4 with 0000000043169c60 ut=451
HMEM: write 0000000080006cd8 with 000000004349570a ut=452
HMEM: write 0000000080006cdc with 00000000429b9651 ut=453
HMEM: write 0000000080006ce0 with 0000000042c368c4 ut=454
HMEM: write 0000000080006ce4 with 0000000042fd16b0 ut=455
HMEM: write 0000000080006ce8 with 000000004327853f ut=456
HMEM: write 0000000080006cec with 00000000420216cd ut=457
HMEM: write 0000000080006cf0 with 000000004332f743 ut=458
HMEM: write 0000000080006cf4 with 0000000042499bc6 ut=459
HMEM: write 0000000080006cf8 with 0000000042a2e989 ut=460
HMEM: write 0000000080006cfc with 000000004301ea54 ut=461
HMEM: write 0000000080006d00 with 0000000041eb1654 ut=462
HMEM: write 0000000080006d04 with 0000000042819676 ut=463
HMEM: write 0000000080006d08 with 00000000431058ad ut=464
HMEM: write 0000000080006d0c with 0000000041918961 ut=465
HMEM: write 0000000080006d10 with 00000000437d154e ut=466
HMEM: write 0000000080006d14 with 000000004131163a ut=467
HMEM: write 0000000080006d18 with 00000000428dd575 ut=468
HMEM: write 0000000080006d1c with 00000000432cae46 ut=469
HMEM: write 0000000080006d20 with 000000004343f791 ut=470
HMEM: write 0000000080006d24 with 000000004316c8b0 ut=471
HMEM: write 0000000080006d28 with 00000000428aa8bb ut=472
HMEM: write 0000000080006d2c with 000000004251b030 ut=473
HMEM: write 0000000080006d30 with 00000000422dafab ut=474
HMEM: write 0000000080006d34 with 0000000042016ae1 ut=475
HMEM: write 0000000080006d38 with 0000000043192270 ut=476
HMEM: write 0000000080006d3c with 0000000042e44720 ut=477
HMEM: write 0000000080006d40 with 00000000426745ab ut=478
HMEM: write 0000000080006d44 with 0000000042971aab ut=479
HMEM: write 0000000080006d48 with 00000000434aa794 ut=480
HMEM: write 0000000080006d4c with 0000000042c3692a ut=481
HMEM: write 0000000080006d50 with 0000000042a472b7 ut=482
HMEM: write 0000000080006d54 with 00000000419c7125 ut=483
HMEM: write 0000000080006d58 with 0000000042851600 ut=484
HMEM: write 0000000080006d5c with 000000004236b0ca ut=485
HMEM: write 0000000080006d60 with 0000000042204772 ut=486
HMEM: write 0000000080006d64 with 0000000042005cd9 ut=487
HMEM: write 0000000080006d68 with 00000000418cef1b ut=488
HMEM: write 0000000080006d6c with 0000000042a475b0 ut=489
HMEM: write 0000000080006d70 with 000000004350b6a0 ut=490
HMEM: write 0000000080006d74 with 0000000043812f13 ut=491
HMEM: write 0000000080006d78 with 00000000429dd00a ut=492
HMEM: write 0000000080006d7c with 00000000427bb31c ut=493
HMEM: write 0000000080006d80 with 00000000434597b0 ut=494
HMEM: write 0000000080006d84 with 000000004375b34f ut=495
HMEM: write 0000000080006d88 with 0000000042d491bf ut=496
HMEM: write 0000000080006d8c with 00000000433935fc ut=497
HMEM: write 0000000080006d90 with 0000000043605b18 ut=498
HMEM: write 0000000080006d94 with 000000004349fe68 ut=499
HMEM: write 0000000080006d98 with 0000000042ee7f24 ut=500
HMEM: write 0000000080006d9c with 0000000043587688 ut=501
HMEM: write 0000000080006da0 with 00000000435327b3 ut=502
HMEM: write 0000000080006da4 with 0000000042f3ff90 ut=503
HMEM: write 0000000080006da8 with 0000000043374678 ut=504
HMEM: write 0000000080006dac with 00000000433ff2b9 ut=505
HMEM: write 0000000080006db0 with 000000004384f0e8 ut=506
HMEM: write 0000000080006db4 with 000000004289ec66 ut=507
HMEM: write 0000000080006db8 with 00000000436abc5f ut=508
HMEM: write 0000000080006dbc with 0000000043069e79 ut=509
HMEM: write 0000000080006dc0 with 0000000042f5eb26 ut=510
HMEM: write 0000000080006dc4 with 0000000042999d69 ut=511
H: WT pc=0000000080002080 inst=8000080002022f3f next=0000000080002088 vl=512 act=ffffffffffffffffffffffffffffffffffffffffffffffffffffffffffffffffffffffffffffffffffffffffffffffffffffffffffffffffffffffffffffffff
H: WT pc=0000000080002088 inst=86aa04040201063f next=0000000080002090 vl=512 act=ffffffffffffffffffffffffffffffffffffffffffffffffffffffffffffffffffffffffffffffffffffffffffffffffffffffffffffffffffffffffffffffff
H: WT pc=0000000080002090 inst=87ba06060101063f next=0000000080002098 vl=512 act=ffffffffffffffffffffffffffffffffffffffffffffffffffffffffffffffffffffffffffffffffffffffffffffffffffffffffffffffffffffffffffffffff
H: WT pc=0000000080002098 inst=0000000000000c3f next=00000000800020a0 vl=512 act=-
H: WT pc=0000000080002010 inst=87fe00000000063f next=0000000080002018 vl=512 act=ffffffffffffffffffffffffffffffffffffffffffffffffffffffffffffffffffffffffffffffffffffffffffffffffffffffffffffffffffffffffffffffff
H: WT pc=0000000080002018 inst=805800000000063f next=0000000080002020 vl=512 act=ffffffffffffffffffffffffffffffffffffffffffffffffffffffffffffffffffffffffffffffffffffffffffffffffffffffffffffffffffffffffffffffff
H: WT pc=0000000080002020 inst=c000007e0000063f next=0000000080002028 vl=512 act=ffffffffffffffffffffffffffffffffffffffffffffffffffffffffffffffffffffffffffffffffffffffffffffffffffffffffffffffffffffffffffffffff
H: WT pc=0000000080002028 inst=c012007c0001063f next=0000000080002030 vl=512 act=ffffffffffffffffffffffffffffffffffffffffffffffffffffffffffffffffffffffffffffffffffffffffffffffffffffffffffffffffffffffffffffffff
H: WT pc=0000000080002030 inst=860202020002063f next=0000000080002038 vl=512 act=ffffffffffffffffffffffffffffffffffffffffffffffffffffffffffffffffffffffffffffffffffffffffffffffffffffffffffffffffffffffffffffffff
H: WT pc=0000000080002038 inst=840a02020003063f next=0000000080002040 vl=512 act=ffffffffffffffffffffffffffffffffffffffffffffffffffffffffffffffffffffffffffffffffffffffffffffffffffffffffffffffffffffffffffffffff
H: WT pc=0000000080002040 inst=0000004900012dbf next=0000000080002048 vl=512 act=-
HMEM: read from 0000000080006dc8 ut=0
HMEM: read from 0000000080006dd0 ut=1
HMEM: read from 0000000080006dd8 ut=2
HMEM: read from 0000000080006de0 ut=3
HMEM: read from 0000000080006de8 ut=4
HMEM: read from 0000000080006df0 ut=5
HMEM: read from 0000000080006df8 ut=6
HMEM: read from 0000000080006e00 ut=7
HMEM: read from 0000000080006e08 ut=8
HMEM: read from 0000000080006e10 ut=9
HMEM: read from 0000000080006e18 ut=10
HMEM: read from 0000000080006e20 ut=11
HMEM: read from 0000000080006e28 ut=12
HMEM: read from 0000000080006e30 ut=13
HMEM: read from 0000000080006e38 ut=14
HMEM: read from 0000000080006e40 ut=15
HMEM: read from 0000000080006e48 ut=16
HMEM: read from 0000000080006e50 ut=17
HMEM: read from 0000000080006e58 ut=18
HMEM: read from 0000000080006e60 ut=19
HMEM: read from 0000000080006e68 ut=20
HMEM: read from 0000000080006e70 ut=21
HMEM: read from 0000000080006e78 ut=22
HMEM: read from 0000000080006e80 ut=23
HMEM: read from 0000000080006e88 ut=24
HMEM: read from 0000000080006e90 ut=25
HMEM: read from 0000000080006e98 ut=26
HMEM: read from 0000000080006ea0 ut=27
HMEM: read from 0000000080006ea8 ut=28
HMEM: read from 0000000080006eb0 ut=29
HMEM: read from 0000000080006eb8 ut=30
HMEM: read from 0000000080006ec0 ut=31
HMEM: read from 0000000080006ec8 ut=32
HMEM: read from 0000000080006ed0 ut=33
HMEM: read from 0000000080006ed8 ut=34
HMEM: read from 0000000080006ee0 ut=35
HMEM: read from 0000000080006ee8 ut=36
HMEM: read from 0000000080006ef0 ut=37
HMEM: read from 0000000080006ef8 ut=38
HMEM: read from 0000000080006f00 ut=39
HMEM: read from 0000000080006f08 ut=40
HMEM: read from 0000000080006f10 ut=41
HMEM: read from 0000000080006f18 ut=42
HMEM: read from 0000000080006f20 ut=43
HMEM: read from 0000000080006f28 ut=44
HMEM: read from 0000000080006f30 ut=45
HMEM: read from 0000000080006f38 ut=46
HMEM: read from 0000000080006f40 ut=47
HMEM: read from 0000000080006f48 ut=48
HMEM: read from 0000000080006f50 ut=49
HMEM: read from 0000000080006f58 ut=50
HMEM: read from 0000000080006f60 ut=51
HMEM: read from 0000000080006f68 ut=52
HMEM: read from 0000000080006f70 ut=53
HMEM: read from 0000000080006f78 ut=54
HMEM: read from 0000000080006f80 ut=55
HMEM: read from 0000000080006f88 ut=56
HMEM: read from 0000000080006f90 ut=57
HMEM: read from 0000000080006f98 ut=58
HMEM: read from 0000000080006fa0 ut=59
HMEM: read from 0000000080006fa8 ut=60
HMEM: read from 0000000080006fb0 ut=61
HMEM: read from 0000000080006fb8 ut=62
HMEM: read from 0000000080006fc0 ut=63
HMEM: read from 0000000080006fc8 ut=64
HMEM: read from 0000000080006fd0 ut=65
HMEM: read from 0000000080006fd8 ut=66
HMEM: read from 0000000080006fe0 ut=67
HMEM: read from 0000000080006fe8 ut=68
HMEM: read from 0000000080006ff0 ut=69
HMEM: read from 0000000080006ff8 ut=70
HMEM: read from 0000000080007000 ut=71
HMEM: read from 0000000080007008 ut=72
HMEM: read from 0000000080007010 ut=73
HMEM: read from 0000000080007018 ut=74
HMEM: read from 0000000080007020 ut=75
HMEM: read from 0000000080007028 ut=76
HMEM: read from 0000000080007030 ut=77
HMEM: read from 0000000080007038 ut=78
HMEM: read from 0000000080007040 ut=79
HMEM: read from 0000000080007048 ut=80
HMEM: read from 0000000080007050 ut=81
HMEM: read from 0000000080007058 ut=82
HMEM: read from 0000000080007060 ut=83
HMEM: read from 0000000080007068 ut=84
HMEM: read from 0000000080007070 ut=85
HMEM: read from 0000000080007078 ut=86
HMEM: read from 0000000080007080 ut=87
HMEM: read from 0000000080007088 ut=88
HMEM: read from 0000000080007090 ut=89
HMEM: read from 0000000080007098 ut=90
HMEM: read from 00000000800070a0 ut=91
HMEM: read from 00000000800070a8 ut=92
HMEM: read from 00000000800070b0 ut=93
HMEM: read from 00000000800070b8 ut=94
HMEM: read from 00000000800070c0 ut=95
HMEM: read from 00000000800070c8 ut=96
HMEM: read from 00000000800070d0 ut=97
HMEM: read from 00000000800070d8 ut=98
HMEM: read from 00000000800070e0 ut=99
HMEM: read from 00000000800070e8 ut=100
HMEM: read from 00000000800070f0 ut=101
HMEM: read from 00000000800070f8 ut=102
HMEM: read from 0000000080007100 ut=103
HMEM: read from 0000000080007108 ut=104
HMEM: read from 0000000080007110 ut=105
HMEM: read from 0000000080007118 ut=106
HMEM: read from 0000000080007120 ut=107
HMEM: read from 0000000080007128 ut=108
HMEM: read from 0000000080007130 ut=109
HMEM: read from 0000000080007138 ut=110
HMEM: read from 0000000080007140 ut=111
HMEM: read from 0000000080007148 ut=112
HMEM: read from 0000000080007150 ut=113
HMEM: read from 0000000080007158 ut=114
HMEM: read from 0000000080007160 ut=115
HMEM: read from 0000000080007168 ut=116
HMEM: read from 0000000080007170 ut=117
HMEM: read from 0000000080007178 ut=118
HMEM: read from 0000000080007180 ut=119
HMEM: read from 0000000080007188 ut=120
HMEM: read from 0000000080007190 ut=121
HMEM: read from 0000000080007198 ut=122
HMEM: read from 00000000800071a0 ut=123
HMEM: read from 00000000800071a8 ut=124
HMEM: read from 00000000800071b0 ut=125
HMEM: read from 00000000800071b8 ut=126
HMEM: read from 00000000800071c0 ut=127
HMEM: read from 00000000800071c8 ut=128
HMEM: read from 00000000800071d0 ut=129
HMEM: read from 00000000800071d8 ut=130
HMEM: read from 00000000800071e0 ut=131
HMEM: read from 00000000800071e8 ut=132
HMEM: read from 00000000800071f0 ut=133
HMEM: read from 00000000800071f8 ut=134
HMEM: read from 0000000080007200 ut=135
HMEM: read from 0000000080007208 ut=136
HMEM: read from 0000000080007210 ut=137
HMEM: read from 0000000080007218 ut=138
HMEM: read from 0000000080007220 ut=139
HMEM: read from 0000000080007228 ut=140
HMEM: read from 0000000080007230 ut=141
HMEM: read from 0000000080007238 ut=142
HMEM: read from 0000000080007240 ut=143
HMEM: read from 0000000080007248 ut=144
HMEM: read from 0000000080007250 ut=145
HMEM: read from 0000000080007258 ut=146
HMEM: read from 0000000080007260 ut=147
HMEM: read from 0000000080007268 ut=148
HMEM: read from 0000000080007270 ut=149
HMEM: read from 0000000080007278 ut=150
HMEM: read from 0000000080007280 ut=151
HMEM: read from 0000000080007288 ut=152
HMEM: read from 0000000080007290 ut=153
HMEM: read from 0000000080007298 ut=154
HMEM: read from 00000000800072a0 ut=155
HMEM: read from 00000000800072a8 ut=156
HMEM: read from 00000000800072b0 ut=157
HMEM: read from 00000000800072b8 ut=158
HMEM: read from 00000000800072c0 ut=159
HMEM: read from 00000000800072c8 ut=160
HMEM: read from 00000000800072d0 ut=161
HMEM: read from 00000000800072d8 ut=162
HMEM: read from 00000000800072e0 ut=163
HMEM: read from 00000000800072e8 ut=164
HMEM: read from 00000000800072f0 ut=165
HMEM: read from 00000000800072f8 ut=166
HMEM: read from 0000000080007300 ut=167
HMEM: read from 0000000080007308 ut=168
HMEM: read from 0000000080007310 ut=169
HMEM: read from 0000000080007318 ut=170
HMEM: read from 0000000080007320 ut=171
HMEM: read from 0000000080007328 ut=172
HMEM: read from 0000000080007330 ut=173
HMEM: read from 0000000080007338 ut=174
HMEM: read from 0000000080007340 ut=175
HMEM: read from 0000000080007348 ut=176
HMEM: read from 0000000080007350 ut=177
HMEM: read from 0000000080007358 ut=178
HMEM: read from 0000000080007360 ut=179
HMEM: read from 0000000080007368 ut=180
HMEM: read from 0000000080007370 ut=181
HMEM: read from 0000000080007378 ut=182
HMEM: read from 0000000080007380 ut=183
HMEM: read from 0000000080007388 ut=184
HMEM: read from 0000000080007390 ut=185
HMEM: read from 0000000080007398 ut=186
HMEM: read from 00000000800073a0 ut=187
HMEM: read from 00000000800073a8 ut=188
HMEM: read from 00000000800073b0 ut=189
HMEM: read from 00000000800073b8 ut=190
HMEM: read from 00000000800073c0 ut=191
HMEM: read from 00000000800073c8 ut=192
HMEM: read from 00000000800073d0 ut=193
HMEM: read from 00000000800073d8 ut=194
HMEM: read from 00000000800073e0 ut=195
HMEM: read from 00000000800073e8 ut=196
HMEM: read from 00000000800073f0 ut=197
HMEM: read from 00000000800073f8 ut=198
HMEM: read from 0000000080007400 ut=199
HMEM: read from 0000000080007408 ut=200
HMEM: read from 0000000080007410 ut=201
HMEM: read from 0000000080007418 ut=202
HMEM: read from 0000000080007420 ut=203
HMEM: read from 0000000080007428 ut=204
HMEM: read from 0000000080007430 ut=205
HMEM: read from 0000000080007438 ut=206
HMEM: read from 0000000080007440 ut=207
HMEM: read from 0000000080007448 ut=208
HMEM: read from 0000000080007450 ut=209
HMEM: read from 0000000080007458 ut=210
HMEM: read from 0000000080007460 ut=211
HMEM: read from 0000000080007468 ut=212
HMEM: read from 0000000080007470 ut=213
HMEM: read from 0000000080007478 ut=214
HMEM: read from 0000000080007480 ut=215
HMEM: read from 0000000080007488 ut=216
HMEM: read from 0000000080007490 ut=217
HMEM: read from 0000000080007498 ut=218
HMEM: read from 00000000800074a0 ut=219
HMEM: read from 00000000800074a8 ut=220
HMEM: read from 00000000800074b0 ut=221
HMEM: read from 00000000800074b8 ut=222
HMEM: read from 00000000800074c0 ut=223
HMEM: read from 00000000800074c8 ut=224
HMEM: read from 00000000800074d0 ut=225
HMEM: read from 00000000800074d8 ut=226
HMEM: read from 00000000800074e0 ut=227
HMEM: read from 00000000800074e8 ut=228
HMEM: read from 00000000800074f0 ut=229
HMEM: read from 00000000800074f8 ut=230
HMEM: read from 0000000080007500 ut=231
HMEM: read from 0000000080007508 ut=232
HMEM: read from 0000000080007510 ut=233
HMEM: read from 0000000080007518 ut=234
HMEM: read from 0000000080007520 ut=235
HMEM: read from 0000000080007528 ut=236
HMEM: read from 0000000080007530 ut=237
HMEM: read from 0000000080007538 ut=238
HMEM: read from 0000000080007540 ut=239
HMEM: read from 0000000080007548 ut=240
HMEM: read from 0000000080007550 ut=241
HMEM: read from 0000000080007558 ut=242
HMEM: read from 0000000080007560 ut=243
HMEM: read from 0000000080007568 ut=244
HMEM: read from 0000000080007570 ut=245
HMEM: read from 0000000080007578 ut=246
HMEM: read from 0000000080007580 ut=247
HMEM: read from 0000000080007588 ut=248
HMEM: read from 0000000080007590 ut=249
HMEM: read from 0000000080007598 ut=250
HMEM: read from 00000000800075a0 ut=251
HMEM: read from 00000000800075a8 ut=252
HMEM: read from 00000000800075b0 ut=253
HMEM: read from 00000000800075b8 ut=254
HMEM: read from 00000000800075c0 ut=255
HMEM: read from 00000000800075c8 ut=256
HMEM: read from 00000000800075d0 ut=257
HMEM: read from 00000000800075d8 ut=258
HMEM: read from 00000000800075e0 ut=259
HMEM: read from 00000000800075e8 ut=260
HMEM: read from 00000000800075f0 ut=261
HMEM: read from 00000000800075f8 ut=262
HMEM: read from 0000000080007600 ut=263
HMEM: read from 0000000080007608 ut=264
HMEM: read from 0000000080007610 ut=265
HMEM: read from 0000000080007618 ut=266
HMEM: read from 0000000080007620 ut=267
HMEM: read from 0000000080007628 ut=268
HMEM: read from 0000000080007630 ut=269
HMEM: read from 0000000080007638 ut=270
HMEM: read from 0000000080007640 ut=271
HMEM: read from 0000000080007648 ut=272
HMEM: read from 0000000080007650 ut=273
HMEM: read from 0000000080007658 ut=274
HMEM: read from 0000000080007660 ut=275
HMEM: read from 0000000080007668 ut=276
HMEM: read from 0000000080007670 ut=277
HMEM: read from 0000000080007678 ut=278
HMEM: read from 0000000080007680 ut=279
HMEM: read from 0000000080007688 ut=280
HMEM: read from 0000000080007690 ut=281
HMEM: read from 0000000080007698 ut=282
HMEM: read from 00000000800076a0 ut=283
HMEM: read from 00000000800076a8 ut=284
HMEM: read from 00000000800076b0 ut=285
HMEM: read from 00000000800076b8 ut=286
HMEM: read from 00000000800076c0 ut=287
HMEM: read from 00000000800076c8 ut=288
HMEM: read from 00000000800076d0 ut=289
HMEM: read from 00000000800076d8 ut=290
HMEM: read from 00000000800076e0 ut=291
HMEM: read from 00000000800076e8 ut=292
HMEM: read from 00000000800076f0 ut=293
HMEM: read from 00000000800076f8 ut=294
HMEM: read from 0000000080007700 ut=295
HMEM: read from 0000000080007708 ut=296
HMEM: read from 0000000080007710 ut=297
HMEM: read from 0000000080007718 ut=298
HMEM: read from 0000000080007720 ut=299
HMEM: read from 0000000080007728 ut=300
HMEM: read from 0000000080007730 ut=301
HMEM: read from 0000000080007738 ut=302
HMEM: read from 0000000080007740 ut=303
HMEM: read from 0000000080007748 ut=304
HMEM: read from 0000000080007750 ut=305
HMEM: read from 0000000080007758 ut=306
HMEM: read from 0000000080007760 ut=307
HMEM: read from 0000000080007768 ut=308
HMEM: read from 0000000080007770 ut=309
HMEM: read from 0000000080007778 ut=310
HMEM: read from 0000000080007780 ut=311
HMEM: read from 0000000080007788 ut=312
HMEM: read from 0000000080007790 ut=313
HMEM: read from 0000000080007798 ut=314
HMEM: read from 00000000800077a0 ut=315
HMEM: read from 00000000800077a8 ut=316
HMEM: read from 00000000800077b0 ut=317
HMEM: read from 00000000800077b8 ut=318
HMEM: read from 00000000800077c0 ut=319
HMEM: read from 00000000800077c8 ut=320
HMEM: read from 00000000800077d0 ut=321
HMEM: read from 00000000800077d8 ut=322
HMEM: read from 00000000800077e0 ut=323
HMEM: read from 00000000800077e8 ut=324
HMEM: read from 00000000800077f0 ut=325
HMEM: read from 00000000800077f8 ut=326
HMEM: read from 0000000080007800 ut=327
HMEM: read from 0000000080007808 ut=328
HMEM: read from 0000000080007810 ut=329
HMEM: read from 0000000080007818 ut=330
HMEM: read from 0000000080007820 ut=331
HMEM: read from 0000000080007828 ut=332
HMEM: read from 0000000080007830 ut=333
HMEM: read from 0000000080007838 ut=334
HMEM: read from 0000000080007840 ut=335
HMEM: read from 0000000080007848 ut=336
HMEM: read from 0000000080007850 ut=337
HMEM: read from 0000000080007858 ut=338
HMEM: read from 0000000080007860 ut=339
HMEM: read from 0000000080007868 ut=340
HMEM: read from 0000000080007870 ut=341
HMEM: read from 0000000080007878 ut=342
HMEM: read from 0000000080007880 ut=343
HMEM: read from 0000000080007888 ut=344
HMEM: read from 0000000080007890 ut=345
HMEM: read from 0000000080007898 ut=346
HMEM: read from 00000000800078a0 ut=347
HMEM: read from 00000000800078a8 ut=348
HMEM: read from 00000000800078b0 ut=349
HMEM: read from 00000000800078b8 ut=350
HMEM: read from 00000000800078c0 ut=351
HMEM: read from 00000000800078c8 ut=352
HMEM: read from 00000000800078d0 ut=353
HMEM: read from 00000000800078d8 ut=354
HMEM: read from 00000000800078e0 ut=355
HMEM: read from 00000000800078e8 ut=356
HMEM: read from 00000000800078f0 ut=357
HMEM: read from 00000000800078f8 ut=358
HMEM: read from 0000000080007900 ut=359
HMEM: read from 0000000080007908 ut=360
HMEM: read from 0000000080007910 ut=361
HMEM: read from 0000000080007918 ut=362
HMEM: read from 0000000080007920 ut=363
HMEM: read from 0000000080007928 ut=364
HMEM: read from 0000000080007930 ut=365
HMEM: read from 0000000080007938 ut=366
HMEM: read from 0000000080007940 ut=367
HMEM: read from 0000000080007948 ut=368
HMEM: read from 0000000080007950 ut=369
HMEM: read from 0000000080007958 ut=370
HMEM: read from 0000000080007960 ut=371
HMEM: read from 0000000080007968 ut=372
HMEM: read from 0000000080007970 ut=373
HMEM: read from 0000000080007978 ut=374
HMEM: read from 0000000080007980 ut=375
HMEM: read from 0000000080007988 ut=376
HMEM: read from 0000000080007990 ut=377
HMEM: read from 0000000080007998 ut=378
HMEM: read from 00000000800079a0 ut=379
HMEM: read from 00000000800079a8 ut=380
HMEM: read from 00000000800079b0 ut=381
HMEM: read from 00000000800079b8 ut=382
HMEM: read from 00000000800079c0 ut=383
HMEM: read from 00000000800079c8 ut=384
HMEM: read from 00000000800079d0 ut=385
HMEM: read from 00000000800079d8 ut=386
HMEM: read from 00000000800079e0 ut=387
HMEM: read from 00000000800079e8 ut=388
HMEM: read from 00000000800079f0 ut=389
HMEM: read from 00000000800079f8 ut=390
HMEM: read from 0000000080007a00 ut=391
HMEM: read from 0000000080007a08 ut=392
HMEM: read from 0000000080007a10 ut=393
HMEM: read from 0000000080007a18 ut=394
HMEM: read from 0000000080007a20 ut=395
HMEM: read from 0000000080007a28 ut=396
HMEM: read from 0000000080007a30 ut=397
HMEM: read from 0000000080007a38 ut=398
HMEM: read from 0000000080007a40 ut=399
HMEM: read from 0000000080007a48 ut=400
HMEM: read from 0000000080007a50 ut=401
HMEM: read from 0000000080007a58 ut=402
HMEM: read from 0000000080007a60 ut=403
HMEM: read from 0000000080007a68 ut=404
HMEM: read from 0000000080007a70 ut=405
HMEM: read from 0000000080007a78 ut=406
HMEM: read from 0000000080007a80 ut=407
HMEM: read from 0000000080007a88 ut=408
HMEM: read from 0000000080007a90 ut=409
HMEM: read from 0000000080007a98 ut=410
HMEM: read from 0000000080007aa0 ut=411
HMEM: read from 0000000080007aa8 ut=412
HMEM: read from 0000000080007ab0 ut=413
HMEM: read from 0000000080007ab8 ut=414
HMEM: read from 0000000080007ac0 ut=415
HMEM: read from 0000000080007ac8 ut=416
HMEM: read from 0000000080007ad0 ut=417
HMEM: read from 0000000080007ad8 ut=418
HMEM: read from 0000000080007ae0 ut=419
HMEM: read from 0000000080007ae8 ut=420
HMEM: read from 0000000080007af0 ut=421
HMEM: read from 0000000080007af8 ut=422
HMEM: read from 0000000080007b00 ut=423
HMEM: read from 0000000080007b08 ut=424
HMEM: read from 0000000080007b10 ut=425
HMEM: read from 0000000080007b18 ut=426
HMEM: read from 0000000080007b20 ut=427
HMEM: read from 0000000080007b28 ut=428
HMEM: read from 0000000080007b30 ut=429
HMEM: read from 0000000080007b38 ut=430
HMEM: read from 0000000080007b40 ut=431
HMEM: read from 0000000080007b48 ut=432
HMEM: read from 0000000080007b50 ut=433
HMEM: read from 0000000080007b58 ut=434
HMEM: read from 0000000080007b60 ut=435
HMEM: read from 0000000080007b68 ut=436
HMEM: read from 0000000080007b70 ut=437
HMEM: read from 0000000080007b78 ut=438
HMEM: read from 0000000080007b80 ut=439
HMEM: read from 0000000080007b88 ut=440
HMEM: read from 0000000080007b90 ut=441
HMEM: read from 0000000080007b98 ut=442
HMEM: read from 0000000080007ba0 ut=443
HMEM: read from 0000000080007ba8 ut=444
HMEM: read from 0000000080007bb0 ut=445
HMEM: read from 0000000080007bb8 ut=446
HMEM: read from 0000000080007bc0 ut=447
HMEM: read from 0000000080007bc8 ut=448
HMEM: read from 0000000080007bd0 ut=449
HMEM: read from 0000000080007bd8 ut=450
HMEM: read from 0000000080007be0 ut=451
HMEM: read from 0000000080007be8 ut=452
HMEM: read from 0000000080007bf0 ut=453
HMEM: read from 0000000080007bf8 ut=454
HMEM: read from 0000000080007c00 ut=455
HMEM: read from 0000000080007c08 ut=456
HMEM: read from 0000000080007c10 ut=457
HMEM: read from 0000000080007c18 ut=458
HMEM: read from 0000000080007c20 ut=459
HMEM: read from 0000000080007c28 ut=460
HMEM: read from 0000000080007c30 ut=461
HMEM: read from 0000000080007c38 ut=462
HMEM: read from 0000000080007c40 ut=463
HMEM: read from 0000000080007c48 ut=464
HMEM: read from 0000000080007c50 ut=465
HMEM: read from 0000000080007c58 ut=466
HMEM: read from 0000000080007c60 ut=467
HMEM: read from 0000000080007c68 ut=468
HMEM: read from 0000000080007c70 ut=469
HMEM: read from 0000000080007c78 ut=470
HMEM: read from 0000000080007c80 ut=471
HMEM: read from 0000000080007c88 ut=472
HMEM: read from 0000000080007c90 ut=473
HMEM: read from 0000000080007c98 ut=474
HMEM: read from 0000000080007ca0 ut=475
HMEM: read from 0000000080007ca8 ut=476
HMEM: read from 0000000080007cb0 ut=477
HMEM: read from 0000000080007cb8 ut=478
HMEM: read from 0000000080007cc0 ut=479
HMEM: read from 0000000080007cc8 ut=480
HMEM: read from 0000000080007cd0 ut=481
HMEM: read from 0000000080007cd8 ut=482
HMEM: read from 0000000080007ce0 ut=483
HMEM: read from 0000000080007ce8 ut=484
HMEM: read from 0000000080007cf0 ut=485
HMEM: read from 0000000080007cf8 ut=486
HMEM: read from 0000000080007d00 ut=487
HMEM: read from 0000000080007d08 ut=488
HMEM: read from 0000000080007d10 ut=489
HMEM: read from 0000000080007d18 ut=490
HMEM: read from 0000000080007d20 ut=491
HMEM: read from 0000000080007d28 ut=492
HMEM: read from 0000000080007d30 ut=493
HMEM: read from 0000000080007d38 ut=494
HMEM: read from 0000000080007d40 ut=495
HMEM: read from 0000000080007d48 ut=496
HMEM: read from 0000000080007d50 ut=497
HMEM: read from 0000000080007d58 ut=498
HMEM: read from 0000000080007d60 ut=499
HMEM: read from 0000000080007d68 ut=500
HMEM: read from 0000000080007d70 ut=501
HMEM: read from 0000000080007d78 ut=502
HMEM: read from 0000000080007d80 ut=503
HMEM: read from 0000000080007d88 ut=504
HMEM: read from 0000000080007d90 ut=505
HMEM: read from 0000000080007d98 ut=506
HMEM: read from 0000000080007da0 ut=507
HMEM: read from 0000000080007da8 ut=508
HMEM: read from 0000000080007db0 ut=509
HMEM: read from 0000000080007db8 ut=510
HMEM: read from 0000000080007dc0 ut=511
H: WT pc=0000000080002048 inst=80000a0600012b3f next=0000000080002050 vl=512 act=ffffffffffffffffffffffffffffffffffffffffffffffffffffffffffffffffffffffffffffffffffffffffffffffffffffffffffffffffffffffffffffffff
H: WT pc=0000000080002050 inst=a01c02023d022a3f next=0000000080002058 vl=512 act=ffffffffffffffffffffffffffffffffffffffffffffffffffffffffffffffffffffffffffffffffffffffffffffffffffffffffffffffffffffffffffffffff
HMEM: read from 0000000080006dcc ut=0
HMEM: read from 0000000080006dd4 ut=1
HMEM: read from 0000000080006ddc ut=2
HMEM: read from 0000000080006de4 ut=3
HMEM: read from 0000000080006dec ut=4
HMEM: read from 0000000080006df4 ut=5
HMEM: read from 0000000080006dfc ut=6
HMEM: read from 0000000080006e04 ut=7
HMEM: read from 0000000080006e0c ut=8
HMEM: read from 0000000080006e14 ut=9
HMEM: read from 0000000080006e1c ut=10
HMEM: read from 0000000080006e24 ut=11
HMEM: read from 0000000080006e2c ut=12
HMEM: read from 0000000080006e34 ut=13
HMEM: read from 0000000080006e3c ut=14
HMEM: read from 0000000080006e44 ut=15
HMEM: read from 0000000080006e4c ut=16
HMEM: read from 0000000080006e54 ut=17
HMEM: read from 0000000080006e5c ut=18
HMEM: read from 0000000080006e64 ut=19
HMEM: read from 0000000080006e6c ut=20
HMEM: read from 0000000080006e74 ut=21
HMEM: read from 0000000080006e7c ut=22
HMEM: read from 0000000080006e84 ut=23
HMEM: read from 0000000080006e8c ut=24
HMEM: read from 0000000080006e94 ut=25
HMEM: read from 0000000080006e9c ut=26
HMEM: read from 0000000080006ea4 ut=27
HMEM: read from 0000000080006eac ut=28
HMEM: read from 0000000080006eb4 ut=29
HMEM: read from 0000000080006ebc ut=30
HMEM: read from 0000000080006ec4 ut=31
HMEM: read from 0000000080006ecc ut=32
HMEM: read from 0000000080006ed4 ut=33
HMEM: read from 0000000080006edc ut=34
HMEM: read from 0000000080006ee4 ut=35
HMEM: read from 0000000080006eec ut=36
HMEM: read from 0000000080006ef4 ut=37
HMEM: read from 0000000080006efc ut=38
HMEM: read from 0000000080006f04 ut=39
HMEM: read from 0000000080006f0c ut=40
HMEM: read from 0000000080006f14 ut=41
HMEM: read from 0000000080006f1c ut=42
HMEM: read from 0000000080006f24 ut=43
HMEM: read from 0000000080006f2c ut=44
HMEM: read from 0000000080006f34 ut=45
HMEM: read from 0000000080006f3c ut=46
HMEM: read from 0000000080006f44 ut=47
HMEM: read from 0000000080006f4c ut=48
HMEM: read from 0000000080006f54 ut=49
HMEM: read from 0000000080006f5c ut=50
HMEM: read from 0000000080006f64 ut=51
HMEM: read from 0000000080006f6c ut=52
HMEM: read from 0000000080006f74 ut=53
HMEM: read from 0000000080006f7c ut=54
HMEM: read from 0000000080006f84 ut=55
HMEM: read from 0000000080006f8c ut=56
HMEM: read from 0000000080006f94 ut=57
HMEM: read from 0000000080006f9c ut=58
HMEM: read from 0000000080006fa4 ut=59
HMEM: read from 0000000080006fac ut=60
HMEM: read from 0000000080006fb4 ut=61
HMEM: read from 0000000080006fbc ut=62
HMEM: read from 0000000080006fc4 ut=63
HMEM: read from 0000000080006fcc ut=64
HMEM: read from 0000000080006fd4 ut=65
HMEM: read from 0000000080006fdc ut=66
HMEM: read from 0000000080006fe4 ut=67
HMEM: read from 0000000080006fec ut=68
HMEM: read from 0000000080006ff4 ut=69
HMEM: read from 0000000080006ffc ut=70
HMEM: read from 0000000080007004 ut=71
HMEM: read from 000000008000700c ut=72
HMEM: read from 0000000080007014 ut=73
HMEM: read from 000000008000701c ut=74
HMEM: read from 0000000080007024 ut=75
HMEM: read from 000000008000702c ut=76
HMEM: read from 0000000080007034 ut=77
HMEM: read from 000000008000703c ut=78
HMEM: read from 0000000080007044 ut=79
HMEM: read from 000000008000704c ut=80
HMEM: read from 0000000080007054 ut=81
HMEM: read from 000000008000705c ut=82
HMEM: read from 0000000080007064 ut=83
HMEM: read from 000000008000706c ut=84
HMEM: read from 0000000080007074 ut=85
HMEM: read from 000000008000707c ut=86
HMEM: read from 0000000080007084 ut=87
HMEM: read from 000000008000708c ut=88
HMEM: read from 0000000080007094 ut=89
HMEM: read from 000000008000709c ut=90
HMEM: read from 00000000800070a4 ut=91
HMEM: read from 00000000800070ac ut=92
HMEM: read from 00000000800070b4 ut=93
HMEM: read from 00000000800070bc ut=94
HMEM: read from 00000000800070c4 ut=95
HMEM: read from 00000000800070cc ut=96
HMEM: read from 00000000800070d4 ut=97
HMEM: read from 00000000800070dc ut=98
HMEM: read from 00000000800070e4 ut=99
HMEM: read from 00000000800070ec ut=100
HMEM: read from 00000000800070f4 ut=101
HMEM: read from 00000000800070fc ut=102
HMEM: read from 0000000080007104 ut=103
HMEM: read from 000000008000710c ut=104
HMEM: read from 0000000080007114 ut=105
HMEM: read from 000000008000711c ut=106
HMEM: read from 0000000080007124 ut=107
HMEM: read from 000000008000712c ut=108
HMEM: read from 0000000080007134 ut=109
HMEM: read from 000000008000713c ut=110
HMEM: read from 0000000080007144 ut=111
HMEM: read from 000000008000714c ut=112
HMEM: read from 0000000080007154 ut=113
HMEM: read from 000000008000715c ut=114
HMEM: read from 0000000080007164 ut=115
HMEM: read from 000000008000716c ut=116
HMEM: read from 0000000080007174 ut=117
HMEM: read from 000000008000717c ut=118
HMEM: read from 0000000080007184 ut=119
HMEM: read from 000000008000718c ut=120
HMEM: read from 0000000080007194 ut=121
HMEM: read from 000000008000719c ut=122
HMEM: read from 00000000800071a4 ut=123
HMEM: read from 00000000800071ac ut=124
HMEM: read from 00000000800071b4 ut=125
HMEM: read from 00000000800071bc ut=126
HMEM: read from 00000000800071c4 ut=127
HMEM: read from 00000000800071cc ut=128
HMEM: read from 00000000800071d4 ut=129
HMEM: read from 00000000800071dc ut=130
HMEM: read from 00000000800071e4 ut=131
HMEM: read from 00000000800071ec ut=132
HMEM: read from 00000000800071f4 ut=133
HMEM: read from 00000000800071fc ut=134
HMEM: read from 0000000080007204 ut=135
HMEM: read from 000000008000720c ut=136
HMEM: read from 0000000080007214 ut=137
HMEM: read from 000000008000721c ut=138
HMEM: read from 0000000080007224 ut=139
HMEM: read from 000000008000722c ut=140
HMEM: read from 0000000080007234 ut=141
HMEM: read from 000000008000723c ut=142
HMEM: read from 0000000080007244 ut=143
HMEM: read from 000000008000724c ut=144
HMEM: read from 0000000080007254 ut=145
HMEM: read from 000000008000725c ut=146
HMEM: read from 0000000080007264 ut=147
HMEM: read from 000000008000726c ut=148
HMEM: read from 0000000080007274 ut=149
HMEM: read from 000000008000727c ut=150
HMEM: read from 0000000080007284 ut=151
HMEM: read from 000000008000728c ut=152
HMEM: read from 0000000080007294 ut=153
HMEM: read from 000000008000729c ut=154
HMEM: read from 00000000800072a4 ut=155
HMEM: read from 00000000800072ac ut=156
HMEM: read from 00000000800072b4 ut=157
HMEM: read from 00000000800072bc ut=158
HMEM: read from 00000000800072c4 ut=159
HMEM: read from 00000000800072cc ut=160
HMEM: read from 00000000800072d4 ut=161
HMEM: read from 00000000800072dc ut=162
HMEM: read from 00000000800072e4 ut=163
HMEM: read from 00000000800072ec ut=164
HMEM: read from 00000000800072f4 ut=165
HMEM: read from 00000000800072fc ut=166
HMEM: read from 0000000080007304 ut=167
HMEM: read from 000000008000730c ut=168
HMEM: read from 0000000080007314 ut=169
HMEM: read from 000000008000731c ut=170
HMEM: read from 0000000080007324 ut=171
HMEM: read from 000000008000732c ut=172
HMEM: read from 0000000080007334 ut=173
HMEM: read from 000000008000733c ut=174
HMEM: read from 0000000080007344 ut=175
HMEM: read from 000000008000734c ut=176
HMEM: read from 0000000080007354 ut=177
HMEM: read from 000000008000735c ut=178
HMEM: read from 0000000080007364 ut=179
HMEM: read from 000000008000736c ut=180
HMEM: read from 0000000080007374 ut=181
HMEM: read from 000000008000737c ut=182
HMEM: read from 0000000080007384 ut=183
HMEM: read from 000000008000738c ut=184
HMEM: read from 0000000080007394 ut=185
HMEM: read from 000000008000739c ut=186
HMEM: read from 00000000800073a4 ut=187
HMEM: read from 00000000800073ac ut=188
HMEM: read from 00000000800073b4 ut=189
HMEM: read from 00000000800073bc ut=190
HMEM: read from 00000000800073c4 ut=191
HMEM: read from 00000000800073cc ut=192
HMEM: read from 00000000800073d4 ut=193
HMEM: read from 00000000800073dc ut=194
HMEM: read from 00000000800073e4 ut=195
HMEM: read from 00000000800073ec ut=196
HMEM: read from 00000000800073f4 ut=197
HMEM: read from 00000000800073fc ut=198
HMEM: read from 0000000080007404 ut=199
HMEM: read from 000000008000740c ut=200
HMEM: read from 0000000080007414 ut=201
HMEM: read from 000000008000741c ut=202
HMEM: read from 0000000080007424 ut=203
HMEM: read from 000000008000742c ut=204
HMEM: read from 0000000080007434 ut=205
HMEM: read from 000000008000743c ut=206
HMEM: read from 0000000080007444 ut=207
HMEM: read from 000000008000744c ut=208
HMEM: read from 0000000080007454 ut=209
HMEM: read from 000000008000745c ut=210
HMEM: read from 0000000080007464 ut=211
HMEM: read from 000000008000746c ut=212
HMEM: read from 0000000080007474 ut=213
HMEM: read from 000000008000747c ut=214
HMEM: read from 0000000080007484 ut=215
HMEM: read from 000000008000748c ut=216
HMEM: read from 0000000080007494 ut=217
HMEM: read from 000000008000749c ut=218
HMEM: read from 00000000800074a4 ut=219
HMEM: read from 00000000800074ac ut=220
HMEM: read from 00000000800074b4 ut=221
HMEM: read from 00000000800074bc ut=222
HMEM: read from 00000000800074c4 ut=223
HMEM: read from 00000000800074cc ut=224
HMEM: read from 00000000800074d4 ut=225
HMEM: read from 00000000800074dc ut=226
HMEM: read from 00000000800074e4 ut=227
HMEM: read from 00000000800074ec ut=228
HMEM: read from 00000000800074f4 ut=229
HMEM: read from 00000000800074fc ut=230
HMEM: read from 0000000080007504 ut=231
HMEM: read from 000000008000750c ut=232
HMEM: read from 0000000080007514 ut=233
HMEM: read from 000000008000751c ut=234
HMEM: read from 0000000080007524 ut=235
HMEM: read from 000000008000752c ut=236
HMEM: read from 0000000080007534 ut=237
HMEM: read from 000000008000753c ut=238
HMEM: read from 0000000080007544 ut=239
HMEM: read from 000000008000754c ut=240
HMEM: read from 0000000080007554 ut=241
HMEM: read from 000000008000755c ut=242
HMEM: read from 0000000080007564 ut=243
HMEM: read from 000000008000756c ut=244
HMEM: read from 0000000080007574 ut=245
HMEM: read from 000000008000757c ut=246
HMEM: read from 0000000080007584 ut=247
HMEM: read from 000000008000758c ut=248
HMEM: read from 0000000080007594 ut=249
HMEM: read from 000000008000759c ut=250
HMEM: read from 00000000800075a4 ut=251
HMEM: read from 00000000800075ac ut=252
HMEM: read from 00000000800075b4 ut=253
HMEM: read from 00000000800075bc ut=254
HMEM: read from 00000000800075c4 ut=255
HMEM: read from 00000000800075cc ut=256
HMEM: read from 00000000800075d4 ut=257
HMEM: read from 00000000800075dc ut=258
HMEM: read from 00000000800075e4 ut=259
HMEM: read from 00000000800075ec ut=260
HMEM: read from 00000000800075f4 ut=261
HMEM: read from 00000000800075fc ut=262
HMEM: read from 0000000080007604 ut=263
HMEM: read from 000000008000760c ut=264
HMEM: read from 0000000080007614 ut=265
HMEM: read from 000000008000761c ut=266
HMEM: read from 0000000080007624 ut=267
HMEM: read from 000000008000762c ut=268
HMEM: read from 0000000080007634 ut=269
HMEM: read from 000000008000763c ut=270
HMEM: read from 0000000080007644 ut=271
HMEM: read from 000000008000764c ut=272
HMEM: read from 0000000080007654 ut=273
HMEM: read from 000000008000765c ut=274
HMEM: read from 0000000080007664 ut=275
HMEM: read from 000000008000766c ut=276
HMEM: read from 0000000080007674 ut=277
HMEM: read from 000000008000767c ut=278
HMEM: read from 0000000080007684 ut=279
HMEM: read from 000000008000768c ut=280
HMEM: read from 0000000080007694 ut=281
HMEM: read from 000000008000769c ut=282
HMEM: read from 00000000800076a4 ut=283
HMEM: read from 00000000800076ac ut=284
HMEM: read from 00000000800076b4 ut=285
HMEM: read from 00000000800076bc ut=286
HMEM: read from 00000000800076c4 ut=287
HMEM: read from 00000000800076cc ut=288
HMEM: read from 00000000800076d4 ut=289
HMEM: read from 00000000800076dc ut=290
HMEM: read from 00000000800076e4 ut=291
HMEM: read from 00000000800076ec ut=292
HMEM: read from 00000000800076f4 ut=293
HMEM: read from 00000000800076fc ut=294
HMEM: read from 0000000080007704 ut=295
HMEM: read from 000000008000770c ut=296
HMEM: read from 0000000080007714 ut=297
HMEM: read from 000000008000771c ut=298
HMEM: read from 0000000080007724 ut=299
HMEM: read from 000000008000772c ut=300
HMEM: read from 0000000080007734 ut=301
HMEM: read from 000000008000773c ut=302
HMEM: read from 0000000080007744 ut=303
HMEM: read from 000000008000774c ut=304
HMEM: read from 0000000080007754 ut=305
HMEM: read from 000000008000775c ut=306
HMEM: read from 0000000080007764 ut=307
HMEM: read from 000000008000776c ut=308
HMEM: read from 0000000080007774 ut=309
HMEM: read from 000000008000777c ut=310
HMEM: read from 0000000080007784 ut=311
HMEM: read from 000000008000778c ut=312
HMEM: read from 0000000080007794 ut=313
HMEM: read from 000000008000779c ut=314
HMEM: read from 00000000800077a4 ut=315
HMEM: read from 00000000800077ac ut=316
HMEM: read from 00000000800077b4 ut=317
HMEM: read from 00000000800077bc ut=318
HMEM: read from 00000000800077c4 ut=319
HMEM: read from 00000000800077cc ut=320
HMEM: read from 00000000800077d4 ut=321
HMEM: read from 00000000800077dc ut=322
HMEM: read from 00000000800077e4 ut=323
HMEM: read from 00000000800077ec ut=324
HMEM: read from 00000000800077f4 ut=325
HMEM: read from 00000000800077fc ut=326
HMEM: read from 0000000080007804 ut=327
HMEM: read from 000000008000780c ut=328
HMEM: read from 0000000080007814 ut=329
HMEM: read from 000000008000781c ut=330
HMEM: read from 0000000080007824 ut=331
HMEM: read from 000000008000782c ut=332
HMEM: read from 0000000080007834 ut=333
HMEM: read from 000000008000783c ut=334
HMEM: read from 0000000080007844 ut=335
HMEM: read from 000000008000784c ut=336
HMEM: read from 0000000080007854 ut=337
HMEM: read from 000000008000785c ut=338
HMEM: read from 0000000080007864 ut=339
HMEM: read from 000000008000786c ut=340
HMEM: read from 0000000080007874 ut=341
HMEM: read from 000000008000787c ut=342
HMEM: read from 0000000080007884 ut=343
HMEM: read from 000000008000788c ut=344
HMEM: read from 0000000080007894 ut=345
HMEM: read from 000000008000789c ut=346
HMEM: read from 00000000800078a4 ut=347
HMEM: read from 00000000800078ac ut=348
HMEM: read from 00000000800078b4 ut=349
HMEM: read from 00000000800078bc ut=350
HMEM: read from 00000000800078c4 ut=351
HMEM: read from 00000000800078cc ut=352
HMEM: read from 00000000800078d4 ut=353
HMEM: read from 00000000800078dc ut=354
HMEM: read from 00000000800078e4 ut=355
HMEM: read from 00000000800078ec ut=356
HMEM: read from 00000000800078f4 ut=357
HMEM: read from 00000000800078fc ut=358
HMEM: read from 0000000080007904 ut=359
HMEM: read from 000000008000790c ut=360
HMEM: read from 0000000080007914 ut=361
HMEM: read from 000000008000791c ut=362
HMEM: read from 0000000080007924 ut=363
HMEM: read from 000000008000792c ut=364
HMEM: read from 0000000080007934 ut=365
HMEM: read from 000000008000793c ut=366
HMEM: read from 0000000080007944 ut=367
HMEM: read from 000000008000794c ut=368
HMEM: read from 0000000080007954 ut=369
HMEM: read from 000000008000795c ut=370
HMEM: read from 0000000080007964 ut=371
HMEM: read from 000000008000796c ut=372
HMEM: read from 0000000080007974 ut=373
HMEM: read from 000000008000797c ut=374
HMEM: read from 0000000080007984 ut=375
HMEM: read from 000000008000798c ut=376
HMEM: read from 0000000080007994 ut=377
HMEM: read from 000000008000799c ut=378
HMEM: read from 00000000800079a4 ut=379
HMEM: read from 00000000800079ac ut=380
HMEM: read from 00000000800079b4 ut=381
HMEM: read from 00000000800079bc ut=382
HMEM: read from 00000000800079c4 ut=383
HMEM: read from 00000000800079cc ut=384
HMEM: read from 00000000800079d4 ut=385
HMEM: read from 00000000800079dc ut=386
HMEM: read from 00000000800079e4 ut=387
HMEM: read from 00000000800079ec ut=388
HMEM: read from 00000000800079f4 ut=389
HMEM: read from 00000000800079fc ut=390
HMEM: read from 0000000080007a04 ut=391
HMEM: read from 0000000080007a0c ut=392
HMEM: read from 0000000080007a14 ut=393
HMEM: read from 0000000080007a1c ut=394
HMEM: read from 0000000080007a24 ut=395
HMEM: read from 0000000080007a2c ut=396
HMEM: read from 0000000080007a34 ut=397
HMEM: read from 0000000080007a3c ut=398
HMEM: read from 0000000080007a44 ut=399
HMEM: read from 0000000080007a4c ut=400
HMEM: read from 0000000080007a54 ut=401
HMEM: read from 0000000080007a5c ut=402
HMEM: read from 0000000080007a64 ut=403
HMEM: read from 0000000080007a6c ut=404
HMEM: read from 0000000080007a74 ut=405
HMEM: read from 0000000080007a7c ut=406
HMEM: read from 0000000080007a84 ut=407
HMEM: read from 0000000080007a8c ut=408
HMEM: read from 0000000080007a94 ut=409
HMEM: read from 0000000080007a9c ut=410
HMEM: read from 0000000080007aa4 ut=411
HMEM: read from 0000000080007aac ut=412
HMEM: read from 0000000080007ab4 ut=413
HMEM: read from 0000000080007abc ut=414
HMEM: read from 0000000080007ac4 ut=415
HMEM: read from 0000000080007acc ut=416
HMEM: read from 0000000080007ad4 ut=417
HMEM: read from 0000000080007adc ut=418
HMEM: read from 0000000080007ae4 ut=419
HMEM: read from 0000000080007aec ut=420
HMEM: read from 0000000080007af4 ut=421
HMEM: read from 0000000080007afc ut=422
HMEM: read from 0000000080007b04 ut=423
HMEM: read from 0000000080007b0c ut=424
HMEM: read from 0000000080007b14 ut=425
HMEM: read from 0000000080007b1c ut=426
HMEM: read from 0000000080007b24 ut=427
HMEM: read from 0000000080007b2c ut=428
HMEM: read from 0000000080007b34 ut=429
HMEM: read from 0000000080007b3c ut=430
HMEM: read from 0000000080007b44 ut=431
HMEM: read from 0000000080007b4c ut=432
HMEM: read from 0000000080007b54 ut=433
HMEM: read from 0000000080007b5c ut=434
HMEM: read from 0000000080007b64 ut=435
HMEM: read from 0000000080007b6c ut=436
HMEM: read from 0000000080007b74 ut=437
HMEM: read from 0000000080007b7c ut=438
HMEM: read from 0000000080007b84 ut=439
HMEM: read from 0000000080007b8c ut=440
HMEM: read from 0000000080007b94 ut=441
HMEM: read from 0000000080007b9c ut=442
HMEM: read from 0000000080007ba4 ut=443
HMEM: read from 0000000080007bac ut=444
HMEM: read from 0000000080007bb4 ut=445
HMEM: read from 0000000080007bbc ut=446
HMEM: read from 0000000080007bc4 ut=447
HMEM: read from 0000000080007bcc ut=448
HMEM: read from 0000000080007bd4 ut=449
HMEM: read from 0000000080007bdc ut=450
HMEM: read from 0000000080007be4 ut=451
HMEM: read from 0000000080007bec ut=452
HMEM: read from 0000000080007bf4 ut=453
HMEM: read from 0000000080007bfc ut=454
HMEM: read from 0000000080007c04 ut=455
HMEM: read from 0000000080007c0c ut=456
HMEM: read from 0000000080007c14 ut=457
HMEM: read from 0000000080007c1c ut=458
HMEM: read from 0000000080007c24 ut=459
HMEM: read from 0000000080007c2c ut=460
HMEM: read from 0000000080007c34 ut=461
HMEM: read from 0000000080007c3c ut=462
HMEM: read from 0000000080007c44 ut=463
HMEM: read from 0000000080007c4c ut=464
HMEM: read from 0000000080007c54 ut=465
HMEM: read from 0000000080007c5c ut=466
HMEM: read from 0000000080007c64 ut=467
HMEM: read from 0000000080007c6c ut=468
HMEM: read from 0000000080007c74 ut=469
HMEM: read from 0000000080007c7c ut=470
HMEM: read from 0000000080007c84 ut=471
HMEM: read from 0000000080007c8c ut=472
HMEM: read from 0000000080007c94 ut=473
HMEM: read from 0000000080007c9c ut=474
HMEM: read from 0000000080007ca4 ut=475
HMEM: read from 0000000080007cac ut=476
HMEM: read from 0000000080007cb4 ut=477
HMEM: read from 0000000080007cbc ut=478
HMEM: read from 0000000080007cc4 ut=479
HMEM: read from 0000000080007ccc ut=480
HMEM: read from 0000000080007cd4 ut=481
HMEM: read from 0000000080007cdc ut=482
HMEM: read from 0000000080007ce4 ut=483
HMEM: read from 0000000080007cec ut=484
HMEM: read from 0000000080007cf4 ut=485
HMEM: read from 0000000080007cfc ut=486
HMEM: read from 0000000080007d04 ut=487
HMEM: read from 0000000080007d0c ut=488
HMEM: read from 0000000080007d14 ut=489
HMEM: read from 0000000080007d1c ut=490
HMEM: read from 0000000080007d24 ut=491
HMEM: read from 0000000080007d2c ut=492
HMEM: read from 0000000080007d34 ut=493
HMEM: read from 0000000080007d3c ut=494
HMEM: read from 0000000080007d44 ut=495
HMEM: read from 0000000080007d4c ut=496
HMEM: read from 0000000080007d54 ut=497
HMEM: read from 0000000080007d5c ut=498
HMEM: read from 0000000080007d64 ut=499
HMEM: read from 0000000080007d6c ut=500
HMEM: read from 0000000080007d74 ut=501
HMEM: read from 0000000080007d7c ut=502
HMEM: read from 0000000080007d84 ut=503
HMEM: read from 0000000080007d8c ut=504
HMEM: read from 0000000080007d94 ut=505
HMEM: read from 0000000080007d9c ut=506
HMEM: read from 0000000080007da4 ut=507
HMEM: read from 0000000080007dac ut=508
HMEM: read from 0000000080007db4 ut=509
HMEM: read from 0000000080007dbc ut=510
HMEM: read from 0000000080007dc4 ut=511
H: WT pc=0000000080002058 inst=80000a0801012b3f next=0000000080002060 vl=512 act=ffffffffffffffffffffffffffffffffffffffffffffffffffffffffffffffffffffffffffffffffffffffffffffffffffffffffffffffffffffffffffffffff
H: WT pc=0000000080002060 inst=a01c02023c032a3f next=0000000080002068 vl=512 act=ffffffffffffffffffffffffffffffffffffffffffffffffffffffffffffffffffffffffffffffffffffffffffffffffffffffffffffffffffffffffffffffff
H: WT pc=0000000080002068 inst=e01c040603032a3f next=0000000080002070 vl=512 act=ffffffffffffffffffffffffffffffffffffffffffffffffffffffffffffffffffffffffffffffffffffffffffffffffffffffffffffffffffffffffffffffff
H: WT pc=0000000080002070 inst=f01c06040202283f next=0000000080002078 vl=512 act=ffffffffffffffffffffffffffffffffffffffffffffffffffffffffffffffffffffffffffffffffffffffffffffffffffffffffffffffffffffffffffffffff
H: WT pc=0000000080002078 inst=c01c160002022a3f next=0000000080002080 vl=512 act=ffffffffffffffffffffffffffffffffffffffffffffffffffffffffffffffffffffffffffffffffffffffffffffffffffffffffffffffffffffffffffffffff
HMEM: write 0000000080004dc8 with 0000000041c7be01 ut=0
HMEM: write 0000000080004dcc with 0000000042a13205 ut=1
HMEM: write 0000000080004dd0 with 0000000042cd7ff0 ut=2
HMEM: write 0000000080004dd4 with 000000004350bd63 ut=3
HMEM: write 0000000080004dd8 with 000000004357034b ut=4
HMEM: write 0000000080004ddc with 0000000043159e71 ut=5
HMEM: write 0000000080004de0 with 000000004382a6ba ut=6
HMEM: write 0000000080004de4 with 0000000042c76177 ut=7
HMEM: write 0000000080004de8 with 0000000043048cc0 ut=8
HMEM: write 0000000080004dec with 00000000436a1f6d ut=9
HMEM: write 0000000080004df0 with 00000000434faa03 ut=10
HMEM: write 0000000080004df4 with 00000000428cc2e4 ut=11
HMEM: write 0000000080004df8 with 0000000041ce7c97 ut=12
HMEM: write 0000000080004dfc with 00000000430b2d00 ut=13
HMEM: write 0000000080004e00 with 000000004184a32e ut=14
HMEM: write 0000000080004e04 with 0000000042ce7686 ut=15
HMEM: write 0000000080004e08 with 0000000041ebe0d4 ut=16
HMEM: write 0000000080004e0c with 0000000042b1bd44 ut=17
HMEM: write 0000000080004e10 with 0000000043681240 ut=18
HMEM: write 0000000080004e14 with 000000004377df7f ut=19
HMEM: write 0000000080004e18 with 0000000042aecde2 ut=20
HMEM: write 0000000080004e1c with 000000004319e9b0 ut=21
HMEM: write 0000000080004e20 with 0000000042c37197 ut=22
HMEM: write 0000000080004e24 with 000000004255664b ut=23
HMEM: write 0000000080004e28 with 0000000042118616 ut=24
HMEM: write 0000000080004e2c with 0000000042b1e020 ut=25
HMEM: write 0000000080004e30 with 000000004209a0d4 ut=26
HMEM: write 0000000080004e34 with 000000004332c099 ut=27
HMEM: write 0000000080004e38 with 0000000041cb1862 ut=28
HMEM: write 0000000080004e3c with 00000000437345b3 ut=29
HMEM: write 0000000080004e40 with 00000000429710ca ut=30
HMEM: write 0000000080004e44 with 00000000435f1666 ut=31
HMEM: write 0000000080004e48 with 00000000425e55c2 ut=32
HMEM: write 0000000080004e4c with 000000004385d618 ut=33
HMEM: write 0000000080004e50 with 000000004343f66d ut=34
HMEM: write 0000000080004e54 with 00000000426cc2bc ut=35
HMEM: write 0000000080004e58 with 0000000042535880 ut=36
HMEM: write 0000000080004e5c with 00000000426636be ut=37
HMEM: write 0000000080004e60 with 00000000438118e9 ut=38
HMEM: write 0000000080004e64 with 00000000431cf7cc ut=39
HMEM: write 0000000080004e68 with 0000000042a2feee ut=40
HMEM: write 0000000080004e6c with 00000000434107e1 ut=41
HMEM: write 0000000080004e70 with 000000004312c1bf ut=42
HMEM: write 0000000080004e74 with 00000000432ff7b6 ut=43
HMEM: write 0000000080004e78 with 0000000043809b20 ut=44
HMEM: write 0000000080004e7c with 000000004313b9a1 ut=45
HMEM: write 0000000080004e80 with 00000000438124de ut=46
HMEM: write 0000000080004e84 with 0000000042223905 ut=47
HMEM: write 0000000080004e88 with 0000000042673355 ut=48
HMEM: write 0000000080004e8c with 000000004285b731 ut=49
HMEM: write 0000000080004e90 with 000000004292a80b ut=50
HMEM: write 0000000080004e94 with 0000000041870bf1 ut=51
HMEM: write 0000000080004e98 with 00000000421f274e ut=52
HMEM: write 0000000080004e9c with 00000000421cc029 ut=53
HMEM: write 0000000080004ea0 with 000000004305b075 ut=54
HMEM: write 0000000080004ea4 with 00000000431499d1 ut=55
HMEM: write 0000000080004ea8 with 000000004375ad0d ut=56
HMEM: write 0000000080004eac with 0000000041dae48f ut=57
HMEM: write 0000000080004eb0 with 0000000042c9bd15 ut=58
HMEM: write 0000000080004eb4 with 00000000428c60e6 ut=59
HMEM: write 0000000080004eb8 with 0000000042cbc00e ut=60
HMEM: write 0000000080004ebc with 00000000413ecb13 ut=61
HMEM: write 0000000080004ec0 with 0000000042089951 ut=62
HMEM: write 0000000080004ec4 with 00000000422f85ad ut=63
HMEM: write 0000000080004ec8 with 00000000434b3cdb ut=64
HMEM: write 0000000080004ecc with 000000004228b322 ut=65
HMEM: write 0000000080004ed0 with 0000000042803173 ut=66
HMEM: write 0000000080004ed4 with 0000000041a869e1 ut=67
HMEM: write 0000000080004ed8 with 00000000435e6e11 ut=68
HMEM: write 0000000080004edc with 00000000432f9fad ut=69
HMEM: write 0000000080004ee0 with 0000000043266675 ut=70
HMEM: write 0000000080004ee4 with 00000000428ed404 ut=71
HMEM: write 0000000080004ee8 with 0000000042a756a1 ut=72
HMEM: write 0000000080004eec with 0000000041c5cf7d ut=73
HMEM: write 0000000080004ef0 with 000000004388bf1c ut=74
HMEM: write 0000000080004ef4 with 00000000431a4212 ut=75
HMEM: write 0000000080004ef8 with 00000000422633f7 ut=76
HMEM: write 0000000080004efc with 0000000041b8c06e ut=77
HMEM: write 0000000080004f00 with 0000000043725deb ut=78
HMEM: write 0000000080004f04 with 0000000042a5132b ut=79
HMEM: write 0000000080004f08 with 00000000422a2793 ut=80
HMEM: write 0000000080004f0c with 000000004380adf9 ut=81
HMEM: write 0000000080004f10 with 000000004371431e ut=82
HMEM: write 0000000080004f14 with 00000000431974ea ut=83
HMEM: write 0000000080004f18 with 000000004377da79 ut=84
HMEM: write 0000000080004f1c with 000000004272a800 ut=85
HMEM: write 0000000080004f20 with 00000000429d425d ut=86
HMEM: write 0000000080004f24 with 000000004366b315 ut=87
HMEM: write 0000000080004f28 with 00000000433b2e64 ut=88
HMEM: write 0000000080004f2c with 0000000042cb51d9 ut=89
HMEM: write 0000000080004f30 with 0000000041dd75f5 ut=90
HMEM: write 0000000080004f34 with 0000000042e03f7b ut=91
HMEM: write 0000000080004f38 with 000000004286d7c1 ut=92
HMEM: write 0000000080004f3c with 00000000424b1761 ut=93
HMEM: write 0000000080004f40 with 00000000426954b6 ut=94
HMEM: write 0000000080004f44 with 00000000429287df ut=95
HMEM: write 0000000080004f48 with 000000004296b9a2 ut=96
HMEM: write 0000000080004f4c with 000000004388aff6 ut=97
HMEM: write 0000000080004f50 with 000000004260d377 ut=98
HMEM: write 0000000080004f54 with 000000004209295f ut=99
HMEM: write 0000000080004f58 with 000000004206573a ut=100
HMEM: write 0000000080004f5c with 0000000042d9242d ut=101
HMEM: write 0000000080004f60 with 00000000437e0bf8 ut=102
HMEM: write 0000000080004f64 with 00000000429a294c ut=103
HMEM: write 0000000080004f68 with 0000000042cab0a1 ut=104
HMEM: write 0000000080004f6c with 0000000041b81718 ut=105
HMEM: write 0000000080004f70 with 0000000042e0284b ut=106
HMEM: write 0000000080004f74 with 0000000043073b52 ut=107
HMEM: write 0000000080004f78 with 0000000042f2fa13 ut=108
HMEM: write 0000000080004f7c with 0000000041e4689f ut=109
HMEM: write 0000000080004f80 with 0000000043546d78 ut=110
HMEM: write 0000000080004f84 with 000000004146efe4 ut=111
HMEM: write 0000000080004f88 with 00000000421d9a27 ut=112
HMEM: write 0000000080004f8c with 0000000043505ef0 ut=113
HMEM: write 0000000080004f90 with 0000000042a515c6 ut=114
HMEM: write 0000000080004f94 with 00000000428ad7b4 ut=115
HMEM: write 0000000080004f98 with 00000000416bf224 ut=116
HMEM: write 0000000080004f9c with 000000004341a88a ut=117
HMEM: write 0000000080004fa0 with 0000000042ec252b ut=118
HMEM: write 0000000080004fa4 with 0000000042de54cb ut=119
HMEM: write 0000000080004fa8 with 0000000042bb3aa0 ut=120
HMEM: write 0000000080004fac with 0000000042b4ae11 ut=121
HMEM: write 0000000080004fb0 with 000000004256687d ut=122
HMEM: write 0000000080004fb4 with 00000000436d0d8f ut=123
HMEM: write 0000000080004fb8 with 0000000041d62a13 ut=124
HMEM: write 0000000080004fbc with 0000000041995b85 ut=125
HMEM: write 0000000080004fc0 with 0000000042abe579 ut=126
HMEM: write 0000000080004fc4 with 00000000436ada5d ut=127
HMEM: write 0000000080004fc8 with 000000004312e35f ut=128
HMEM: write 0000000080004fcc with 000000004376c308 ut=129
HMEM: write 0000000080004fd0 with 00000000434e527f ut=130
HMEM: write 0000000080004fd4 with 00000000428b996f ut=131
HMEM: write 0000000080004fd8 with 0000000042b4bbdf ut=132
HMEM: write 0000000080004fdc with 0000000042cf711d ut=133
HMEM: write 0000000080004fe0 with 0000000042a38a8d ut=134
HMEM: write 0000000080004fe4 with 0000000042545a2a ut=135
HMEM: write 0000000080004fe8 with 0000000042211b8c ut=136
HMEM: write 0000000080004fec with 00000000428445d7 ut=137
HMEM: write 0000000080004ff0 with 0000000042452e00 ut=138
HMEM: write 0000000080004ff4 with 0000000042202abf ut=139
HMEM: write 0000000080004ff8 with 00000000436ec384 ut=140
HMEM: write 0000000080004ffc with 000000004265177d ut=141
HMEM: write 0000000080005000 with 00000000428bd9e5 ut=142
HMEM: write 0000000080005004 with 0000000042513cab ut=143
HMEM: write 0000000080005008 with 0000000043328398 ut=144
HMEM: write 000000008000500c with 00000000433f10ba ut=145
HMEM: write 0000000080005010 with 00000000430e8f4d ut=146
HMEM: write 0000000080005014 with 0000000042138dee ut=147
HMEM: write 0000000080005018 with 0000000042959ab2 ut=148
HMEM: write 000000008000501c with 000000004201b8d6 ut=149
HMEM: write 0000000080005020 with 0000000043628d4b ut=150
HMEM: write 0000000080005024 with 00000000425fa31c ut=151
HMEM: write 0000000080005028 with 00000000434fec62 ut=152
HMEM: write 000000008000502c with 0000000042f77fb0 ut=153
HMEM: write 0000000080005030 with 00000000434ab442 ut=154
HMEM: write 0000000080005034 with 00000000436a7693 ut=155
HMEM: write 0000000080005038 with 000000004219c9ef ut=156
HMEM: write 000000008000503c with 000000004113568c ut=157
HMEM: write 0000000080005040 with 00000000429fa25d ut=158
HMEM: write 0000000080005044 with 0000000042930d4a ut=159
HMEM: write 0000000080005048 with 000000004191bd82 ut=160
HMEM: write 000000008000504c with 000000004351be20 ut=161
HMEM: write 0000000080005050 with 00000000433706f0 ut=162
HMEM: write 0000000080005054 with 00000000427a5815 ut=163
HMEM: write 0000000080005058 with 000000004259dac6 ut=164
HMEM: write 000000008000505c with 0000000042a1c8f9 ut=165
HMEM: write 0000000080005060 with 0000000042b7c497 ut=166
HMEM: write 0000000080005064 with 0000000042f5c418 ut=167
HMEM: write 0000000080005068 with 00000000430dedd9 ut=168
HMEM: write 000000008000506c with 00000000419a0ae4 ut=169
HMEM: write 0000000080005070 with 0000000042644081 ut=170
HMEM: write 0000000080005074 with 0000000042d33e16 ut=171
HMEM: write 0000000080005078 with 00000000438737db ut=172
HMEM: write 000000008000507c with 000000004224378f ut=173
HMEM: write 0000000080005080 with 0000000042c07508 ut=174
HMEM: write 0000000080005084 with 0000000041b0b96a ut=175
HMEM: write 0000000080005088 with 0000000042940fbe ut=176
HMEM: write 000000008000508c with 0000000042e41127 ut=177
HMEM: write 0000000080005090 with 0000000042817314 ut=178
HMEM: write 0000000080005094 with 000000004332bdea ut=179
HMEM: write 0000000080005098 with 000000004380d507 ut=180
HMEM: write 000000008000509c with 0000000042d71c14 ut=181
HMEM: write 00000000800050a0 with 0000000042a67dce ut=182
HMEM: write 00000000800050a4 with 00000000429eea39 ut=183
HMEM: write 00000000800050a8 with 0000000042d2f705 ut=184
HMEM: write 00000000800050ac with 0000000043734571 ut=185
HMEM: write 00000000800050b0 with 00000000428e3b51 ut=186
HMEM: write 00000000800050b4 with 00000000421cb37c ut=187
HMEM: write 00000000800050b8 with 00000000435ba0fb ut=188
HMEM: write 00000000800050bc with 00000000426f4775 ut=189
HMEM: write 00000000800050c0 with 0000000042d000d1 ut=190
HMEM: write 00000000800050c4 with 00000000435a3faa ut=191
HMEM: write 00000000800050c8 with 000000004335dbce ut=192
HMEM: write 00000000800050cc with 00000000428cfdce ut=193
HMEM: write 00000000800050d0 with 0000000043313bb3 ut=194
HMEM: write 00000000800050d4 with 000000004296094d ut=195
HMEM: write 00000000800050d8 with 0000000041d8b856 ut=196
HMEM: write 00000000800050dc with 0000000042c44c16 ut=197
HMEM: write 00000000800050e0 with 0000000041a9166f ut=198
HMEM: write 00000000800050e4 with 0000000043101c5b ut=199
HMEM: write 00000000800050e8 with 0000000041cdfc93 ut=200
HMEM: write 00000000800050ec with 0000000043737c0d ut=201
HMEM: write 00000000800050f0 with 0000000042655f5c ut=202
HMEM: write 00000000800050f4 with 0000000042b0dab9 ut=203
HMEM: write 00000000800050f8 with 0000000042d873b0 ut=204
HMEM: write 00000000800050fc with 00000000437ee2e4 ut=205
HMEM: write 0000000080005100 with 00000000433ed3ac ut=206
HMEM: write 0000000080005104 with 000000004295a07a ut=207
HMEM: write 0000000080005108 with 00000000427361fe ut=208
HMEM: write 000000008000510c with 000000004379ecab ut=209
HMEM: write 0000000080005110 with 0000000042a6a4b0 ut=210
HMEM: write 0000000080005114 with 0000000042afaa42 ut=211
HMEM: write 0000000080005118 with 00000000433ee51a ut=212
HMEM: write 000000008000511c with 00000000421b937e ut=213
HMEM: write 0000000080005120 with 00000000437037d6 ut=214
HMEM: write 0000000080005124 with 00000000429f2b3d ut=215
HMEM: write 0000000080005128 with 000000004228d942 ut=216
HMEM: write 000000008000512c with 000000004345ca8d ut=217
HMEM: write 0000000080005130 with 0000000043405507 ut=218
HMEM: write 0000000080005134 with 000000004337ee6a ut=219
HMEM: write 0000000080005138 with 000000004345b986 ut=220
HMEM: write 000000008000513c with 000000004268d16f ut=221
HMEM: write 0000000080005140 with 0000000042a554da ut=222
HMEM: write 0000000080005144 with 00000000435d234d ut=223
HMEM: write 0000000080005148 with 00000000433ce086 ut=224
HMEM: write 000000008000514c with 0000000042c589a4 ut=225
HMEM: write 0000000080005150 with 0000000042c95d2c ut=226
HMEM: write 0000000080005154 with 00000000435af689 ut=227
HMEM: write 0000000080005158 with 0000000041aef8d4 ut=228
HMEM: write 000000008000515c with 0000000042a40604 ut=229
HMEM: write 0000000080005160 with 00000000428d8b7a ut=230
HMEM: write 0000000080005164 with 0000000042119dcd ut=231
HMEM: write 0000000080005168 with 000000004337167f ut=232
HMEM: write 000000008000516c with 00000000437bd8b1 ut=233
HMEM: write 0000000080005170 with 00000000421b49a5 ut=234
HMEM: write 0000000080005174 with 0000000042ba3af9 ut=235
HMEM: write 0000000080005178 with 0000000041d87432 ut=236
HMEM: write 000000008000517c with 00000000436ce182 ut=237
HMEM: write 0000000080005180 with 000000004384e292 ut=238
HMEM: write 0000000080005184 with 000000004176a625 ut=239
HMEM: write 0000000080005188 with 0000000042cd8490 ut=240
HMEM: write 000000008000518c with 00000000430d8fef ut=241
HMEM: write 0000000080005190 with 00000000427563f6 ut=242
HMEM: write 0000000080005194 with 0000000041fab33f ut=243
HMEM: write 0000000080005198 with 0000000041ffa426 ut=244
HMEM: write 000000008000519c with 0000000042acacbd ut=245
HMEM: write 00000000800051a0 with 0000000042166f77 ut=246
HMEM: write 00000000800051a4 with 0000000041f949be ut=247
HMEM: write 00000000800051a8 with 00000000428879d6 ut=248
HMEM: write 00000000800051ac with 00000000436b962a ut=249
HMEM: write 00000000800051b0 with 0000000042dd4907 ut=250
HMEM: write 00000000800051b4 with 00000000423f5ac8 ut=251
HMEM: write 00000000800051b8 with 000000004354810c ut=252
HMEM: write 00000000800051bc with 00000000437adb46 ut=253
HMEM: write 00000000800051c0 with 000000004361e7cf ut=254
HMEM: write 00000000800051c4 with 00000000419a0dc2 ut=255
HMEM: write 00000000800051c8 with 0000000042693bee ut=256
HMEM: write 00000000800051cc with 00000000434456cd ut=257
HMEM: write 00000000800051d0 with 00000000435729a3 ut=258
HMEM: write 00000000800051d4 with 000000004288bcdb ut=259
HMEM: write 00000000800051d8 with 0000000043164564 ut=260
HMEM: write 00000000800051dc with 0000000041eae3d8 ut=261
HMEM: write 00000000800051e0 with 0000000041b07a94 ut=262
HMEM: write 00000000800051e4 with 0000000041fe9d2c ut=263
HMEM: write 00000000800051e8 with 0000000042a4b247 ut=264
HMEM: write 00000000800051ec with 000000004257a3d4 ut=265
HMEM: write 00000000800051f0 with 00000000424ef83c ut=266
HMEM: write 00000000800051f4 with 00000000432b4c93 ut=267
HMEM: write 00000000800051f8 with 00000000428cb474 ut=268
HMEM: write 00000000800051fc with 000000004385b00c ut=269
HMEM: write 0000000080005200 with 0000000043721aab ut=270
HMEM: write 0000000080005204 with 0000000043217d21 ut=271
HMEM: write 0000000080005208 with 0000000041f12a69 ut=272
HMEM: write 000000008000520c with 000000004282be6d ut=273
HMEM: write 0000000080005210 with 00000000422e0f6c ut=274
HMEM: write 0000000080005214 with 0000000042d8c780 ut=275
HMEM: write 0000000080005218 with 00000000423d7270 ut=276
HMEM: write 000000008000521c with 00000000431a3411 ut=277
HMEM: write 0000000080005220 with 0000000042c55310 ut=278
HMEM: write 0000000080005224 with 0000000042849c73 ut=279
HMEM: write 0000000080005228 with 00000000426e7c52 ut=280
HMEM: write 000000008000522c with 000000004297de75 ut=281
HMEM: write 0000000080005230 with 0000000041c026ed ut=282
HMEM: write 0000000080005234 with 000000004263acb9 ut=283
HMEM: write 0000000080005238 with 000000004326cfb8 ut=284
HMEM: write 000000008000523c with 0000000042aa1186 ut=285
HMEM: write 0000000080005240 with 00000000420b83b5 ut=286
HMEM: write 0000000080005244 with 000000004314f0a7 ut=287
HMEM: write 0000000080005248 with 0000000042c09e29 ut=288
HMEM: write 000000008000524c with 0000000042af1b04 ut=289
HMEM: write 0000000080005250 with 00000000429e6abc ut=290
HMEM: write 0000000080005254 with 0000000042d5c7b6 ut=291
HMEM: write 0000000080005258 with 000000004257f3c0 ut=292
HMEM: write 000000008000525c with 00000000425f98df ut=293
HMEM: write 0000000080005260 with 00000000422e6f13 ut=294
HMEM: write 0000000080005264 with 000000004265f166 ut=295
HMEM: write 0000000080005268 with 00000000435ac83a ut=296
HMEM: write 000000008000526c with 0000000041dc8a73 ut=297
HMEM: write 0000000080005270 with 000000004365cdf8 ut=298
HMEM: write 0000000080005274 with 000000004294f97e ut=299
HMEM: write 0000000080005278 with 0000000042d32757 ut=300
HMEM: write 000000008000527c with 0000000043740530 ut=301
HMEM: write 0000000080005280 with 00000000418bac07 ut=302
HMEM: write 0000000080005284 with 000000004291e203 ut=303
HMEM: write 0000000080005288 with 000000004334b424 ut=304
HMEM: write 000000008000528c with 00000000428f2e83 ut=305
HMEM: write 0000000080005290 with 00000000429ad841 ut=306
HMEM: write 0000000080005294 with 000000004235a4eb ut=307
HMEM: write 0000000080005298 with 0000000042013f88 ut=308
HMEM: write 000000008000529c with 00000000431c5341 ut=309
HMEM: write 00000000800052a0 with 00000000433db8f7 ut=310
HMEM: write 00000000800052a4 with 0000000042be95b2 ut=311
HMEM: write 00000000800052a8 with 000000004269c2ff ut=312
HMEM: write 00000000800052ac with 000000004384dfa7 ut=313
HMEM: write 00000000800052b0 with 0000000042941953 ut=314
HMEM: write 00000000800052b4 with 0000000042e072df ut=315
HMEM: write 00000000800052b8 with 0000000041da19de ut=316
HMEM: write 00000000800052bc with 00000000433a4041 ut=317
HMEM: write 00000000800052c0 with 00000000428e5e36 ut=318
HMEM: write 00000000800052c4 with 000000004380995c ut=319
HMEM: write 00000000800052c8 with 00000000431bf5cf ut=320
HMEM: write 00000000800052cc with 000000004385810e ut=321
HMEM: write 00000000800052d0 with 00000000423d3f6c ut=322
HMEM: write 00000000800052d4 with 0000000042b85195 ut=323
HMEM: write 00000000800052d8 with 00000000421bae15 ut=324
HMEM: write 00000000800052dc with 000000004220503a ut=325
HMEM: write 00000000800052e0 with 00000000421a1fb7 ut=326
HMEM: write 00000000800052e4 with 0000000043524506 ut=327
HMEM: write 00000000800052e8 with 00000000436ded13 ut=328
HMEM: write 00000000800052ec with 000000004367c92d ut=329
HMEM: write 00000000800052f0 with 0000000042a665fb ut=330
HMEM: write 00000000800052f4 with 0000000042a18d7b ut=331
HMEM: write 00000000800052f8 with 0000000042b55451 ut=332
HMEM: write 00000000800052fc with 0000000042ba1b95 ut=333
HMEM: write 0000000080005300 with 00000000435bfe62 ut=334
HMEM: write 0000000080005304 with 00000000414c5b0d ut=335
HMEM: write 0000000080005308 with 0000000042b00e50 ut=336
HMEM: write 000000008000530c with 00000000411d2b28 ut=337
HMEM: write 0000000080005310 with 00000000436dc68f ut=338
HMEM: write 0000000080005314 with 000000004255a658 ut=339
HMEM: write 0000000080005318 with 0000000042584e54 ut=340
HMEM: write 000000008000531c with 000000004140e8de ut=341
HMEM: write 0000000080005320 with 00000000431738a5 ut=342
HMEM: write 0000000080005324 with 0000000042db1722 ut=343
HMEM: write 0000000080005328 with 00000000437d1cfb ut=344
HMEM: write 000000008000532c with 00000000426c1371 ut=345
HMEM: write 0000000080005330 with 0000000042a65b7c ut=346
HMEM: write 0000000080005334 with 000000004289a191 ut=347
HMEM: write 0000000080005338 with 000000004388ee55 ut=348
HMEM: write 000000008000533c with 0000000042d0c3e4 ut=349
HMEM: write 0000000080005340 with 000000004365545f ut=350
HMEM: write 0000000080005344 with 0000000043637093 ut=351
HMEM: write 0000000080005348 with 0000000042aee842 ut=352
HMEM: write 000000008000534c with 000000004269d19f ut=353
HMEM: write 0000000080005350 with 0000000042fe48aa ut=354
HMEM: write 0000000080005354 with 0000000042e60e07 ut=355
HMEM: write 0000000080005358 with 000000004329de7c ut=356
HMEM: write 000000008000535c with 0000000042486028 ut=357
HMEM: write 0000000080005360 with 0000000042cd70dd ut=358
HMEM: write 0000000080005364 with 000000004294ba6e ut=359
HMEM: write 0000000080005368 with 00000000437fe14b ut=360
HMEM: write 000000008000536c with 0000000042cc6d11 ut=361
HMEM: write 0000000080005370 with 0000000042d90b89 ut=362
HMEM: write 0000000080005374 with 00000000428fa3d4 ut=363
HMEM: write 0000000080005378 with 0000000042eeac5b ut=364
HMEM: write 000000008000537c with 000000004287eaae ut=365
HMEM: write 0000000080005380 with 00000000423af2dc ut=366
HMEM: write 0000000080005384 with 000000004353ac82 ut=367
HMEM: write 0000000080005388 with 0000000043249c58 ut=368
HMEM: write 000000008000538c with 00000000434b217d ut=369
HMEM: write 0000000080005390 with 0000000042994680 ut=370
HMEM: write 0000000080005394 with 0000000042604f79 ut=371
HMEM: write 0000000080005398 with 00000000432af99f ut=372
HMEM: write 000000008000539c with 00000000429457b1 ut=373
HMEM: write 00000000800053a0 with 00000000437ed170 ut=374
HMEM: write 00000000800053a4 with 0000000042b43353 ut=375
HMEM: write 00000000800053a8 with 000000004319ff21 ut=376
HMEM: write 00000000800053ac with 0000000042362912 ut=377
HMEM: write 00000000800053b0 with 0000000043364437 ut=378
HMEM: write 00000000800053b4 with 0000000042b4088f ut=379
HMEM: write 00000000800053b8 with 00000000436c4284 ut=380
HMEM: write 00000000800053bc with 0000000042de3970 ut=381
HMEM: write 00000000800053c0 with 0000000042dc3362 ut=382
HMEM: write 00000000800053c4 with 0000000042451e00 ut=383
HMEM: write 00000000800053c8 with 0000000042c2f405 ut=384
HMEM: write 00000000800053cc with 0000000042cc4640 ut=385
HMEM: write 00000000800053d0 with 000000004301de94 ut=386
HMEM: write 00000000800053d4 with 00000000435e5b37 ut=387
HMEM: write 00000000800053d8 with 000000004344e8eb ut=388
HMEM: write 00000000800053dc with 00000000434133f8 ut=389
HMEM: write 00000000800053e0 with 0000000042059a79 ut=390
HMEM: write 00000000800053e4 with 00000000430e3835 ut=391
HMEM: write 00000000800053e8 with 0000000043401316 ut=392
HMEM: write 00000000800053ec with 0000000041387dd8 ut=393
HMEM: write 00000000800053f0 with 000000004376a4b2 ut=394
HMEM: write 00000000800053f4 with 0000000041b99c06 ut=395
HMEM: write 00000000800053f8 with 000000004324560a ut=396
HMEM: write 00000000800053fc with 00000000429ced92 ut=397
HMEM: write 0000000080005400 with 0000000043007e10 ut=398
HMEM: write 0000000080005404 with 000000004318c351 ut=399
HMEM: write 0000000080005408 with 0000000042f892e6 ut=400
HMEM: write 000000008000540c with 00000000428def97 ut=401
HMEM: write 0000000080005410 with 00000000423edf6d ut=402
HMEM: write 0000000080005414 with 0000000042b61808 ut=403
HMEM: write 0000000080005418 with 0000000043235f4f ut=404
HMEM: write 000000008000541c with 000000004384d4a5 ut=405
HMEM: write 0000000080005420 with 00000000424865e5 ut=406
HMEM: write 0000000080005424 with 0000000042ed195f ut=407
HMEM: write 0000000080005428 with 000000004384fda2 ut=408
HMEM: write 000000008000542c with 00000000435ec5df ut=409
HMEM: write 0000000080005430 with 00000000425b8d73 ut=410
HMEM: write 0000000080005434 with 0000000042e961a6 ut=411
HMEM: write 0000000080005438 with 000000004319af0b ut=412
HMEM: write 000000008000543c with 0000000042e1e626 ut=413
HMEM: write 0000000080005440 with 00000000433f45e8 ut=414
HMEM: write 0000000080005444 with 0000000042a1e291 ut=415
HMEM: write 0000000080005448 with 0000000043172eba ut=416
HMEM: write 000000008000544c with 0000000042f3d421 ut=417
HMEM: write 0000000080005450 with 00000000436ff0dc ut=418
HMEM: write 0000000080005454 with 0000000043400dff ut=419
HMEM: write 0000000080005458 with 0000000042187e00 ut=420
HMEM: write 000000008000545c with 00000000424b37c3 ut=421
HMEM: write 0000000080005460 with 00000000434e34e4 ut=422
HMEM: write 0000000080005464 with 0000000041ebbd10 ut=423
HMEM: write 0000000080005468 with 0000000042912a6e ut=424
HMEM: write 000000008000546c with 00000000429e0287 ut=425
HMEM: write 0000000080005470 with 00000000426aa7ac ut=426
HMEM: write 0000000080005474 with 0000000042a2ca11 ut=427
HMEM: write 0000000080005478 with 0000000042dfbd38 ut=428
HMEM: write 000000008000547c with 0000000042151fc2 ut=429
HMEM: write 0000000080005480 with 000000004201fdee ut=430
HMEM: write 0000000080005484 with 0000000042c98519 ut=431
HMEM: write 0000000080005488 with 0000000042945354 ut=432
HMEM: write 000000008000548c with 00000000436ea3fe ut=433
HMEM: write 0000000080005490 with 0000000042bead74 ut=434
HMEM: write 0000000080005494 with 00000000427f4a7b ut=435
HMEM: write 0000000080005498 with 000000004359ea12 ut=436
HMEM: write 000000008000549c with 00000000431c89b4 ut=437
HMEM: write 00000000800054a0 with 0000000043285b9b ut=438
HMEM: write 00000000800054a4 with 0000000042fff0c7 ut=439
HMEM: write 00000000800054a8 with 00000000431e7864 ut=440
HMEM: write 00000000800054ac with 00000000424d2e2f ut=441
HMEM: write 00000000800054b0 with 0000000042b54ad6 ut=442
HMEM: write 00000000800054b4 with 0000000043814d7f ut=443
HMEM: write 00000000800054b8 with 000000004387642a ut=444
HMEM: write 00000000800054bc with 0000000041c6f686 ut=445
HMEM: write 00000000800054c0 with 00000000423e0e9f ut=446
HMEM: write 00000000800054c4 with 00000000431bb2bc ut=447
HMEM: write 00000000800054c8 with 000000004301f881 ut=448
HMEM: write 00000000800054cc with 0000000043664b08 ut=449
HMEM: write 00000000800054d0 with 0000000041bd7c04 ut=450
HMEM: write 00000000800054d4 with 0000000042ac4a2f ut=451
HMEM: write 00000000800054d8 with 0000000042d497ee ut=452
HMEM: write 00000000800054dc with 000000004278f523 ut=453
HMEM: write 00000000800054e0 with 0000000040e7c39f ut=454
HMEM: write 00000000800054e4 with 000000004303ec73 ut=455
HMEM: write 00000000800054e8 with 0000000042ff4690 ut=456
HMEM: write 00000000800054ec with 0000000041fe4507 ut=457
HMEM: write 00000000800054f0 with 00000000432b0583 ut=458
HMEM: write 00000000800054f4 with 000000004386d7e7 ut=459
HMEM: write 00000000800054f8 with 00000000434c0a51 ut=460
HMEM: write 00000000800054fc with 000000004361da1b ut=461
HMEM: write 0000000080005500 with 0000000041f2f261 ut=462
HMEM: write 0000000080005504 with 0000000042a6a140 ut=463
HMEM: write 0000000080005508 with 000000004372196c ut=464
HMEM: write 000000008000550c with 000000004380aa42 ut=465
HMEM: write 0000000080005510 with 0000000042d6dc33 ut=466
HMEM: write 0000000080005514 with 000000004291f8ed ut=467
HMEM: write 0000000080005518 with 00000000436f5d9a ut=468
HMEM: write 000000008000551c with 00000000437b2c81 ut=469
HMEM: write 0000000080005520 with 0000000043150f6b ut=470
HMEM: write 0000000080005524 with 000000004198ca98 ut=471
HMEM: write 0000000080005528 with 0000000042c4109e ut=472
HMEM: write 000000008000552c with 00000000427f82bc ut=473
HMEM: write 0000000080005530 with 0000000042c4b221 ut=474
HMEM: write 0000000080005534 with 0000000042c663f6 ut=475
HMEM: write 0000000080005538 with 00000000431b9ef9 ut=476
HMEM: write 000000008000553c with 0000000042d35b9d ut=477
HMEM: write 0000000080005540 with 000000004383eccb ut=478
HMEM: write 0000000080005544 with 0000000042af9018 ut=479
HMEM: write 0000000080005548 with 000000004268709b ut=480
HMEM: write 000000008000554c with 0000000043130a5d ut=481
HMEM: write 0000000080005550 with 000000004279b18f ut=482
HMEM: write 0000000080005554 with 0000000041ca207d ut=483
HMEM: write 0000000080005558 with 00000000432cd528 ut=484
HMEM: write 000000008000555c with 0000000042f878e5 ut=485
HMEM: write 0000000080005560 with 00000000424ec94b ut=486
HMEM: write 0000000080005564 with 0000000042ce4eb8 ut=487
HMEM: write 0000000080005568 with 00000000422daf8a ut=488
HMEM: write 000000008000556c with 00000000427a40b9 ut=489
HMEM: write 0000000080005570 with 0000000043077376 ut=490
HMEM: write 0000000080005574 with 0000000042dbbe3f ut=491
HMEM: write 0000000080005578 with 0000000041f8c593 ut=492
HMEM: write 000000008000557c with 00000000433aa68e ut=493
HMEM: write 0000000080005580 with 0000000042b22ea8 ut=494
HMEM: write 0000000080005584 with 0000000042a82981 ut=495
HMEM: write 0000000080005588 with 000000004360a76c ut=496
HMEM: write 000000008000558c with 00000000422fe59a ut=497
HMEM: write 0000000080005590 with 0000000042041c98 ut=498
HMEM: write 0000000080005594 with 000000004313d924 ut=499
HMEM: write 0000000080005598 with 000000004309f85e ut=500
HMEM: write 000000008000559c with 0000000042d0b427 ut=501
HMEM: write 00000000800055a0 with 0000000042c8056d ut=502
HMEM: write 00000000800055a4 with 0000000042331aa6 ut=503
HMEM: write 00000000800055a8 with 0000000041bb662b ut=504
HMEM: write 00000000800055ac with 00000000432b81e6 ut=505
HMEM: write 00000000800055b0 with 000000004314a8ea ut=506
HMEM: write 00000000800055b4 with 000000004381200d ut=507
HMEM: write 00000000800055b8 with 0000000042a1ab23 ut=508
HMEM: write 00000000800055bc with 0000000042b377e7 ut=509
HMEM: write 00000000800055c0 with 000000004295c449 ut=510
HMEM: write 00000000800055c4 with 00000000430ccb8f ut=511
H: WT pc=0000000080002080 inst=8000080002022f3f next=0000000080002088 vl=512 act=ffffffffffffffffffffffffffffffffffffffffffffffffffffffffffffffffffffffffffffffffffffffffffffffffffffffffffffffffffffffffffffffff
H: WT pc=0000000080002088 inst=86aa04040201063f next=0000000080002090 vl=512 act=ffffffffffffffffffffffffffffffffffffffffffffffffffffffffffffffffffffffffffffffffffffffffffffffffffffffffffffffffffffffffffffffff
H: WT pc=0000000080002090 inst=87ba06060101063f next=0000000080002098 vl=512 act=ffffffffffffffffffffffffffffffffffffffffffffffffffffffffffffffffffffffffffffffffffffffffffffffffffffffffffffffffffffffffffffffff
H: WT pc=0000000080002098 inst=0000000000000c3f next=00000000800020a0 vl=512 act=-
H: WT pc=0000000080002010 inst=87fe00000000063f next=0000000080002018 vl=512 act=ffffffffffffffffffffffffffffffffffffffffffffffffffffffffffffffffffffffffffffffffffffffffffffffffffffffffffffffffffffffffffffffff
H: WT pc=0000000080002018 inst=805800000000063f next=0000000080002020 vl=512 act=ffffffffffffffffffffffffffffffffffffffffffffffffffffffffffffffffffffffffffffffffffffffffffffffffffffffffffffffffffffffffffffffff
H: WT pc=0000000080002020 inst=c000007e0000063f next=0000000080002028 vl=512 act=ffffffffffffffffffffffffffffffffffffffffffffffffffffffffffffffffffffffffffffffffffffffffffffffffffffffffffffffffffffffffffffffff
H: WT pc=0000000080002028 inst=c012007c0001063f next=0000000080002030 vl=512 act=ffffffffffffffffffffffffffffffffffffffffffffffffffffffffffffffffffffffffffffffffffffffffffffffffffffffffffffffffffffffffffffffff
H: WT pc=0000000080002030 inst=860202020002063f next=0000000080002038 vl=512 act=ffffffffffffffffffffffffffffffffffffffffffffffffffffffffffffffffffffffffffffffffffffffffffffffffffffffffffffffffffffffffffffffff
H: WT pc=0000000080002038 inst=840a02020003063f next=0000000080002040 vl=512 act=ffffffffffffffffffffffffffffffffffffffffffffffffffffffffffffffffffffffffffffffffffffffffffffffffffffffffffffffffffffffffffffffff
H: WT pc=0000000080002040 inst=0000004900012dbf next=0000000080002048 vl=512 act=-
HMEM: read from 0000000080007dc8 ut=0
HMEM: read from 0000000080007dd0 ut=1
HMEM: read from 0000000080007dd8 ut=2
HMEM: read from 0000000080007de0 ut=3
HMEM: read from 0000000080007de8 ut=4
HMEM: read from 0000000080007df0 ut=5
HMEM: read from 0000000080007df8 ut=6
HMEM: read from 0000000080007e00 ut=7
HMEM: read from 0000000080007e08 ut=8
HMEM: read from 0000000080007e10 ut=9
HMEM: read from 0000000080007e18 ut=10
HMEM: read from 0000000080007e20 ut=11
HMEM: read from 0000000080007e28 ut=12
HMEM: read from 0000000080007e30 ut=13
HMEM: read from 0000000080007e38 ut=14
HMEM: read from 0000000080007e40 ut=15
HMEM: read from 0000000080007e48 ut=16
HMEM: read from 0000000080007e50 ut=17
HMEM: read from 0000000080007e58 ut=18
HMEM: read from 0000000080007e60 ut=19
HMEM: read from 0000000080007e68 ut=20
HMEM: read from 0000000080007e70 ut=21
HMEM: read from 0000000080007e78 ut=22
HMEM: read from 0000000080007e80 ut=23
HMEM: read from 0000000080007e88 ut=24
HMEM: read from 0000000080007e90 ut=25
HMEM: read from 0000000080007e98 ut=26
HMEM: read from 0000000080007ea0 ut=27
HMEM: read from 0000000080007ea8 ut=28
HMEM: read from 0000000080007eb0 ut=29
HMEM: read from 0000000080007eb8 ut=30
HMEM: read from 0000000080007ec0 ut=31
HMEM: read from 0000000080007ec8 ut=32
HMEM: read from 0000000080007ed0 ut=33
HMEM: read from 0000000080007ed8 ut=34
HMEM: read from 0000000080007ee0 ut=35
HMEM: read from 0000000080007ee8 ut=36
HMEM: read from 0000000080007ef0 ut=37
HMEM: read from 0000000080007ef8 ut=38
HMEM: read from 0000000080007f00 ut=39
HMEM: read from 0000000080007f08 ut=40
HMEM: read from 0000000080007f10 ut=41
HMEM: read from 0000000080007f18 ut=42
HMEM: read from 0000000080007f20 ut=43
HMEM: read from 0000000080007f28 ut=44
HMEM: read from 0000000080007f30 ut=45
HMEM: read from 0000000080007f38 ut=46
HMEM: read from 0000000080007f40 ut=47
HMEM: read from 0000000080007f48 ut=48
HMEM: read from 0000000080007f50 ut=49
HMEM: read from 0000000080007f58 ut=50
HMEM: read from 0000000080007f60 ut=51
HMEM: read from 0000000080007f68 ut=52
HMEM: read from 0000000080007f70 ut=53
HMEM: read from 0000000080007f78 ut=54
HMEM: read from 0000000080007f80 ut=55
HMEM: read from 0000000080007f88 ut=56
HMEM: read from 0000000080007f90 ut=57
HMEM: read from 0000000080007f98 ut=58
HMEM: read from 0000000080007fa0 ut=59
HMEM: read from 0000000080007fa8 ut=60
HMEM: read from 0000000080007fb0 ut=61
HMEM: read from 0000000080007fb8 ut=62
HMEM: read from 0000000080007fc0 ut=63
HMEM: read from 0000000080007fc8 ut=64
HMEM: read from 0000000080007fd0 ut=65
HMEM: read from 0000000080007fd8 ut=66
HMEM: read from 0000000080007fe0 ut=67
HMEM: read from 0000000080007fe8 ut=68
HMEM: read from 0000000080007ff0 ut=69
HMEM: read from 0000000080007ff8 ut=70
HMEM: read from 0000000080008000 ut=71
HMEM: read from 0000000080008008 ut=72
HMEM: read from 0000000080008010 ut=73
HMEM: read from 0000000080008018 ut=74
HMEM: read from 0000000080008020 ut=75
HMEM: read from 0000000080008028 ut=76
HMEM: read from 0000000080008030 ut=77
HMEM: read from 0000000080008038 ut=78
HMEM: read from 0000000080008040 ut=79
HMEM: read from 0000000080008048 ut=80
HMEM: read from 0000000080008050 ut=81
HMEM: read from 0000000080008058 ut=82
HMEM: read from 0000000080008060 ut=83
HMEM: read from 0000000080008068 ut=84
HMEM: read from 0000000080008070 ut=85
HMEM: read from 0000000080008078 ut=86
HMEM: read from 0000000080008080 ut=87
HMEM: read from 0000000080008088 ut=88
HMEM: read from 0000000080008090 ut=89
HMEM: read from 0000000080008098 ut=90
HMEM: read from 00000000800080a0 ut=91
HMEM: read from 00000000800080a8 ut=92
HMEM: read from 00000000800080b0 ut=93
HMEM: read from 00000000800080b8 ut=94
HMEM: read from 00000000800080c0 ut=95
HMEM: read from 00000000800080c8 ut=96
HMEM: read from 00000000800080d0 ut=97
HMEM: read from 00000000800080d8 ut=98
HMEM: read from 00000000800080e0 ut=99
HMEM: read from 00000000800080e8 ut=100
HMEM: read from 00000000800080f0 ut=101
HMEM: read from 00000000800080f8 ut=102
HMEM: read from 0000000080008100 ut=103
HMEM: read from 0000000080008108 ut=104
HMEM: read from 0000000080008110 ut=105
HMEM: read from 0000000080008118 ut=106
HMEM: read from 0000000080008120 ut=107
HMEM: read from 0000000080008128 ut=108
HMEM: read from 0000000080008130 ut=109
HMEM: read from 0000000080008138 ut=110
HMEM: read from 0000000080008140 ut=111
HMEM: read from 0000000080008148 ut=112
HMEM: read from 0000000080008150 ut=113
HMEM: read from 0000000080008158 ut=114
HMEM: read from 0000000080008160 ut=115
HMEM: read from 0000000080008168 ut=116
HMEM: read from 0000000080008170 ut=117
HMEM: read from 0000000080008178 ut=118
HMEM: read from 0000000080008180 ut=119
HMEM: read from 0000000080008188 ut=120
HMEM: read from 0000000080008190 ut=121
HMEM: read from 0000000080008198 ut=122
HMEM: read from 00000000800081a0 ut=123
HMEM: read from 00000000800081a8 ut=124
HMEM: read from 00000000800081b0 ut=125
HMEM: read from 00000000800081b8 ut=126
HMEM: read from 00000000800081c0 ut=127
HMEM: read from 00000000800081c8 ut=128
HMEM: read from 00000000800081d0 ut=129
HMEM: read from 00000000800081d8 ut=130
HMEM: read from 00000000800081e0 ut=131
HMEM: read from 00000000800081e8 ut=132
HMEM: read from 00000000800081f0 ut=133
HMEM: read from 00000000800081f8 ut=134
HMEM: read from 0000000080008200 ut=135
HMEM: read from 0000000080008208 ut=136
HMEM: read from 0000000080008210 ut=137
HMEM: read from 0000000080008218 ut=138
HMEM: read from 0000000080008220 ut=139
HMEM: read from 0000000080008228 ut=140
HMEM: read from 0000000080008230 ut=141
HMEM: read from 0000000080008238 ut=142
HMEM: read from 0000000080008240 ut=143
HMEM: read from 0000000080008248 ut=144
HMEM: read from 0000000080008250 ut=145
HMEM: read from 0000000080008258 ut=146
HMEM: read from 0000000080008260 ut=147
HMEM: read from 0000000080008268 ut=148
HMEM: read from 0000000080008270 ut=149
HMEM: read from 0000000080008278 ut=150
HMEM: read from 0000000080008280 ut=151
HMEM: read from 0000000080008288 ut=152
HMEM: read from 0000000080008290 ut=153
HMEM: read from 0000000080008298 ut=154
HMEM: read from 00000000800082a0 ut=155
HMEM: read from 00000000800082a8 ut=156
HMEM: read from 00000000800082b0 ut=157
HMEM: read from 00000000800082b8 ut=158
HMEM: read from 00000000800082c0 ut=159
HMEM: read from 00000000800082c8 ut=160
HMEM: read from 00000000800082d0 ut=161
HMEM: read from 00000000800082d8 ut=162
HMEM: read from 00000000800082e0 ut=163
HMEM: read from 00000000800082e8 ut=164
HMEM: read from 00000000800082f0 ut=165
HMEM: read from 00000000800082f8 ut=166
HMEM: read from 0000000080008300 ut=167
HMEM: read from 0000000080008308 ut=168
HMEM: read from 0000000080008310 ut=169
HMEM: read from 0000000080008318 ut=170
HMEM: read from 0000000080008320 ut=171
HMEM: read from 0000000080008328 ut=172
HMEM: read from 0000000080008330 ut=173
HMEM: read from 0000000080008338 ut=174
HMEM: read from 0000000080008340 ut=175
HMEM: read from 0000000080008348 ut=176
HMEM: read from 0000000080008350 ut=177
HMEM: read from 0000000080008358 ut=178
HMEM: read from 0000000080008360 ut=179
HMEM: read from 0000000080008368 ut=180
HMEM: read from 0000000080008370 ut=181
HMEM: read from 0000000080008378 ut=182
HMEM: read from 0000000080008380 ut=183
HMEM: read from 0000000080008388 ut=184
HMEM: read from 0000000080008390 ut=185
HMEM: read from 0000000080008398 ut=186
HMEM: read from 00000000800083a0 ut=187
HMEM: read from 00000000800083a8 ut=188
HMEM: read from 00000000800083b0 ut=189
HMEM: read from 00000000800083b8 ut=190
HMEM: read from 00000000800083c0 ut=191
HMEM: read from 00000000800083c8 ut=192
HMEM: read from 00000000800083d0 ut=193
HMEM: read from 00000000800083d8 ut=194
HMEM: read from 00000000800083e0 ut=195
HMEM: read from 00000000800083e8 ut=196
HMEM: read from 00000000800083f0 ut=197
HMEM: read from 00000000800083f8 ut=198
HMEM: read from 0000000080008400 ut=199
HMEM: read from 0000000080008408 ut=200
HMEM: read from 0000000080008410 ut=201
HMEM: read from 0000000080008418 ut=202
HMEM: read from 0000000080008420 ut=203
HMEM: read from 0000000080008428 ut=204
HMEM: read from 0000000080008430 ut=205
HMEM: read from 0000000080008438 ut=206
HMEM: read from 0000000080008440 ut=207
HMEM: read from 0000000080008448 ut=208
HMEM: read from 0000000080008450 ut=209
HMEM: read from 0000000080008458 ut=210
HMEM: read from 0000000080008460 ut=211
HMEM: read from 0000000080008468 ut=212
HMEM: read from 0000000080008470 ut=213
HMEM: read from 0000000080008478 ut=214
HMEM: read from 0000000080008480 ut=215
HMEM: read from 0000000080008488 ut=216
HMEM: read from 0000000080008490 ut=217
HMEM: read from 0000000080008498 ut=218
HMEM: read from 00000000800084a0 ut=219
HMEM: read from 00000000800084a8 ut=220
HMEM: read from 00000000800084b0 ut=221
HMEM: read from 00000000800084b8 ut=222
HMEM: read from 00000000800084c0 ut=223
HMEM: read from 00000000800084c8 ut=224
HMEM: read from 00000000800084d0 ut=225
HMEM: read from 00000000800084d8 ut=226
HMEM: read from 00000000800084e0 ut=227
HMEM: read from 00000000800084e8 ut=228
HMEM: read from 00000000800084f0 ut=229
HMEM: read from 00000000800084f8 ut=230
HMEM: read from 0000000080008500 ut=231
HMEM: read from 0000000080008508 ut=232
HMEM: read from 0000000080008510 ut=233
HMEM: read from 0000000080008518 ut=234
HMEM: read from 0000000080008520 ut=235
HMEM: read from 0000000080008528 ut=236
HMEM: read from 0000000080008530 ut=237
HMEM: read from 0000000080008538 ut=238
HMEM: read from 0000000080008540 ut=239
HMEM: read from 0000000080008548 ut=240
HMEM: read from 0000000080008550 ut=241
HMEM: read from 0000000080008558 ut=242
HMEM: read from 0000000080008560 ut=243
HMEM: read from 0000000080008568 ut=244
HMEM: read from 0000000080008570 ut=245
HMEM: read from 0000000080008578 ut=246
HMEM: read from 0000000080008580 ut=247
HMEM: read from 0000000080008588 ut=248
HMEM: read from 0000000080008590 ut=249
HMEM: read from 0000000080008598 ut=250
HMEM: read from 00000000800085a0 ut=251
HMEM: read from 00000000800085a8 ut=252
HMEM: read from 00000000800085b0 ut=253
HMEM: read from 00000000800085b8 ut=254
HMEM: read from 00000000800085c0 ut=255
HMEM: read from 00000000800085c8 ut=256
HMEM: read from 00000000800085d0 ut=257
HMEM: read from 00000000800085d8 ut=258
HMEM: read from 00000000800085e0 ut=259
HMEM: read from 00000000800085e8 ut=260
HMEM: read from 00000000800085f0 ut=261
HMEM: read from 00000000800085f8 ut=262
HMEM: read from 0000000080008600 ut=263
HMEM: read from 0000000080008608 ut=264
HMEM: read from 0000000080008610 ut=265
HMEM: read from 0000000080008618 ut=266
HMEM: read from 0000000080008620 ut=267
HMEM: read from 0000000080008628 ut=268
HMEM: read from 0000000080008630 ut=269
HMEM: read from 0000000080008638 ut=270
HMEM: read from 0000000080008640 ut=271
HMEM: read from 0000000080008648 ut=272
HMEM: read from 0000000080008650 ut=273
HMEM: read from 0000000080008658 ut=274
HMEM: read from 0000000080008660 ut=275
HMEM: read from 0000000080008668 ut=276
HMEM: read from 0000000080008670 ut=277
HMEM: read from 0000000080008678 ut=278
HMEM: read from 0000000080008680 ut=279
HMEM: read from 0000000080008688 ut=280
HMEM: read from 0000000080008690 ut=281
HMEM: read from 0000000080008698 ut=282
HMEM: read from 00000000800086a0 ut=283
HMEM: read from 00000000800086a8 ut=284
HMEM: read from 00000000800086b0 ut=285
HMEM: read from 00000000800086b8 ut=286
HMEM: read from 00000000800086c0 ut=287
HMEM: read from 00000000800086c8 ut=288
HMEM: read from 00000000800086d0 ut=289
HMEM: read from 00000000800086d8 ut=290
HMEM: read from 00000000800086e0 ut=291
HMEM: read from 00000000800086e8 ut=292
HMEM: read from 00000000800086f0 ut=293
HMEM: read from 00000000800086f8 ut=294
HMEM: read from 0000000080008700 ut=295
HMEM: read from 0000000080008708 ut=296
HMEM: read from 0000000080008710 ut=297
HMEM: read from 0000000080008718 ut=298
HMEM: read from 0000000080008720 ut=299
HMEM: read from 0000000080008728 ut=300
HMEM: read from 0000000080008730 ut=301
HMEM: read from 0000000080008738 ut=302
HMEM: read from 0000000080008740 ut=303
HMEM: read from 0000000080008748 ut=304
HMEM: read from 0000000080008750 ut=305
HMEM: read from 0000000080008758 ut=306
HMEM: read from 0000000080008760 ut=307
HMEM: read from 0000000080008768 ut=308
HMEM: read from 0000000080008770 ut=309
HMEM: read from 0000000080008778 ut=310
HMEM: read from 0000000080008780 ut=311
HMEM: read from 0000000080008788 ut=312
HMEM: read from 0000000080008790 ut=313
HMEM: read from 0000000080008798 ut=314
HMEM: read from 00000000800087a0 ut=315
HMEM: read from 00000000800087a8 ut=316
HMEM: read from 00000000800087b0 ut=317
HMEM: read from 00000000800087b8 ut=318
HMEM: read from 00000000800087c0 ut=319
HMEM: read from 00000000800087c8 ut=320
HMEM: read from 00000000800087d0 ut=321
HMEM: read from 00000000800087d8 ut=322
HMEM: read from 00000000800087e0 ut=323
HMEM: read from 00000000800087e8 ut=324
HMEM: read from 00000000800087f0 ut=325
HMEM: read from 00000000800087f8 ut=326
HMEM: read from 0000000080008800 ut=327
HMEM: read from 0000000080008808 ut=328
HMEM: read from 0000000080008810 ut=329
HMEM: read from 0000000080008818 ut=330
HMEM: read from 0000000080008820 ut=331
HMEM: read from 0000000080008828 ut=332
HMEM: read from 0000000080008830 ut=333
HMEM: read from 0000000080008838 ut=334
HMEM: read from 0000000080008840 ut=335
HMEM: read from 0000000080008848 ut=336
HMEM: read from 0000000080008850 ut=337
HMEM: read from 0000000080008858 ut=338
HMEM: read from 0000000080008860 ut=339
HMEM: read from 0000000080008868 ut=340
HMEM: read from 0000000080008870 ut=341
HMEM: read from 0000000080008878 ut=342
HMEM: read from 0000000080008880 ut=343
HMEM: read from 0000000080008888 ut=344
HMEM: read from 0000000080008890 ut=345
HMEM: read from 0000000080008898 ut=346
HMEM: read from 00000000800088a0 ut=347
HMEM: read from 00000000800088a8 ut=348
HMEM: read from 00000000800088b0 ut=349
HMEM: read from 00000000800088b8 ut=350
HMEM: read from 00000000800088c0 ut=351
HMEM: read from 00000000800088c8 ut=352
HMEM: read from 00000000800088d0 ut=353
HMEM: read from 00000000800088d8 ut=354
HMEM: read from 00000000800088e0 ut=355
HMEM: read from 00000000800088e8 ut=356
HMEM: read from 00000000800088f0 ut=357
HMEM: read from 00000000800088f8 ut=358
HMEM: read from 0000000080008900 ut=359
HMEM: read from 0000000080008908 ut=360
HMEM: read from 0000000080008910 ut=361
HMEM: read from 0000000080008918 ut=362
HMEM: read from 0000000080008920 ut=363
HMEM: read from 0000000080008928 ut=364
HMEM: read from 0000000080008930 ut=365
HMEM: read from 0000000080008938 ut=366
HMEM: read from 0000000080008940 ut=367
HMEM: read from 0000000080008948 ut=368
HMEM: read from 0000000080008950 ut=369
HMEM: read from 0000000080008958 ut=370
HMEM: read from 0000000080008960 ut=371
HMEM: read from 0000000080008968 ut=372
HMEM: read from 0000000080008970 ut=373
HMEM: read from 0000000080008978 ut=374
HMEM: read from 0000000080008980 ut=375
HMEM: read from 0000000080008988 ut=376
HMEM: read from 0000000080008990 ut=377
HMEM: read from 0000000080008998 ut=378
HMEM: read from 00000000800089a0 ut=379
HMEM: read from 00000000800089a8 ut=380
HMEM: read from 00000000800089b0 ut=381
HMEM: read from 00000000800089b8 ut=382
HMEM: read from 00000000800089c0 ut=383
HMEM: read from 00000000800089c8 ut=384
HMEM: read from 00000000800089d0 ut=385
HMEM: read from 00000000800089d8 ut=386
HMEM: read from 00000000800089e0 ut=387
HMEM: read from 00000000800089e8 ut=388
HMEM: read from 00000000800089f0 ut=389
HMEM: read from 00000000800089f8 ut=390
HMEM: read from 0000000080008a00 ut=391
HMEM: read from 0000000080008a08 ut=392
HMEM: read from 0000000080008a10 ut=393
HMEM: read from 0000000080008a18 ut=394
HMEM: read from 0000000080008a20 ut=395
HMEM: read from 0000000080008a28 ut=396
HMEM: read from 0000000080008a30 ut=397
HMEM: read from 0000000080008a38 ut=398
HMEM: read from 0000000080008a40 ut=399
HMEM: read from 0000000080008a48 ut=400
HMEM: read from 0000000080008a50 ut=401
HMEM: read from 0000000080008a58 ut=402
HMEM: read from 0000000080008a60 ut=403
HMEM: read from 0000000080008a68 ut=404
HMEM: read from 0000000080008a70 ut=405
HMEM: read from 0000000080008a78 ut=406
HMEM: read from 0000000080008a80 ut=407
HMEM: read from 0000000080008a88 ut=408
HMEM: read from 0000000080008a90 ut=409
HMEM: read from 0000000080008a98 ut=410
HMEM: read from 0000000080008aa0 ut=411
HMEM: read from 0000000080008aa8 ut=412
HMEM: read from 0000000080008ab0 ut=413
HMEM: read from 0000000080008ab8 ut=414
HMEM: read from 0000000080008ac0 ut=415
HMEM: read from 0000000080008ac8 ut=416
HMEM: read from 0000000080008ad0 ut=417
HMEM: read from 0000000080008ad8 ut=418
HMEM: read from 0000000080008ae0 ut=419
HMEM: read from 0000000080008ae8 ut=420
HMEM: read from 0000000080008af0 ut=421
HMEM: read from 0000000080008af8 ut=422
HMEM: read from 0000000080008b00 ut=423
HMEM: read from 0000000080008b08 ut=424
HMEM: read from 0000000080008b10 ut=425
HMEM: read from 0000000080008b18 ut=426
HMEM: read from 0000000080008b20 ut=427
HMEM: read from 0000000080008b28 ut=428
HMEM: read from 0000000080008b30 ut=429
HMEM: read from 0000000080008b38 ut=430
HMEM: read from 0000000080008b40 ut=431
HMEM: read from 0000000080008b48 ut=432
HMEM: read from 0000000080008b50 ut=433
HMEM: read from 0000000080008b58 ut=434
HMEM: read from 0000000080008b60 ut=435
HMEM: read from 0000000080008b68 ut=436
HMEM: read from 0000000080008b70 ut=437
HMEM: read from 0000000080008b78 ut=438
HMEM: read from 0000000080008b80 ut=439
HMEM: read from 0000000080008b88 ut=440
HMEM: read from 0000000080008b90 ut=441
HMEM: read from 0000000080008b98 ut=442
HMEM: read from 0000000080008ba0 ut=443
HMEM: read from 0000000080008ba8 ut=444
HMEM: read from 0000000080008bb0 ut=445
HMEM: read from 0000000080008bb8 ut=446
HMEM: read from 0000000080008bc0 ut=447
HMEM: read from 0000000080008bc8 ut=448
HMEM: read from 0000000080008bd0 ut=449
HMEM: read from 0000000080008bd8 ut=450
HMEM: read from 0000000080008be0 ut=451
HMEM: read from 0000000080008be8 ut=452
HMEM: read from 0000000080008bf0 ut=453
HMEM: read from 0000000080008bf8 ut=454
HMEM: read from 0000000080008c00 ut=455
HMEM: read from 0000000080008c08 ut=456
HMEM: read from 0000000080008c10 ut=457
HMEM: read from 0000000080008c18 ut=458
HMEM: read from 0000000080008c20 ut=459
HMEM: read from 0000000080008c28 ut=460
HMEM: read from 0000000080008c30 ut=461
HMEM: read from 0000000080008c38 ut=462
HMEM: read from 0000000080008c40 ut=463
HMEM: read from 0000000080008c48 ut=464
HMEM: read from 0000000080008c50 ut=465
HMEM: read from 0000000080008c58 ut=466
HMEM: read from 0000000080008c60 ut=467
HMEM: read from 0000000080008c68 ut=468
HMEM: read from 0000000080008c70 ut=469
HMEM: read from 0000000080008c78 ut=470
HMEM: read from 0000000080008c80 ut=471
HMEM: read from 0000000080008c88 ut=472
HMEM: read from 0000000080008c90 ut=473
HMEM: read from 0000000080008c98 ut=474
HMEM: read from 0000000080008ca0 ut=475
HMEM: read from 0000000080008ca8 ut=476
HMEM: read from 0000000080008cb0 ut=477
HMEM: read from 0000000080008cb8 ut=478
HMEM: read from 0000000080008cc0 ut=479
HMEM: read from 0000000080008cc8 ut=480
HMEM: read from 0000000080008cd0 ut=481
HMEM: read from 0000000080008cd8 ut=482
HMEM: read from 0000000080008ce0 ut=483
HMEM: read from 0000000080008ce8 ut=484
HMEM: read from 0000000080008cf0 ut=485
HMEM: read from 0000000080008cf8 ut=486
HMEM: read from 0000000080008d00 ut=487
HMEM: read from 0000000080008d08 ut=488
HMEM: read from 0000000080008d10 ut=489
HMEM: read from 0000000080008d18 ut=490
HMEM: read from 0000000080008d20 ut=491
HMEM: read from 0000000080008d28 ut=492
HMEM: read from 0000000080008d30 ut=493
HMEM: read from 0000000080008d38 ut=494
HMEM: read from 0000000080008d40 ut=495
HMEM: read from 0000000080008d48 ut=496
HMEM: read from 0000000080008d50 ut=497
HMEM: read from 0000000080008d58 ut=498
HMEM: read from 0000000080008d60 ut=499
HMEM: read from 0000000080008d68 ut=500
HMEM: read from 0000000080008d70 ut=501
HMEM: read from 0000000080008d78 ut=502
HMEM: read from 0000000080008d80 ut=503
HMEM: read from 0000000080008d88 ut=504
HMEM: read from 0000000080008d90 ut=505
HMEM: read from 0000000080008d98 ut=506
HMEM: read from 0000000080008da0 ut=507
HMEM: read from 0000000080008da8 ut=508
HMEM: read from 0000000080008db0 ut=509
HMEM: read from 0000000080008db8 ut=510
HMEM: read from 0000000080008dc0 ut=511
H: WT pc=0000000080002048 inst=80000a0600012b3f next=0000000080002050 vl=512 act=ffffffffffffffffffffffffffffffffffffffffffffffffffffffffffffffffffffffffffffffffffffffffffffffffffffffffffffffffffffffffffffffff
H: WT pc=0000000080002050 inst=a01c02023d022a3f next=0000000080002058 vl=512 act=ffffffffffffffffffffffffffffffffffffffffffffffffffffffffffffffffffffffffffffffffffffffffffffffffffffffffffffffffffffffffffffffff
HMEM: read from 0000000080007dcc ut=0
HMEM: read from 0000000080007dd4 ut=1
HMEM: read from 0000000080007ddc ut=2
HMEM: read from 0000000080007de4 ut=3
HMEM: read from 0000000080007dec ut=4
HMEM: read from 0000000080007df4 ut=5
HMEM: read from 0000000080007dfc ut=6
HMEM: read from 0000000080007e04 ut=7
HMEM: read from 0000000080007e0c ut=8
HMEM: read from 0000000080007e14 ut=9
HMEM: read from 0000000080007e1c ut=10
HMEM: read from 0000000080007e24 ut=11
HMEM: read from 0000000080007e2c ut=12
HMEM: read from 0000000080007e34 ut=13
HMEM: read from 0000000080007e3c ut=14
HMEM: read from 0000000080007e44 ut=15
HMEM: read from 0000000080007e4c ut=16
HMEM: read from 0000000080007e54 ut=17
HMEM: read from 0000000080007e5c ut=18
HMEM: read from 0000000080007e64 ut=19
HMEM: read from 0000000080007e6c ut=20
HMEM: read from 0000000080007e74 ut=21
HMEM: read from 0000000080007e7c ut=22
HMEM: read from 0000000080007e84 ut=23
HMEM: read from 0000000080007e8c ut=24
HMEM: read from 0000000080007e94 ut=25
HMEM: read from 0000000080007e9c ut=26
HMEM: read from 0000000080007ea4 ut=27
HMEM: read from 0000000080007eac ut=28
HMEM: read from 0000000080007eb4 ut=29
HMEM: read from 0000000080007ebc ut=30
HMEM: read from 0000000080007ec4 ut=31
HMEM: read from 0000000080007ecc ut=32
HMEM: read from 0000000080007ed4 ut=33
HMEM: read from 0000000080007edc ut=34
HMEM: read from 0000000080007ee4 ut=35
HMEM: read from 0000000080007eec ut=36
HMEM: read from 0000000080007ef4 ut=37
HMEM: read from 0000000080007efc ut=38
HMEM: read from 0000000080007f04 ut=39
HMEM: read from 0000000080007f0c ut=40
HMEM: read from 0000000080007f14 ut=41
HMEM: read from 0000000080007f1c ut=42
HMEM: read from 0000000080007f24 ut=43
HMEM: read from 0000000080007f2c ut=44
HMEM: read from 0000000080007f34 ut=45
HMEM: read from 0000000080007f3c ut=46
HMEM: read from 0000000080007f44 ut=47
HMEM: read from 0000000080007f4c ut=48
HMEM: read from 0000000080007f54 ut=49
HMEM: read from 0000000080007f5c ut=50
HMEM: read from 0000000080007f64 ut=51
HMEM: read from 0000000080007f6c ut=52
HMEM: read from 0000000080007f74 ut=53
HMEM: read from 0000000080007f7c ut=54
HMEM: read from 0000000080007f84 ut=55
HMEM: read from 0000000080007f8c ut=56
HMEM: read from 0000000080007f94 ut=57
HMEM: read from 0000000080007f9c ut=58
HMEM: read from 0000000080007fa4 ut=59
HMEM: read from 0000000080007fac ut=60
HMEM: read from 0000000080007fb4 ut=61
HMEM: read from 0000000080007fbc ut=62
HMEM: read from 0000000080007fc4 ut=63
HMEM: read from 0000000080007fcc ut=64
HMEM: read from 0000000080007fd4 ut=65
HMEM: read from 0000000080007fdc ut=66
HMEM: read from 0000000080007fe4 ut=67
HMEM: read from 0000000080007fec ut=68
HMEM: read from 0000000080007ff4 ut=69
HMEM: read from 0000000080007ffc ut=70
HMEM: read from 0000000080008004 ut=71
HMEM: read from 000000008000800c ut=72
HMEM: read from 0000000080008014 ut=73
HMEM: read from 000000008000801c ut=74
HMEM: read from 0000000080008024 ut=75
HMEM: read from 000000008000802c ut=76
HMEM: read from 0000000080008034 ut=77
HMEM: read from 000000008000803c ut=78
HMEM: read from 0000000080008044 ut=79
HMEM: read from 000000008000804c ut=80
HMEM: read from 0000000080008054 ut=81
HMEM: read from 000000008000805c ut=82
HMEM: read from 0000000080008064 ut=83
HMEM: read from 000000008000806c ut=84
HMEM: read from 0000000080008074 ut=85
HMEM: read from 000000008000807c ut=86
HMEM: read from 0000000080008084 ut=87
HMEM: read from 000000008000808c ut=88
HMEM: read from 0000000080008094 ut=89
HMEM: read from 000000008000809c ut=90
HMEM: read from 00000000800080a4 ut=91
HMEM: read from 00000000800080ac ut=92
HMEM: read from 00000000800080b4 ut=93
HMEM: read from 00000000800080bc ut=94
HMEM: read from 00000000800080c4 ut=95
HMEM: read from 00000000800080cc ut=96
HMEM: read from 00000000800080d4 ut=97
HMEM: read from 00000000800080dc ut=98
HMEM: read from 00000000800080e4 ut=99
HMEM: read from 00000000800080ec ut=100
HMEM: read from 00000000800080f4 ut=101
HMEM: read from 00000000800080fc ut=102
HMEM: read from 0000000080008104 ut=103
HMEM: read from 000000008000810c ut=104
HMEM: read from 0000000080008114 ut=105
HMEM: read from 000000008000811c ut=106
HMEM: read from 0000000080008124 ut=107
HMEM: read from 000000008000812c ut=108
HMEM: read from 0000000080008134 ut=109
HMEM: read from 000000008000813c ut=110
HMEM: read from 0000000080008144 ut=111
HMEM: read from 000000008000814c ut=112
HMEM: read from 0000000080008154 ut=113
HMEM: read from 000000008000815c ut=114
HMEM: read from 0000000080008164 ut=115
HMEM: read from 000000008000816c ut=116
HMEM: read from 0000000080008174 ut=117
HMEM: read from 000000008000817c ut=118
HMEM: read from 0000000080008184 ut=119
HMEM: read from 000000008000818c ut=120
HMEM: read from 0000000080008194 ut=121
HMEM: read from 000000008000819c ut=122
HMEM: read from 00000000800081a4 ut=123
HMEM: read from 00000000800081ac ut=124
HMEM: read from 00000000800081b4 ut=125
HMEM: read from 00000000800081bc ut=126
HMEM: read from 00000000800081c4 ut=127
HMEM: read from 00000000800081cc ut=128
HMEM: read from 00000000800081d4 ut=129
HMEM: read from 00000000800081dc ut=130
HMEM: read from 00000000800081e4 ut=131
HMEM: read from 00000000800081ec ut=132
HMEM: read from 00000000800081f4 ut=133
HMEM: read from 00000000800081fc ut=134
HMEM: read from 0000000080008204 ut=135
HMEM: read from 000000008000820c ut=136
HMEM: read from 0000000080008214 ut=137
HMEM: read from 000000008000821c ut=138
HMEM: read from 0000000080008224 ut=139
HMEM: read from 000000008000822c ut=140
HMEM: read from 0000000080008234 ut=141
HMEM: read from 000000008000823c ut=142
HMEM: read from 0000000080008244 ut=143
HMEM: read from 000000008000824c ut=144
HMEM: read from 0000000080008254 ut=145
HMEM: read from 000000008000825c ut=146
HMEM: read from 0000000080008264 ut=147
HMEM: read from 000000008000826c ut=148
HMEM: read from 0000000080008274 ut=149
HMEM: read from 000000008000827c ut=150
HMEM: read from 0000000080008284 ut=151
HMEM: read from 000000008000828c ut=152
HMEM: read from 0000000080008294 ut=153
HMEM: read from 000000008000829c ut=154
HMEM: read from 00000000800082a4 ut=155
HMEM: read from 00000000800082ac ut=156
HMEM: read from 00000000800082b4 ut=157
HMEM: read from 00000000800082bc ut=158
HMEM: read from 00000000800082c4 ut=159
HMEM: read from 00000000800082cc ut=160
HMEM: read from 00000000800082d4 ut=161
HMEM: read from 00000000800082dc ut=162
HMEM: read from 00000000800082e4 ut=163
HMEM: read from 00000000800082ec ut=164
HMEM: read from 00000000800082f4 ut=165
HMEM: read from 00000000800082fc ut=166
HMEM: read from 0000000080008304 ut=167
HMEM: read from 000000008000830c ut=168
HMEM: read from 0000000080008314 ut=169
HMEM: read from 000000008000831c ut=170
HMEM: read from 0000000080008324 ut=171
HMEM: read from 000000008000832c ut=172
HMEM: read from 0000000080008334 ut=173
HMEM: read from 000000008000833c ut=174
HMEM: read from 0000000080008344 ut=175
HMEM: read from 000000008000834c ut=176
HMEM: read from 0000000080008354 ut=177
HMEM: read from 000000008000835c ut=178
HMEM: read from 0000000080008364 ut=179
HMEM: read from 000000008000836c ut=180
HMEM: read from 0000000080008374 ut=181
HMEM: read from 000000008000837c ut=182
HMEM: read from 0000000080008384 ut=183
HMEM: read from 000000008000838c ut=184
HMEM: read from 0000000080008394 ut=185
HMEM: read from 000000008000839c ut=186
HMEM: read from 00000000800083a4 ut=187
HMEM: read from 00000000800083ac ut=188
HMEM: read from 00000000800083b4 ut=189
HMEM: read from 00000000800083bc ut=190
HMEM: read from 00000000800083c4 ut=191
HMEM: read from 00000000800083cc ut=192
HMEM: read from 00000000800083d4 ut=193
HMEM: read from 00000000800083dc ut=194
HMEM: read from 00000000800083e4 ut=195
HMEM: read from 00000000800083ec ut=196
HMEM: read from 00000000800083f4 ut=197
HMEM: read from 00000000800083fc ut=198
HMEM: read from 0000000080008404 ut=199
HMEM: read from 000000008000840c ut=200
HMEM: read from 0000000080008414 ut=201
HMEM: read from 000000008000841c ut=202
HMEM: read from 0000000080008424 ut=203
HMEM: read from 000000008000842c ut=204
HMEM: read from 0000000080008434 ut=205
HMEM: read from 000000008000843c ut=206
HMEM: read from 0000000080008444 ut=207
HMEM: read from 000000008000844c ut=208
HMEM: read from 0000000080008454 ut=209
HMEM: read from 000000008000845c ut=210
HMEM: read from 0000000080008464 ut=211
HMEM: read from 000000008000846c ut=212
HMEM: read from 0000000080008474 ut=213
HMEM: read from 000000008000847c ut=214
HMEM: read from 0000000080008484 ut=215
HMEM: read from 000000008000848c ut=216
HMEM: read from 0000000080008494 ut=217
HMEM: read from 000000008000849c ut=218
HMEM: read from 00000000800084a4 ut=219
HMEM: read from 00000000800084ac ut=220
HMEM: read from 00000000800084b4 ut=221
HMEM: read from 00000000800084bc ut=222
HMEM: read from 00000000800084c4 ut=223
HMEM: read from 00000000800084cc ut=224
HMEM: read from 00000000800084d4 ut=225
HMEM: read from 00000000800084dc ut=226
HMEM: read from 00000000800084e4 ut=227
HMEM: read from 00000000800084ec ut=228
HMEM: read from 00000000800084f4 ut=229
HMEM: read from 00000000800084fc ut=230
HMEM: read from 0000000080008504 ut=231
HMEM: read from 000000008000850c ut=232
HMEM: read from 0000000080008514 ut=233
HMEM: read from 000000008000851c ut=234
HMEM: read from 0000000080008524 ut=235
HMEM: read from 000000008000852c ut=236
HMEM: read from 0000000080008534 ut=237
HMEM: read from 000000008000853c ut=238
HMEM: read from 0000000080008544 ut=239
HMEM: read from 000000008000854c ut=240
HMEM: read from 0000000080008554 ut=241
HMEM: read from 000000008000855c ut=242
HMEM: read from 0000000080008564 ut=243
HMEM: read from 000000008000856c ut=244
HMEM: read from 0000000080008574 ut=245
HMEM: read from 000000008000857c ut=246
HMEM: read from 0000000080008584 ut=247
HMEM: read from 000000008000858c ut=248
HMEM: read from 0000000080008594 ut=249
HMEM: read from 000000008000859c ut=250
HMEM: read from 00000000800085a4 ut=251
HMEM: read from 00000000800085ac ut=252
HMEM: read from 00000000800085b4 ut=253
HMEM: read from 00000000800085bc ut=254
HMEM: read from 00000000800085c4 ut=255
HMEM: read from 00000000800085cc ut=256
HMEM: read from 00000000800085d4 ut=257
HMEM: read from 00000000800085dc ut=258
HMEM: read from 00000000800085e4 ut=259
HMEM: read from 00000000800085ec ut=260
HMEM: read from 00000000800085f4 ut=261
HMEM: read from 00000000800085fc ut=262
HMEM: read from 0000000080008604 ut=263
HMEM: read from 000000008000860c ut=264
HMEM: read from 0000000080008614 ut=265
HMEM: read from 000000008000861c ut=266
HMEM: read from 0000000080008624 ut=267
HMEM: read from 000000008000862c ut=268
HMEM: read from 0000000080008634 ut=269
HMEM: read from 000000008000863c ut=270
HMEM: read from 0000000080008644 ut=271
HMEM: read from 000000008000864c ut=272
HMEM: read from 0000000080008654 ut=273
HMEM: read from 000000008000865c ut=274
HMEM: read from 0000000080008664 ut=275
HMEM: read from 000000008000866c ut=276
HMEM: read from 0000000080008674 ut=277
HMEM: read from 000000008000867c ut=278
HMEM: read from 0000000080008684 ut=279
HMEM: read from 000000008000868c ut=280
HMEM: read from 0000000080008694 ut=281
HMEM: read from 000000008000869c ut=282
HMEM: read from 00000000800086a4 ut=283
HMEM: read from 00000000800086ac ut=284
HMEM: read from 00000000800086b4 ut=285
HMEM: read from 00000000800086bc ut=286
HMEM: read from 00000000800086c4 ut=287
HMEM: read from 00000000800086cc ut=288
HMEM: read from 00000000800086d4 ut=289
HMEM: read from 00000000800086dc ut=290
HMEM: read from 00000000800086e4 ut=291
HMEM: read from 00000000800086ec ut=292
HMEM: read from 00000000800086f4 ut=293
HMEM: read from 00000000800086fc ut=294
HMEM: read from 0000000080008704 ut=295
HMEM: read from 000000008000870c ut=296
HMEM: read from 0000000080008714 ut=297
HMEM: read from 000000008000871c ut=298
HMEM: read from 0000000080008724 ut=299
HMEM: read from 000000008000872c ut=300
HMEM: read from 0000000080008734 ut=301
HMEM: read from 000000008000873c ut=302
HMEM: read from 0000000080008744 ut=303
HMEM: read from 000000008000874c ut=304
HMEM: read from 0000000080008754 ut=305
HMEM: read from 000000008000875c ut=306
HMEM: read from 0000000080008764 ut=307
HMEM: read from 000000008000876c ut=308
HMEM: read from 0000000080008774 ut=309
HMEM: read from 000000008000877c ut=310
HMEM: read from 0000000080008784 ut=311
HMEM: read from 000000008000878c ut=312
HMEM: read from 0000000080008794 ut=313
HMEM: read from 000000008000879c ut=314
HMEM: read from 00000000800087a4 ut=315
HMEM: read from 00000000800087ac ut=316
HMEM: read from 00000000800087b4 ut=317
HMEM: read from 00000000800087bc ut=318
HMEM: read from 00000000800087c4 ut=319
HMEM: read from 00000000800087cc ut=320
HMEM: read from 00000000800087d4 ut=321
HMEM: read from 00000000800087dc ut=322
HMEM: read from 00000000800087e4 ut=323
HMEM: read from 00000000800087ec ut=324
HMEM: read from 00000000800087f4 ut=325
HMEM: read from 00000000800087fc ut=326
HMEM: read from 0000000080008804 ut=327
HMEM: read from 000000008000880c ut=328
HMEM: read from 0000000080008814 ut=329
HMEM: read from 000000008000881c ut=330
HMEM: read from 0000000080008824 ut=331
HMEM: read from 000000008000882c ut=332
HMEM: read from 0000000080008834 ut=333
HMEM: read from 000000008000883c ut=334
HMEM: read from 0000000080008844 ut=335
HMEM: read from 000000008000884c ut=336
HMEM: read from 0000000080008854 ut=337
HMEM: read from 000000008000885c ut=338
HMEM: read from 0000000080008864 ut=339
HMEM: read from 000000008000886c ut=340
HMEM: read from 0000000080008874 ut=341
HMEM: read from 000000008000887c ut=342
HMEM: read from 0000000080008884 ut=343
HMEM: read from 000000008000888c ut=344
HMEM: read from 0000000080008894 ut=345
HMEM: read from 000000008000889c ut=346
HMEM: read from 00000000800088a4 ut=347
HMEM: read from 00000000800088ac ut=348
HMEM: read from 00000000800088b4 ut=349
HMEM: read from 00000000800088bc ut=350
HMEM: read from 00000000800088c4 ut=351
HMEM: read from 00000000800088cc ut=352
HMEM: read from 00000000800088d4 ut=353
HMEM: read from 00000000800088dc ut=354
HMEM: read from 00000000800088e4 ut=355
HMEM: read from 00000000800088ec ut=356
HMEM: read from 00000000800088f4 ut=357
HMEM: read from 00000000800088fc ut=358
HMEM: read from 0000000080008904 ut=359
HMEM: read from 000000008000890c ut=360
HMEM: read from 0000000080008914 ut=361
HMEM: read from 000000008000891c ut=362
HMEM: read from 0000000080008924 ut=363
HMEM: read from 000000008000892c ut=364
HMEM: read from 0000000080008934 ut=365
HMEM: read from 000000008000893c ut=366
HMEM: read from 0000000080008944 ut=367
HMEM: read from 000000008000894c ut=368
HMEM: read from 0000000080008954 ut=369
HMEM: read from 000000008000895c ut=370
HMEM: read from 0000000080008964 ut=371
HMEM: read from 000000008000896c ut=372
HMEM: read from 0000000080008974 ut=373
HMEM: read from 000000008000897c ut=374
HMEM: read from 0000000080008984 ut=375
HMEM: read from 000000008000898c ut=376
HMEM: read from 0000000080008994 ut=377
HMEM: read from 000000008000899c ut=378
HMEM: read from 00000000800089a4 ut=379
HMEM: read from 00000000800089ac ut=380
HMEM: read from 00000000800089b4 ut=381
HMEM: read from 00000000800089bc ut=382
HMEM: read from 00000000800089c4 ut=383
HMEM: read from 00000000800089cc ut=384
HMEM: read from 00000000800089d4 ut=385
HMEM: read from 00000000800089dc ut=386
HMEM: read from 00000000800089e4 ut=387
HMEM: read from 00000000800089ec ut=388
HMEM: read from 00000000800089f4 ut=389
HMEM: read from 00000000800089fc ut=390
HMEM: read from 0000000080008a04 ut=391
HMEM: read from 0000000080008a0c ut=392
HMEM: read from 0000000080008a14 ut=393
HMEM: read from 0000000080008a1c ut=394
HMEM: read from 0000000080008a24 ut=395
HMEM: read from 0000000080008a2c ut=396
HMEM: read from 0000000080008a34 ut=397
HMEM: read from 0000000080008a3c ut=398
HMEM: read from 0000000080008a44 ut=399
HMEM: read from 0000000080008a4c ut=400
HMEM: read from 0000000080008a54 ut=401
HMEM: read from 0000000080008a5c ut=402
HMEM: read from 0000000080008a64 ut=403
HMEM: read from 0000000080008a6c ut=404
HMEM: read from 0000000080008a74 ut=405
HMEM: read from 0000000080008a7c ut=406
HMEM: read from 0000000080008a84 ut=407
HMEM: read from 0000000080008a8c ut=408
HMEM: read from 0000000080008a94 ut=409
HMEM: read from 0000000080008a9c ut=410
HMEM: read from 0000000080008aa4 ut=411
HMEM: read from 0000000080008aac ut=412
HMEM: read from 0000000080008ab4 ut=413
HMEM: read from 0000000080008abc ut=414
HMEM: read from 0000000080008ac4 ut=415
HMEM: read from 0000000080008acc ut=416
HMEM: read from 0000000080008ad4 ut=417
HMEM: read from 0000000080008adc ut=418
HMEM: read from 0000000080008ae4 ut=419
HMEM: read from 0000000080008aec ut=420
HMEM: read from 0000000080008af4 ut=421
HMEM: read from 0000000080008afc ut=422
HMEM: read from 0000000080008b04 ut=423
HMEM: read from 0000000080008b0c ut=424
HMEM: read from 0000000080008b14 ut=425
HMEM: read from 0000000080008b1c ut=426
HMEM: read from 0000000080008b24 ut=427
HMEM: read from 0000000080008b2c ut=428
HMEM: read from 0000000080008b34 ut=429
HMEM: read from 0000000080008b3c ut=430
HMEM: read from 0000000080008b44 ut=431
HMEM: read from 0000000080008b4c ut=432
HMEM: read from 0000000080008b54 ut=433
HMEM: read from 0000000080008b5c ut=434
HMEM: read from 0000000080008b64 ut=435
HMEM: read from 0000000080008b6c ut=436
HMEM: read from 0000000080008b74 ut=437
HMEM: read from 0000000080008b7c ut=438
HMEM: read from 0000000080008b84 ut=439
HMEM: read from 0000000080008b8c ut=440
HMEM: read from 0000000080008b94 ut=441
HMEM: read from 0000000080008b9c ut=442
HMEM: read from 0000000080008ba4 ut=443
HMEM: read from 0000000080008bac ut=444
HMEM: read from 0000000080008bb4 ut=445
HMEM: read from 0000000080008bbc ut=446
HMEM: read from 0000000080008bc4 ut=447
HMEM: read from 0000000080008bcc ut=448
HMEM: read from 0000000080008bd4 ut=449
HMEM: read from 0000000080008bdc ut=450
HMEM: read from 0000000080008be4 ut=451
HMEM: read from 0000000080008bec ut=452
HMEM: read from 0000000080008bf4 ut=453
HMEM: read from 0000000080008bfc ut=454
HMEM: read from 0000000080008c04 ut=455
HMEM: read from 0000000080008c0c ut=456
HMEM: read from 0000000080008c14 ut=457
HMEM: read from 0000000080008c1c ut=458
HMEM: read from 0000000080008c24 ut=459
HMEM: read from 0000000080008c2c ut=460
HMEM: read from 0000000080008c34 ut=461
HMEM: read from 0000000080008c3c ut=462
HMEM: read from 0000000080008c44 ut=463
HMEM: read from 0000000080008c4c ut=464
HMEM: read from 0000000080008c54 ut=465
HMEM: read from 0000000080008c5c ut=466
HMEM: read from 0000000080008c64 ut=467
HMEM: read from 0000000080008c6c ut=468
HMEM: read from 0000000080008c74 ut=469
HMEM: read from 0000000080008c7c ut=470
HMEM: read from 0000000080008c84 ut=471
HMEM: read from 0000000080008c8c ut=472
HMEM: read from 0000000080008c94 ut=473
HMEM: read from 0000000080008c9c ut=474
HMEM: read from 0000000080008ca4 ut=475
HMEM: read from 0000000080008cac ut=476
HMEM: read from 0000000080008cb4 ut=477
HMEM: read from 0000000080008cbc ut=478
HMEM: read from 0000000080008cc4 ut=479
HMEM: read from 0000000080008ccc ut=480
HMEM: read from 0000000080008cd4 ut=481
HMEM: read from 0000000080008cdc ut=482
HMEM: read from 0000000080008ce4 ut=483
HMEM: read from 0000000080008cec ut=484
HMEM: read from 0000000080008cf4 ut=485
HMEM: read from 0000000080008cfc ut=486
HMEM: read from 0000000080008d04 ut=487
HMEM: read from 0000000080008d0c ut=488
HMEM: read from 0000000080008d14 ut=489
HMEM: read from 0000000080008d1c ut=490
HMEM: read from 0000000080008d24 ut=491
HMEM: read from 0000000080008d2c ut=492
HMEM: read from 0000000080008d34 ut=493
HMEM: read from 0000000080008d3c ut=494
HMEM: read from 0000000080008d44 ut=495
HMEM: read from 0000000080008d4c ut=496
HMEM: read from 0000000080008d54 ut=497
HMEM: read from 0000000080008d5c ut=498
HMEM: read from 0000000080008d64 ut=499
HMEM: read from 0000000080008d6c ut=500
HMEM: read from 0000000080008d74 ut=501
HMEM: read from 0000000080008d7c ut=502
HMEM: read from 0000000080008d84 ut=503
HMEM: read from 0000000080008d8c ut=504
HMEM: read from 0000000080008d94 ut=505
HMEM: read from 0000000080008d9c ut=506
HMEM: read from 0000000080008da4 ut=507
HMEM: read from 0000000080008dac ut=508
HMEM: read from 0000000080008db4 ut=509
HMEM: read from 0000000080008dbc ut=510
HMEM: read from 0000000080008dc4 ut=511
H: WT pc=0000000080002058 inst=80000a0801012b3f next=0000000080002060 vl=512 act=ffffffffffffffffffffffffffffffffffffffffffffffffffffffffffffffffffffffffffffffffffffffffffffffffffffffffffffffffffffffffffffffff
H: WT pc=0000000080002060 inst=a01c02023c032a3f next=0000000080002068 vl=512 act=ffffffffffffffffffffffffffffffffffffffffffffffffffffffffffffffffffffffffffffffffffffffffffffffffffffffffffffffffffffffffffffffff
H: WT pc=0000000080002068 inst=e01c040603032a3f next=0000000080002070 vl=512 act=ffffffffffffffffffffffffffffffffffffffffffffffffffffffffffffffffffffffffffffffffffffffffffffffffffffffffffffffffffffffffffffffff
H: WT pc=0000000080002070 inst=f01c06040202283f next=0000000080002078 vl=512 act=ffffffffffffffffffffffffffffffffffffffffffffffffffffffffffffffffffffffffffffffffffffffffffffffffffffffffffffffffffffffffffffffff
H: WT pc=0000000080002078 inst=c01c160002022a3f next=0000000080002080 vl=512 act=ffffffffffffffffffffffffffffffffffffffffffffffffffffffffffffffffffffffffffffffffffffffffffffffffffffffffffffffffffffffffffffffff
HMEM: write 00000000800055c8 with 00000000437273d5 ut=0
HMEM: write 00000000800055cc with 0000000042f52871 ut=1
HMEM: write 00000000800055d0 with 00000000424de70c ut=2
HMEM: write 00000000800055d4 with 000000004287f5cb ut=3
HMEM: write 00000000800055d8 with 0000000042779316 ut=4
HMEM: write 00000000800055dc with 0000000042481f85 ut=5
HMEM: write 00000000800055e0 with 0000000042314335 ut=6
HMEM: write 00000000800055e4 with 000000004337f2af ut=7
HMEM: write 00000000800055e8 with 0000000042930d5e ut=8
HMEM: write 00000000800055ec with 00000000433afdc3 ut=9
HMEM: write 00000000800055f0 with 00000000428e31f3 ut=10
HMEM: write 00000000800055f4 with 00000000434a1280 ut=11
HMEM: write 00000000800055f8 with 0000000043481d13 ut=12
HMEM: write 00000000800055fc with 00000000433a5d58 ut=13
HMEM: write 0000000080005600 with 0000000042d0f8cd ut=14
HMEM: write 0000000080005604 with 00000000413517bb ut=15
HMEM: write 0000000080005608 with 0000000043865e2d ut=16
HMEM: write 000000008000560c with 000000004351ad7e ut=17
HMEM: write 0000000080005610 with 000000004256d364 ut=18
HMEM: write 0000000080005614 with 0000000042f9ad42 ut=19
HMEM: write 0000000080005618 with 000000004336a12e ut=20
HMEM: write 000000008000561c with 000000004234d5fe ut=21
HMEM: write 0000000080005620 with 0000000042b5a49a ut=22
HMEM: write 0000000080005624 with 000000004307f366 ut=23
HMEM: write 0000000080005628 with 0000000042d399ae ut=24
HMEM: write 000000008000562c with 0000000042bd51ea ut=25
HMEM: write 0000000080005630 with 000000004241eb74 ut=26
HMEM: write 0000000080005634 with 0000000042c037d1 ut=27
HMEM: write 0000000080005638 with 000000004273d8b0 ut=28
HMEM: write 000000008000563c with 0000000042b043e1 ut=29
HMEM: write 0000000080005640 with 0000000042b031f0 ut=30
HMEM: write 0000000080005644 with 0000000043696162 ut=31
HMEM: write 0000000080005648 with 00000000434733b4 ut=32
HMEM: write 000000008000564c with 0000000042b7c0c9 ut=33
HMEM: write 0000000080005650 with 00000000425d21bd ut=34
HMEM: write 0000000080005654 with 00000000428022a7 ut=35
HMEM: write 0000000080005658 with 00000000428a170f ut=36
HMEM: write 000000008000565c with 000000004338e32b ut=37
HMEM: write 0000000080005660 with 0000000042ee1fdd ut=38
HMEM: write 0000000080005664 with 000000004383898d ut=39
HMEM: write 0000000080005668 with 00000000410cf2f9 ut=40
HMEM: write 000000008000566c with 0000000042b4d0b1 ut=41
HMEM: write 0000000080005670 with 0000000042bafbde ut=42
HMEM: write 0000000080005674 with 0000000042ff2c8e ut=43
HMEM: write 0000000080005678 with 0000000042b9d695 ut=44
HMEM: write 000000008000567c with 00000000430d5567 ut=45
HMEM: write 0000000080005680 with 0000000042ca357b ut=46
HMEM: write 0000000080005684 with 0000000042afea34 ut=47
HMEM: write 0000000080005688 with 000000004290bd95 ut=48
HMEM: write 000000008000568c with 0000000042390f4c ut=49
HMEM: write 0000000080005690 with 0000000043079be4 ut=50
HMEM: write 0000000080005694 with 000000004383017f ut=51
HMEM: write 0000000080005698 with 0000000042b7017b ut=52
HMEM: write 000000008000569c with 0000000042f3edfe ut=53
HMEM: write 00000000800056a0 with 00000000435d1175 ut=54
HMEM: write 00000000800056a4 with 000000004341d028 ut=55
HMEM: write 00000000800056a8 with 0000000041c98785 ut=56
HMEM: write 00000000800056ac with 000000004223b560 ut=57
HMEM: write 00000000800056b0 with 0000000042368e04 ut=58
HMEM: write 00000000800056b4 with 0000000042ae392f ut=59
HMEM: write 00000000800056b8 with 0000000041d214d3 ut=60
HMEM: write 00000000800056bc with 000000004322de5e ut=61
HMEM: write 00000000800056c0 with 00000000435e78a7 ut=62
HMEM: write 00000000800056c4 with 0000000042b90db0 ut=63
HMEM: write 00000000800056c8 with 0000000042b26cf6 ut=64
HMEM: write 00000000800056cc with 00000000423a5662 ut=65
HMEM: write 00000000800056d0 with 00000000422b4a87 ut=66
HMEM: write 00000000800056d4 with 00000000424cfbe4 ut=67
HMEM: write 00000000800056d8 with 00000000425440e5 ut=68
HMEM: write 00000000800056dc with 000000004385de3e ut=69
HMEM: write 00000000800056e0 with 0000000042f5f5ea ut=70
HMEM: write 00000000800056e4 with 0000000042c08fe8 ut=71
HMEM: write 00000000800056e8 with 0000000041356cbd ut=72
HMEM: write 00000000800056ec with 00000000436fb778 ut=73
HMEM: write 00000000800056f0 with 00000000426b4665 ut=74
HMEM: write 00000000800056f4 with 000000004311917a ut=75
HMEM: write 00000000800056f8 with 0000000043181e73 ut=76
HMEM: write 00000000800056fc with 000000004239c443 ut=77
HMEM: write 0000000080005700 with 00000000432da2d7 ut=78
HMEM: write 0000000080005704 with 0000000042803532 ut=79
HMEM: write 0000000080005708 with 00000000434c6d4c ut=80
HMEM: write 000000008000570c with 0000000042b1c81f ut=81
HMEM: write 0000000080005710 with 0000000043579d00 ut=82
HMEM: write 0000000080005714 with 0000000042da13d3 ut=83
HMEM: write 0000000080005718 with 0000000041711fda ut=84
HMEM: write 000000008000571c with 0000000042dff520 ut=85
HMEM: write 0000000080005720 with 0000000043626e27 ut=86
HMEM: write 0000000080005724 with 0000000043077ed8 ut=87
HMEM: write 0000000080005728 with 00000000428b68d8 ut=88
HMEM: write 000000008000572c with 00000000433bd842 ut=89
HMEM: write 0000000080005730 with 000000004330e0c6 ut=90
HMEM: write 0000000080005734 with 0000000042a3a536 ut=91
HMEM: write 0000000080005738 with 00000000435b729e ut=92
HMEM: write 000000008000573c with 0000000042628506 ut=93
HMEM: write 0000000080005740 with 0000000042408452 ut=94
HMEM: write 0000000080005744 with 00000000432ccf1e ut=95
HMEM: write 0000000080005748 with 0000000043368655 ut=96
HMEM: write 000000008000574c with 0000000041b3b9fc ut=97
HMEM: write 0000000080005750 with 000000004381eae3 ut=98
HMEM: write 0000000080005754 with 0000000041969d85 ut=99
HMEM: write 0000000080005758 with 000000004209d2df ut=100
HMEM: write 000000008000575c with 0000000043129727 ut=101
HMEM: write 0000000080005760 with 0000000042a4d89a ut=102
HMEM: write 0000000080005764 with 0000000042faa1e7 ut=103
HMEM: write 0000000080005768 with 0000000041f5724e ut=104
HMEM: write 000000008000576c with 0000000041a46d8d ut=105
HMEM: write 0000000080005770 with 00000000426a0754 ut=106
HMEM: write 0000000080005774 with 0000000043263d53 ut=107
HMEM: write 0000000080005778 with 0000000042dd51da ut=108
HMEM: write 000000008000577c with 000000004383b3f7 ut=109
HMEM: write 0000000080005780 with 00000000436027ed ut=110
HMEM: write 0000000080005784 with 000000004355f97e ut=111
HMEM: write 0000000080005788 with 0000000042b963d3 ut=112
HMEM: write 000000008000578c with 000000004251396a ut=113
HMEM: write 0000000080005790 with 00000000432aa60a ut=114
HMEM: write 0000000080005794 with 00000000428ca0f6 ut=115
HMEM: write 0000000080005798 with 0000000042947c04 ut=116
HMEM: write 000000008000579c with 00000000434dbde6 ut=117
HMEM: write 00000000800057a0 with 0000000041b20410 ut=118
HMEM: write 00000000800057a4 with 0000000043617c49 ut=119
HMEM: write 00000000800057a8 with 00000000433bc7e0 ut=120
HMEM: write 00000000800057ac with 000000004313cd92 ut=121
HMEM: write 00000000800057b0 with 000000004201c96d ut=122
HMEM: write 00000000800057b4 with 0000000042ec756f ut=123
HMEM: write 00000000800057b8 with 0000000042bb796a ut=124
HMEM: write 00000000800057bc with 00000000421e7491 ut=125
HMEM: write 00000000800057c0 with 000000004300b8f2 ut=126
HMEM: write 00000000800057c4 with 00000000433e7570 ut=127
HMEM: write 00000000800057c8 with 0000000042126f0d ut=128
HMEM: write 00000000800057cc with 0000000042c5d155 ut=129
HMEM: write 00000000800057d0 with 0000000042331b39 ut=130
HMEM: write 00000000800057d4 with 0000000042929079 ut=131
HMEM: write 00000000800057d8 with 0000000042ba1803 ut=132
HMEM: write 00000000800057dc with 0000000042ae7aaa ut=133
HMEM: write 00000000800057e0 with 00000000434872ec ut=134
HMEM: write 00000000800057e4 with 00000000428fdd49 ut=135
HMEM: write 00000000800057e8 with 00000000425d29c7 ut=136
HMEM: write 00000000800057ec with 00000000430b324e ut=137
HMEM: write 00000000800057f0 with 00000000431fa762 ut=138
HMEM: write 00000000800057f4 with 0000000042c639a6 ut=139
HMEM: write 00000000800057f8 with 000000004295d4c7 ut=140
HMEM: write 00000000800057fc with 0000000043807fb0 ut=141
HMEM: write 0000000080005800 with 00000000432dff49 ut=142
HMEM: write 0000000080005804 with 0000000042b9fbe1 ut=143
HMEM: write 0000000080005808 with 0000000042431f83 ut=144
HMEM: write 000000008000580c with 0000000042db11da ut=145
HMEM: write 0000000080005810 with 0000000042afbe2d ut=146
HMEM: write 0000000080005814 with 0000000042744c5b ut=147
HMEM: write 0000000080005818 with 0000000041569936 ut=148
HMEM: write 000000008000581c with 00000000421611c2 ut=149
HMEM: write 0000000080005820 with 0000000043503066 ut=150
HMEM: write 0000000080005824 with 0000000040fc58ce ut=151
HMEM: write 0000000080005828 with 0000000042a707e5 ut=152
HMEM: write 000000008000582c with 0000000042ef7512 ut=153
HMEM: write 0000000080005830 with 0000000043391374 ut=154
HMEM: write 0000000080005834 with 00000000430cc091 ut=155
HMEM: write 0000000080005838 with 000000004386472d ut=156
HMEM: write 000000008000583c with 000000004263d8ac ut=157
HMEM: write 0000000080005840 with 0000000042891035 ut=158
HMEM: write 0000000080005844 with 00000000437abdc6 ut=159
HMEM: write 0000000080005848 with 0000000043795923 ut=160
HMEM: write 000000008000584c with 000000004340c6ba ut=161
HMEM: write 0000000080005850 with 0000000042b7f1c2 ut=162
HMEM: write 0000000080005854 with 0000000042ec9da3 ut=163
HMEM: write 0000000080005858 with 0000000042528887 ut=164
HMEM: write 000000008000585c with 00000000408b63a7 ut=165
HMEM: write 0000000080005860 with 0000000042ec6596 ut=166
HMEM: write 0000000080005864 with 000000004200ee93 ut=167
HMEM: write 0000000080005868 with 00000000425e86a8 ut=168
HMEM: write 000000008000586c with 00000000438216ae ut=169
HMEM: write 0000000080005870 with 00000000432a115f ut=170
HMEM: write 0000000080005874 with 0000000043560882 ut=171
HMEM: write 0000000080005878 with 000000004385dada ut=172
HMEM: write 000000008000587c with 000000004341052d ut=173
HMEM: write 0000000080005880 with 0000000042b7e893 ut=174
HMEM: write 0000000080005884 with 0000000042877b2e ut=175
HMEM: write 0000000080005888 with 000000004323b974 ut=176
HMEM: write 000000008000588c with 000000004325d5a4 ut=177
HMEM: write 0000000080005890 with 0000000042c0c4de ut=178
HMEM: write 0000000080005894 with 00000000437a472d ut=179
HMEM: write 0000000080005898 with 00000000431c6ffa ut=180
HMEM: write 000000008000589c with 00000000418ec279 ut=181
HMEM: write 00000000800058a0 with 0000000040d6d5b0 ut=182
HMEM: write 00000000800058a4 with 0000000042f6d549 ut=183
HMEM: write 00000000800058a8 with 00000000433ffbfe ut=184
HMEM: write 00000000800058ac with 000000004164ee93 ut=185
HMEM: write 00000000800058b0 with 000000004344fb33 ut=186
HMEM: write 00000000800058b4 with 00000000425c1588 ut=187
HMEM: write 00000000800058b8 with 00000000427e6dd3 ut=188
HMEM: write 00000000800058bc with 000000004380d38f ut=189
HMEM: write 00000000800058c0 with 000000004306075f ut=190
HMEM: write 00000000800058c4 with 0000000043795daa ut=191
HMEM: write 00000000800058c8 with 00000000425b4697 ut=192
HMEM: write 00000000800058cc with 000000004336b535 ut=193
HMEM: write 00000000800058d0 with 00000000432f3f83 ut=194
HMEM: write 00000000800058d4 with 00000000426bcdb0 ut=195
HMEM: write 00000000800058d8 with 00000000433382bc ut=196
HMEM: write 00000000800058dc with 0000000043252368 ut=197
HMEM: write 00000000800058e0 with 000000004257cd01 ut=198
HMEM: write 00000000800058e4 with 0000000042b406be ut=199
HMEM: write 00000000800058e8 with 00000000437a49ea ut=200
HMEM: write 00000000800058ec with 000000004380d4bb ut=201
HMEM: write 00000000800058f0 with 00000000418272bf ut=202
HMEM: write 00000000800058f4 with 0000000042953c7d ut=203
HMEM: write 00000000800058f8 with 0000000042b253dc ut=204
HMEM: write 00000000800058fc with 0000000041c4e57f ut=205
HMEM: write 0000000080005900 with 0000000042c9b051 ut=206
HMEM: write 0000000080005904 with 0000000042880cf3 ut=207
HMEM: write 0000000080005908 with 000000004323be09 ut=208
HMEM: write 000000008000590c with 00000000427b7cfa ut=209
HMEM: write 0000000080005910 with 00000000436f0a07 ut=210
HMEM: write 0000000080005914 with 0000000043457059 ut=211
HMEM: write 0000000080005918 with 0000000043850349 ut=212
HMEM: write 000000008000591c with 0000000043832850 ut=213
HMEM: write 0000000080005920 with 0000000041fe567a ut=214
HMEM: write 0000000080005924 with 0000000042ed1365 ut=215
HMEM: write 0000000080005928 with 0000000043001364 ut=216
HMEM: write 000000008000592c with 0000000042a60073 ut=217
HMEM: write 0000000080005930 with 000000004273a34b ut=218
HMEM: write 0000000080005934 with 00000000432d2917 ut=219
HMEM: write 0000000080005938 with 0000000042bba084 ut=220
HMEM: write 000000008000593c with 0000000042817342 ut=221
HMEM: write 0000000080005940 with 00000000436331f9 ut=222
HMEM: write 0000000080005944 with 0000000042df374a ut=223
HMEM: write 0000000080005948 with 0000000042389918 ut=224
HMEM: write 000000008000594c with 0000000041dc2171 ut=225
HMEM: write 0000000080005950 with 0000000041590e91 ut=226
HMEM: write 0000000080005954 with 0000000042260465 ut=227
HMEM: write 0000000080005958 with 000000004229a5f9 ut=228
HMEM: write 000000008000595c with 0000000042ecffc2 ut=229
HMEM: write 0000000080005960 with 00000000420583a9 ut=230
HMEM: write 0000000080005964 with 000000004196f8e6 ut=231
HMEM: write 0000000080005968 with 0000000042beee3a ut=232
HMEM: write 000000008000596c with 0000000042107f7e ut=233
HMEM: write 0000000080005970 with 00000000437e0528 ut=234
HMEM: write 0000000080005974 with 0000000042b43988 ut=235
HMEM: write 0000000080005978 with 00000000414ca15f ut=236
HMEM: write 000000008000597c with 0000000042affc72 ut=237
HMEM: write 0000000080005980 with 000000004382565a ut=238
HMEM: write 0000000080005984 with 0000000041be8282 ut=239
HMEM: write 0000000080005988 with 00000000424c7684 ut=240
HMEM: write 000000008000598c with 0000000042b10767 ut=241
HMEM: write 0000000080005990 with 000000004384f4b8 ut=242
HMEM: write 0000000080005994 with 0000000042ff0401 ut=243
HMEM: write 0000000080005998 with 00000000437a25f6 ut=244
HMEM: write 000000008000599c with 0000000043826908 ut=245
HMEM: write 00000000800059a0 with 000000004346876b ut=246
HMEM: write 00000000800059a4 with 0000000043832011 ut=247
HMEM: write 00000000800059a8 with 0000000041b2c869 ut=248
HMEM: write 00000000800059ac with 000000004380fa69 ut=249
HMEM: write 00000000800059b0 with 00000000432ef134 ut=250
HMEM: write 00000000800059b4 with 00000000412df59c ut=251
HMEM: write 00000000800059b8 with 0000000042a3963d ut=252
HMEM: write 00000000800059bc with 0000000042c49aa6 ut=253
HMEM: write 00000000800059c0 with 0000000043810511 ut=254
HMEM: write 00000000800059c4 with 0000000042c29c63 ut=255
HMEM: write 00000000800059c8 with 00000000431e8d21 ut=256
HMEM: write 00000000800059cc with 00000000434f1e5c ut=257
HMEM: write 00000000800059d0 with 0000000041dce135 ut=258
HMEM: write 00000000800059d4 with 0000000043698b43 ut=259
HMEM: write 00000000800059d8 with 0000000042672829 ut=260
HMEM: write 00000000800059dc with 00000000431239d8 ut=261
HMEM: write 00000000800059e0 with 0000000042a7c77e ut=262
HMEM: write 00000000800059e4 with 0000000043370867 ut=263
HMEM: write 00000000800059e8 with 00000000433c5cdc ut=264
HMEM: write 00000000800059ec with 00000000435a67c2 ut=265
HMEM: write 00000000800059f0 with 000000004318f86c ut=266
HMEM: write 00000000800059f4 with 00000000421ab432 ut=267
HMEM: write 00000000800059f8 with 0000000042ac819f ut=268
HMEM: write 00000000800059fc with 0000000043851421 ut=269
HMEM: write 0000000080005a00 with 000000004249fdba ut=270
HMEM: write 0000000080005a04 with 000000004256127f ut=271
HMEM: write 0000000080005a08 with 0000000043369916 ut=272
HMEM: write 0000000080005a0c with 00000000430db9f1 ut=273
HMEM: write 0000000080005a10 with 0000000042b30fe3 ut=274
HMEM: write 0000000080005a14 with 00000000428952ec ut=275
HMEM: write 0000000080005a18 with 000000004200517a ut=276
HMEM: write 0000000080005a1c with 0000000042a7437c ut=277
HMEM: write 0000000080005a20 with 00000000426b5f85 ut=278
HMEM: write 0000000080005a24 with 0000000042d03282 ut=279
HMEM: write 0000000080005a28 with 000000004304e966 ut=280
HMEM: write 0000000080005a2c with 0000000042a4734e ut=281
HMEM: write 0000000080005a30 with 0000000042aa895c ut=282
HMEM: write 0000000080005a34 with 00000000420dc7c9 ut=283
HMEM: write 0000000080005a38 with 0000000042957e84 ut=284
HMEM: write 0000000080005a3c with 000000004372986f ut=285
HMEM: write 0000000080005a40 with 00000000430f8e95 ut=286
HMEM: write 0000000080005a44 with 0000000043012e86 ut=287
HMEM: write 0000000080005a48 with 0000000042891659 ut=288
HMEM: write 0000000080005a4c with 00000000427b5c03 ut=289
HMEM: write 0000000080005a50 with 000000004314eb69 ut=290
HMEM: write 0000000080005a54 with 00000000422a1bac ut=291
HMEM: write 0000000080005a58 with 00000000427087b7 ut=292
HMEM: write 0000000080005a5c with 0000000043043604 ut=293
HMEM: write 0000000080005a60 with 0000000043479085 ut=294
HMEM: write 0000000080005a64 with 0000000042086808 ut=295
HMEM: write 0000000080005a68 with 0000000042f45fbe ut=296
HMEM: write 0000000080005a6c with 0000000041e80cbb ut=297
HMEM: write 0000000080005a70 with 0000000042562351 ut=298
HMEM: write 0000000080005a74 with 0000000041f902f2 ut=299
HMEM: write 0000000080005a78 with 0000000042a4babf ut=300
HMEM: write 0000000080005a7c with 0000000043424dd2 ut=301
HMEM: write 0000000080005a80 with 0000000043290fcb ut=302
HMEM: write 0000000080005a84 with 0000000041e4dfb1 ut=303
HMEM: write 0000000080005a88 with 00000000422539ba ut=304
HMEM: write 0000000080005a8c with 000000004309ccb9 ut=305
HMEM: write 0000000080005a90 with 000000004237bd73 ut=306
HMEM: write 0000000080005a94 with 0000000042bca4e4 ut=307
HMEM: write 0000000080005a98 with 0000000043550c95 ut=308
HMEM: write 0000000080005a9c with 000000004361c183 ut=309
HMEM: write 0000000080005aa0 with 000000004367d9ac ut=310
HMEM: write 0000000080005aa4 with 0000000042cbeb3d ut=311
HMEM: write 0000000080005aa8 with 0000000041f135ed ut=312
HMEM: write 0000000080005aac with 0000000043353f65 ut=313
HMEM: write 0000000080005ab0 with 0000000042994c44 ut=314
HMEM: write 0000000080005ab4 with 000000004361026b ut=315
HMEM: write 0000000080005ab8 with 00000000423c6a4e ut=316
HMEM: write 0000000080005abc with 000000004290f496 ut=317
HMEM: write 0000000080005ac0 with 000000004301cf77 ut=318
HMEM: write 0000000080005ac4 with 0000000042ad7792 ut=319
HMEM: write 0000000080005ac8 with 0000000040ca6eb0 ut=320
HMEM: write 0000000080005acc with 00000000432c57df ut=321
HMEM: write 0000000080005ad0 with 00000000428916f7 ut=322
HMEM: write 0000000080005ad4 with 0000000043244a8c ut=323
HMEM: write 0000000080005ad8 with 0000000042fe5b0e ut=324
HMEM: write 0000000080005adc with 0000000042471b07 ut=325
HMEM: write 0000000080005ae0 with 000000004369e613 ut=326
HMEM: write 0000000080005ae4 with 00000000430b08e2 ut=327
HMEM: write 0000000080005ae8 with 0000000042f6646e ut=328
HMEM: write 0000000080005aec with 0000000042158685 ut=329
HMEM: write 0000000080005af0 with 0000000042b0115a ut=330
HMEM: write 0000000080005af4 with 000000004199449a ut=331
HMEM: write 0000000080005af8 with 00000000435bbfc3 ut=332
HMEM: write 0000000080005afc with 000000004232cf13 ut=333
HMEM: write 0000000080005b00 with 0000000042c76321 ut=334
HMEM: write 0000000080005b04 with 000000004293b08d ut=335
HMEM: write 0000000080005b08 with 0000000042e48e9d ut=336
HMEM: write 0000000080005b0c with 0000000041f5e8eb ut=337
HMEM: write 0000000080005b10 with 00000000432d1ad2 ut=338
HMEM: write 0000000080005b14 with 0000000042645ab9 ut=339
HMEM: write 0000000080005b18 with 000000004232a420 ut=340
HMEM: write 0000000080005b1c with 0000000041de0ed5 ut=341
HMEM: write 0000000080005b20 with 0000000042a5aa9e ut=342
HMEM: write 0000000080005b24 with 000000004224a536 ut=343
HMEM: write 0000000080005b28 with 0000000042809247 ut=344
HMEM: write 0000000080005b2c with 0000000042ef4462 ut=345
HMEM: write 0000000080005b30 with 00000000427941eb ut=346
HMEM: write 0000000080005b34 with 0000000042aff0eb ut=347
HMEM: write 0000000080005b38 with 00000000430c41c9 ut=348
HMEM: write 0000000080005b3c with 0000000043262aff ut=349
HMEM: write 0000000080005b40 with 000000004322d10f ut=350
HMEM: write 0000000080005b44 with 0000000042ce6bc8 ut=351
HMEM: write 0000000080005b48 with 0000000043853582 ut=352
HMEM: write 0000000080005b4c with 0000000042b8c50d ut=353
HMEM: write 0000000080005b50 with 00000000421a58d4 ut=354
HMEM: write 0000000080005b54 with 00000000420aec0d ut=355
HMEM: write 0000000080005b58 with 0000000042ffb02c ut=356
HMEM: write 0000000080005b5c with 00000000427474c7 ut=357
HMEM: write 0000000080005b60 with 0000000042c01e5f ut=358
HMEM: write 0000000080005b64 with 0000000042cfa037 ut=359
HMEM: write 0000000080005b68 with 000000004309373a ut=360
HMEM: write 0000000080005b6c with 00000000434fcefa ut=361
HMEM: write 0000000080005b70 with 0000000041b0447d ut=362
HMEM: write 0000000080005b74 with 00000000429110da ut=363
HMEM: write 0000000080005b78 with 00000000429a3df9 ut=364
HMEM: write 0000000080005b7c with 00000000438581dd ut=365
HMEM: write 0000000080005b80 with 00000000423d44e5 ut=366
HMEM: write 0000000080005b84 with 0000000041cb6116 ut=367
HMEM: write 0000000080005b88 with 00000000421b7ec4 ut=368
HMEM: write 0000000080005b8c with 000000004269ab7b ut=369
HMEM: write 0000000080005b90 with 00000000438014c2 ut=370
HMEM: write 0000000080005b94 with 000000004164912b ut=371
HMEM: write 0000000080005b98 with 0000000041f1848a ut=372
HMEM: write 0000000080005b9c with 0000000043881f5d ut=373
HMEM: write 0000000080005ba0 with 0000000042dfd08d ut=374
HMEM: write 0000000080005ba4 with 0000000043215f0f ut=375
HMEM: write 0000000080005ba8 with 00000000434bd2ae ut=376
HMEM: write 0000000080005bac with 000000004308892f ut=377
HMEM: write 0000000080005bb0 with 0000000043521161 ut=378
HMEM: write 0000000080005bb4 with 0000000042c00541 ut=379
HMEM: write 0000000080005bb8 with 0000000042a32487 ut=380
HMEM: write 0000000080005bbc with 0000000042e32d6b ut=381
HMEM: write 0000000080005bc0 with 0000000042e53668 ut=382
HMEM: write 0000000080005bc4 with 00000000435f6dcc ut=383
HMEM: write 0000000080005bc8 with 0000000042ad9fef ut=384
HMEM: write 0000000080005bcc with 0000000042a2bed7 ut=385
HMEM: write 0000000080005bd0 with 0000000042be196b ut=386
HMEM: write 0000000080005bd4 with 000000004341d656 ut=387
HMEM: write 0000000080005bd8 with 00000000427a98ab ut=388
HMEM: write 0000000080005bdc with 00000000430ca949 ut=389
HMEM: write 0000000080005be0 with 000000004234c6f0 ut=390
HMEM: write 0000000080005be4 with 0000000043201939 ut=391
HMEM: write 0000000080005be8 with 00000000429c843e ut=392
HMEM: write 0000000080005bec with 0000000042ad9ccd ut=393
HMEM: write 0000000080005bf0 with 000000004281e953 ut=394
HMEM: write 0000000080005bf4 with 0000000041b6fde1 ut=395
HMEM: write 0000000080005bf8 with 00000000429557a9 ut=396
HMEM: write 0000000080005bfc with 000000004365f0c7 ut=397
HMEM: write 0000000080005c00 with 000000004332b3f3 ut=398
HMEM: write 0000000080005c04 with 00000000432c29f5 ut=399
HMEM: write 0000000080005c08 with 00000000425d37e7 ut=400
HMEM: write 0000000080005c0c with 0000000042994f00 ut=401
HMEM: write 0000000080005c10 with 00000000430a4a2f ut=402
HMEM: write 0000000080005c14 with 0000000043853775 ut=403
HMEM: write 0000000080005c18 with 00000000434e9ba2 ut=404
HMEM: write 0000000080005c1c with 00000000433bd682 ut=405
HMEM: write 0000000080005c20 with 0000000041f0a971 ut=406
HMEM: write 0000000080005c24 with 00000000425f69fc ut=407
HMEM: write 0000000080005c28 with 00000000425453e2 ut=408
HMEM: write 0000000080005c2c with 00000000432b994b ut=409
HMEM: write 0000000080005c30 with 00000000422a3ce3 ut=410
HMEM: write 0000000080005c34 with 0000000042036ae9 ut=411
HMEM: write 0000000080005c38 with 00000000417c3135 ut=412
HMEM: write 0000000080005c3c with 00000000428a4b24 ut=413
HMEM: write 0000000080005c40 with 00000000429c4e05 ut=414
HMEM: write 0000000080005c44 with 0000000043514591 ut=415
HMEM: write 0000000080005c48 with 000000004280a6c5 ut=416
HMEM: write 0000000080005c4c with 0000000042a3d0f3 ut=417
HMEM: write 0000000080005c50 with 0000000042aeac67 ut=418
HMEM: write 0000000080005c54 with 00000000434cf700 ut=419
HMEM: write 0000000080005c58 with 0000000042b1856c ut=420
HMEM: write 0000000080005c5c with 000000004351d8bb ut=421
HMEM: write 0000000080005c60 with 000000004204c27b ut=422
HMEM: write 0000000080005c64 with 000000004360033e ut=423
HMEM: write 0000000080005c68 with 000000004326942b ut=424
HMEM: write 0000000080005c6c with 00000000437fbacb ut=425
HMEM: write 0000000080005c70 with 000000004230b894 ut=426
HMEM: write 0000000080005c74 with 0000000043174ff8 ut=427
HMEM: write 0000000080005c78 with 00000000425d4df6 ut=428
HMEM: write 0000000080005c7c with 000000004317c8a0 ut=429
HMEM: write 0000000080005c80 with 0000000043192fa0 ut=430
HMEM: write 0000000080005c84 with 00000000425d99d4 ut=431
HMEM: write 0000000080005c88 with 0000000043714e7e ut=432
HMEM: write 0000000080005c8c with 0000000043726d9a ut=433
HMEM: write 0000000080005c90 with 0000000042a7b6c0 ut=434
HMEM: write 0000000080005c94 with 0000000041e0289f ut=435
HMEM: write 0000000080005c98 with 000000004291c71d ut=436
HMEM: write 0000000080005c9c with 0000000041ff7774 ut=437
HMEM: write 0000000080005ca0 with 0000000043395df8 ut=438
HMEM: write 0000000080005ca4 with 0000000042a49986 ut=439
HMEM: write 0000000080005ca8 with 00000000434bd317 ut=440
HMEM: write 0000000080005cac with 0000000042fac32d ut=441
HMEM: write 0000000080005cb0 with 000000004295d477 ut=442
HMEM: write 0000000080005cb4 with 00000000432becb0 ut=443
HMEM: write 0000000080005cb8 with 00000000429891ab ut=444
HMEM: write 0000000080005cbc with 0000000042bebb50 ut=445
HMEM: write 0000000080005cc0 with 0000000043527560 ut=446
HMEM: write 0000000080005cc4 with 00000000430e813e ut=447
HMEM: write 0000000080005cc8 with 00000000425fd2f3 ut=448
HMEM: write 0000000080005ccc with 000000004296daae ut=449
HMEM: write 0000000080005cd0 with 00000000427ffec3 ut=450
HMEM: write 0000000080005cd4 with 0000000042280989 ut=451
HMEM: write 0000000080005cd8 with 00000000436282a6 ut=452
HMEM: write 0000000080005cdc with 000000004325b4e0 ut=453
HMEM: write 0000000080005ce0 with 0000000043703871 ut=454
HMEM: write 0000000080005ce4 with 00000000435bb62d ut=455
HMEM: write 0000000080005ce8 with 000000004138bcbe ut=456
HMEM: write 0000000080005cec with 000000004255c2e2 ut=457
HMEM: write 0000000080005cf0 with 000000004317fed0 ut=458
HMEM: write 0000000080005cf4 with 00000000421670a4 ut=459
HMEM: write 0000000080005cf8 with 0000000042129702 ut=460
HMEM: write 0000000080005cfc with 0000000042aee386 ut=461
HMEM: write 0000000080005d00 with 000000004343ef1b ut=462
HMEM: write 0000000080005d04 with 0000000041d0bfe9 ut=463
HMEM: write 0000000080005d08 with 0000000042995c92 ut=464
HMEM: write 0000000080005d0c with 0000000042193cf3 ut=465
HMEM: write 0000000080005d10 with 00000000408d638d ut=466
HMEM: write 0000000080005d14 with 0000000043034888 ut=467
HMEM: write 0000000080005d18 with 000000004386928f ut=468
HMEM: write 0000000080005d1c with 00000000429c40c8 ut=469
HMEM: write 0000000080005d20 with 00000000437c7056 ut=470
HMEM: write 0000000080005d24 with 0000000042102e6d ut=471
HMEM: write 0000000080005d28 with 00000000430a01b7 ut=472
HMEM: write 0000000080005d2c with 0000000043861ab2 ut=473
HMEM: write 0000000080005d30 with 000000004222abad ut=474
HMEM: write 0000000080005d34 with 0000000042914fd4 ut=475
HMEM: write 0000000080005d38 with 00000000416cd812 ut=476
HMEM: write 0000000080005d3c with 0000000042599abf ut=477
HMEM: write 0000000080005d40 with 000000004325fb38 ut=478
HMEM: write 0000000080005d44 with 00000000429dee69 ut=479
HMEM: write 0000000080005d48 with 0000000042f64a0f ut=480
HMEM: write 0000000080005d4c with 000000004209adac ut=481
HMEM: write 0000000080005d50 with 0000000042acd038 ut=482
HMEM: write 0000000080005d54 with 0000000042e019e8 ut=483
HMEM: write 0000000080005d58 with 0000000042e4912d ut=484
HMEM: write 0000000080005d5c with 0000000042ae2ff0 ut=485
HMEM: write 0000000080005d60 with 0000000042851acf ut=486
HMEM: write 0000000080005d64 with 00000000426e7169 ut=487
HMEM: write 0000000080005d68 with 00000000433988fc ut=488
HMEM: write 0000000080005d6c with 000000004320aa86 ut=489
HMEM: write 0000000080005d70 with 00000000423020e6 ut=490
HMEM: write 0000000080005d74 with 00000000437322a5 ut=491
HMEM: write 0000000080005d78 with 00000000422b9539 ut=492
HMEM: write 0000000080005d7c with 0000000043426289 ut=493
HMEM: write 0000000080005d80 with 000000004356bcbb ut=494
HMEM: write 0000000080005d84 with 000000004370ad38 ut=495
HMEM: write 0000000080005d88 with 00000000427ec239 ut=496
HMEM: write 0000000080005d8c with 000000004282c957 ut=497
HMEM: write 0000000080005d90 with 00000000431a44e8 ut=498
HMEM: write 0000000080005d94 with 00000000437fe4b4 ut=499
HMEM: write 0000000080005d98 with 0000000041ea669b ut=500
HMEM: write 0000000080005d9c with 000000004361364a ut=501
HMEM: write 0000000080005da0 with 0000000042d22c90 ut=502
HMEM: write 0000000080005da4 with 0000000042ca5876 ut=503
HMEM: write 0000000080005da8 with 0000000041d1b568 ut=504
HMEM: write 0000000080005dac with 000000004315ceaa ut=505
HMEM: write 0000000080005db0 with 00000000431d953d ut=506
HMEM: write 0000000080005db4 with 00000000436fe5b4 ut=507
HMEM: write 0000000080005db8 with 0000000042cfe26b ut=508
HMEM: write 0000000080005dbc with 0000000042a37d33 ut=509
HMEM: write 0000000080005dc0 with 00000000426ff759 ut=510
HMEM: write 0000000080005dc4 with 0000000043513ec3 ut=511
H: WT pc=0000000080002080 inst=8000080002022f3f next=0000000080002088 vl=512 act=ffffffffffffffffffffffffffffffffffffffffffffffffffffffffffffffffffffffffffffffffffffffffffffffffffffffffffffffffffffffffffffffff
H: WT pc=0000000080002088 inst=86aa04040201063f next=0000000080002090 vl=512 act=ffffffffffffffffffffffffffffffffffffffffffffffffffffffffffffffffffffffffffffffffffffffffffffffffffffffffffffffffffffffffffffffff
H: WT pc=0000000080002090 inst=87ba06060101063f next=0000000080002098 vl=512 act=ffffffffffffffffffffffffffffffffffffffffffffffffffffffffffffffffffffffffffffffffffffffffffffffffffffffffffffffffffffffffffffffff
H: WT pc=0000000080002098 inst=0000000000000c3f next=00000000800020a0 vl=512 act=-
H: WT pc=0000000080002010 inst=87fe00000000063f next=0000000080002018 vl=512 act=ffffffffffffffffffffffffffffffffffffffffffffffffffffffffffffffffffffffffffffffffffffffffffffffffffffffffffffffffffffffffffffffff
H: WT pc=0000000080002018 inst=805800000000063f next=0000000080002020 vl=512 act=ffffffffffffffffffffffffffffffffffffffffffffffffffffffffffffffffffffffffffffffffffffffffffffffffffffffffffffffffffffffffffffffff
H: WT pc=0000000080002020 inst=c000007e0000063f next=0000000080002028 vl=512 act=ffffffffffffffffffffffffffffffffffffffffffffffffffffffffffffffffffffffffffffffffffffffffffffffffffffffffffffffffffffffffffffffff
H: WT pc=0000000080002028 inst=c012007c0001063f next=0000000080002030 vl=512 act=ffffffffffffffffffffffffffffffffffffffffffffffffffffffffffffffffffffffffffffffffffffffffffffffffffffffffffffffffffffffffffffffff
H: WT pc=0000000080002030 inst=860202020002063f next=0000000080002038 vl=512 act=ffffffffffffffffffffffffffffffffffffffffffffffffffffffffffffffffffffffffffffffffffffffffffffffffffffffffffffffffffffffffffffffff
H: WT pc=0000000080002038 inst=840a02020003063f next=0000000080002040 vl=512 act=ffffffffffffffffffffffffffffffffffffffffffffffffffffffffffffffffffffffffffffffffffffffffffffffffffffffffffffffffffffffffffffffff
H: WT pc=0000000080002040 inst=0000004900012dbf next=0000000080002048 vl=512 act=-
HMEM: read from 0000000080008dc8 ut=0
HMEM: read from 0000000080008dd0 ut=1
HMEM: read from 0000000080008dd8 ut=2
HMEM: read from 0000000080008de0 ut=3
HMEM: read from 0000000080008de8 ut=4
HMEM: read from 0000000080008df0 ut=5
HMEM: read from 0000000080008df8 ut=6
HMEM: read from 0000000080008e00 ut=7
HMEM: read from 0000000080008e08 ut=8
HMEM: read from 0000000080008e10 ut=9
HMEM: read from 0000000080008e18 ut=10
HMEM: read from 0000000080008e20 ut=11
HMEM: read from 0000000080008e28 ut=12
HMEM: read from 0000000080008e30 ut=13
HMEM: read from 0000000080008e38 ut=14
HMEM: read from 0000000080008e40 ut=15
HMEM: read from 0000000080008e48 ut=16
HMEM: read from 0000000080008e50 ut=17
HMEM: read from 0000000080008e58 ut=18
HMEM: read from 0000000080008e60 ut=19
HMEM: read from 0000000080008e68 ut=20
HMEM: read from 0000000080008e70 ut=21
HMEM: read from 0000000080008e78 ut=22
HMEM: read from 0000000080008e80 ut=23
HMEM: read from 0000000080008e88 ut=24
HMEM: read from 0000000080008e90 ut=25
HMEM: read from 0000000080008e98 ut=26
HMEM: read from 0000000080008ea0 ut=27
HMEM: read from 0000000080008ea8 ut=28
HMEM: read from 0000000080008eb0 ut=29
HMEM: read from 0000000080008eb8 ut=30
HMEM: read from 0000000080008ec0 ut=31
HMEM: read from 0000000080008ec8 ut=32
HMEM: read from 0000000080008ed0 ut=33
HMEM: read from 0000000080008ed8 ut=34
HMEM: read from 0000000080008ee0 ut=35
HMEM: read from 0000000080008ee8 ut=36
HMEM: read from 0000000080008ef0 ut=37
HMEM: read from 0000000080008ef8 ut=38
HMEM: read from 0000000080008f00 ut=39
HMEM: read from 0000000080008f08 ut=40
HMEM: read from 0000000080008f10 ut=41
HMEM: read from 0000000080008f18 ut=42
HMEM: read from 0000000080008f20 ut=43
HMEM: read from 0000000080008f28 ut=44
HMEM: read from 0000000080008f30 ut=45
HMEM: read from 0000000080008f38 ut=46
HMEM: read from 0000000080008f40 ut=47
HMEM: read from 0000000080008f48 ut=48
HMEM: read from 0000000080008f50 ut=49
HMEM: read from 0000000080008f58 ut=50
HMEM: read from 0000000080008f60 ut=51
HMEM: read from 0000000080008f68 ut=52
HMEM: read from 0000000080008f70 ut=53
HMEM: read from 0000000080008f78 ut=54
HMEM: read from 0000000080008f80 ut=55
HMEM: read from 0000000080008f88 ut=56
HMEM: read from 0000000080008f90 ut=57
HMEM: read from 0000000080008f98 ut=58
HMEM: read from 0000000080008fa0 ut=59
HMEM: read from 0000000080008fa8 ut=60
HMEM: read from 0000000080008fb0 ut=61
HMEM: read from 0000000080008fb8 ut=62
HMEM: read from 0000000080008fc0 ut=63
HMEM: read from 0000000080008fc8 ut=64
HMEM: read from 0000000080008fd0 ut=65
HMEM: read from 0000000080008fd8 ut=66
HMEM: read from 0000000080008fe0 ut=67
HMEM: read from 0000000080008fe8 ut=68
HMEM: read from 0000000080008ff0 ut=69
HMEM: read from 0000000080008ff8 ut=70
HMEM: read from 0000000080009000 ut=71
HMEM: read from 0000000080009008 ut=72
HMEM: read from 0000000080009010 ut=73
HMEM: read from 0000000080009018 ut=74
HMEM: read from 0000000080009020 ut=75
HMEM: read from 0000000080009028 ut=76
HMEM: read from 0000000080009030 ut=77
HMEM: read from 0000000080009038 ut=78
HMEM: read from 0000000080009040 ut=79
HMEM: read from 0000000080009048 ut=80
HMEM: read from 0000000080009050 ut=81
HMEM: read from 0000000080009058 ut=82
HMEM: read from 0000000080009060 ut=83
HMEM: read from 0000000080009068 ut=84
HMEM: read from 0000000080009070 ut=85
HMEM: read from 0000000080009078 ut=86
HMEM: read from 0000000080009080 ut=87
HMEM: read from 0000000080009088 ut=88
HMEM: read from 0000000080009090 ut=89
HMEM: read from 0000000080009098 ut=90
HMEM: read from 00000000800090a0 ut=91
HMEM: read from 00000000800090a8 ut=92
HMEM: read from 00000000800090b0 ut=93
HMEM: read from 00000000800090b8 ut=94
HMEM: read from 00000000800090c0 ut=95
HMEM: read from 00000000800090c8 ut=96
HMEM: read from 00000000800090d0 ut=97
HMEM: read from 00000000800090d8 ut=98
HMEM: read from 00000000800090e0 ut=99
HMEM: read from 00000000800090e8 ut=100
HMEM: read from 00000000800090f0 ut=101
HMEM: read from 00000000800090f8 ut=102
HMEM: read from 0000000080009100 ut=103
HMEM: read from 0000000080009108 ut=104
HMEM: read from 0000000080009110 ut=105
HMEM: read from 0000000080009118 ut=106
HMEM: read from 0000000080009120 ut=107
HMEM: read from 0000000080009128 ut=108
HMEM: read from 0000000080009130 ut=109
HMEM: read from 0000000080009138 ut=110
HMEM: read from 0000000080009140 ut=111
HMEM: read from 0000000080009148 ut=112
HMEM: read from 0000000080009150 ut=113
HMEM: read from 0000000080009158 ut=114
HMEM: read from 0000000080009160 ut=115
HMEM: read from 0000000080009168 ut=116
HMEM: read from 0000000080009170 ut=117
HMEM: read from 0000000080009178 ut=118
HMEM: read from 0000000080009180 ut=119
HMEM: read from 0000000080009188 ut=120
HMEM: read from 0000000080009190 ut=121
HMEM: read from 0000000080009198 ut=122
HMEM: read from 00000000800091a0 ut=123
HMEM: read from 00000000800091a8 ut=124
HMEM: read from 00000000800091b0 ut=125
HMEM: read from 00000000800091b8 ut=126
HMEM: read from 00000000800091c0 ut=127
HMEM: read from 00000000800091c8 ut=128
HMEM: read from 00000000800091d0 ut=129
HMEM: read from 00000000800091d8 ut=130
HMEM: read from 00000000800091e0 ut=131
HMEM: read from 00000000800091e8 ut=132
HMEM: read from 00000000800091f0 ut=133
HMEM: read from 00000000800091f8 ut=134
HMEM: read from 0000000080009200 ut=135
HMEM: read from 0000000080009208 ut=136
HMEM: read from 0000000080009210 ut=137
HMEM: read from 0000000080009218 ut=138
HMEM: read from 0000000080009220 ut=139
HMEM: read from 0000000080009228 ut=140
HMEM: read from 0000000080009230 ut=141
HMEM: read from 0000000080009238 ut=142
HMEM: read from 0000000080009240 ut=143
HMEM: read from 0000000080009248 ut=144
HMEM: read from 0000000080009250 ut=145
HMEM: read from 0000000080009258 ut=146
HMEM: read from 0000000080009260 ut=147
HMEM: read from 0000000080009268 ut=148
HMEM: read from 0000000080009270 ut=149
HMEM: read from 0000000080009278 ut=150
HMEM: read from 0000000080009280 ut=151
HMEM: read from 0000000080009288 ut=152
HMEM: read from 0000000080009290 ut=153
HMEM: read from 0000000080009298 ut=154
HMEM: read from 00000000800092a0 ut=155
HMEM: read from 00000000800092a8 ut=156
HMEM: read from 00000000800092b0 ut=157
HMEM: read from 00000000800092b8 ut=158
HMEM: read from 00000000800092c0 ut=159
HMEM: read from 00000000800092c8 ut=160
HMEM: read from 00000000800092d0 ut=161
HMEM: read from 00000000800092d8 ut=162
HMEM: read from 00000000800092e0 ut=163
HMEM: read from 00000000800092e8 ut=164
HMEM: read from 00000000800092f0 ut=165
HMEM: read from 00000000800092f8 ut=166
HMEM: read from 0000000080009300 ut=167
HMEM: read from 0000000080009308 ut=168
HMEM: read from 0000000080009310 ut=169
HMEM: read from 0000000080009318 ut=170
HMEM: read from 0000000080009320 ut=171
HMEM: read from 0000000080009328 ut=172
HMEM: read from 0000000080009330 ut=173
HMEM: read from 0000000080009338 ut=174
HMEM: read from 0000000080009340 ut=175
HMEM: read from 0000000080009348 ut=176
HMEM: read from 0000000080009350 ut=177
HMEM: read from 0000000080009358 ut=178
HMEM: read from 0000000080009360 ut=179
HMEM: read from 0000000080009368 ut=180
HMEM: read from 0000000080009370 ut=181
HMEM: read from 0000000080009378 ut=182
HMEM: read from 0000000080009380 ut=183
HMEM: read from 0000000080009388 ut=184
HMEM: read from 0000000080009390 ut=185
HMEM: read from 0000000080009398 ut=186
HMEM: read from 00000000800093a0 ut=187
HMEM: read from 00000000800093a8 ut=188
HMEM: read from 00000000800093b0 ut=189
HMEM: read from 00000000800093b8 ut=190
HMEM: read from 00000000800093c0 ut=191
HMEM: read from 00000000800093c8 ut=192
HMEM: read from 00000000800093d0 ut=193
HMEM: read from 00000000800093d8 ut=194
HMEM: read from 00000000800093e0 ut=195
HMEM: read from 00000000800093e8 ut=196
HMEM: read from 00000000800093f0 ut=197
HMEM: read from 00000000800093f8 ut=198
HMEM: read from 0000000080009400 ut=199
HMEM: read from 0000000080009408 ut=200
HMEM: read from 0000000080009410 ut=201
HMEM: read from 0000000080009418 ut=202
HMEM: read from 0000000080009420 ut=203
HMEM: read from 0000000080009428 ut=204
HMEM: read from 0000000080009430 ut=205
HMEM: read from 0000000080009438 ut=206
HMEM: read from 0000000080009440 ut=207
HMEM: read from 0000000080009448 ut=208
HMEM: read from 0000000080009450 ut=209
HMEM: read from 0000000080009458 ut=210
HMEM: read from 0000000080009460 ut=211
HMEM: read from 0000000080009468 ut=212
HMEM: read from 0000000080009470 ut=213
HMEM: read from 0000000080009478 ut=214
HMEM: read from 0000000080009480 ut=215
HMEM: read from 0000000080009488 ut=216
HMEM: read from 0000000080009490 ut=217
HMEM: read from 0000000080009498 ut=218
HMEM: read from 00000000800094a0 ut=219
HMEM: read from 00000000800094a8 ut=220
HMEM: read from 00000000800094b0 ut=221
HMEM: read from 00000000800094b8 ut=222
HMEM: read from 00000000800094c0 ut=223
HMEM: read from 00000000800094c8 ut=224
HMEM: read from 00000000800094d0 ut=225
HMEM: read from 00000000800094d8 ut=226
HMEM: read from 00000000800094e0 ut=227
HMEM: read from 00000000800094e8 ut=228
HMEM: read from 00000000800094f0 ut=229
HMEM: read from 00000000800094f8 ut=230
HMEM: read from 0000000080009500 ut=231
HMEM: read from 0000000080009508 ut=232
HMEM: read from 0000000080009510 ut=233
HMEM: read from 0000000080009518 ut=234
HMEM: read from 0000000080009520 ut=235
HMEM: read from 0000000080009528 ut=236
HMEM: read from 0000000080009530 ut=237
HMEM: read from 0000000080009538 ut=238
HMEM: read from 0000000080009540 ut=239
HMEM: read from 0000000080009548 ut=240
HMEM: read from 0000000080009550 ut=241
HMEM: read from 0000000080009558 ut=242
HMEM: read from 0000000080009560 ut=243
HMEM: read from 0000000080009568 ut=244
HMEM: read from 0000000080009570 ut=245
HMEM: read from 0000000080009578 ut=246
HMEM: read from 0000000080009580 ut=247
HMEM: read from 0000000080009588 ut=248
HMEM: read from 0000000080009590 ut=249
HMEM: read from 0000000080009598 ut=250
HMEM: read from 00000000800095a0 ut=251
HMEM: read from 00000000800095a8 ut=252
HMEM: read from 00000000800095b0 ut=253
HMEM: read from 00000000800095b8 ut=254
HMEM: read from 00000000800095c0 ut=255
HMEM: read from 00000000800095c8 ut=256
HMEM: read from 00000000800095d0 ut=257
HMEM: read from 00000000800095d8 ut=258
HMEM: read from 00000000800095e0 ut=259
HMEM: read from 00000000800095e8 ut=260
HMEM: read from 00000000800095f0 ut=261
HMEM: read from 00000000800095f8 ut=262
HMEM: read from 0000000080009600 ut=263
HMEM: read from 0000000080009608 ut=264
HMEM: read from 0000000080009610 ut=265
HMEM: read from 0000000080009618 ut=266
HMEM: read from 0000000080009620 ut=267
HMEM: read from 0000000080009628 ut=268
HMEM: read from 0000000080009630 ut=269
HMEM: read from 0000000080009638 ut=270
HMEM: read from 0000000080009640 ut=271
HMEM: read from 0000000080009648 ut=272
HMEM: read from 0000000080009650 ut=273
HMEM: read from 0000000080009658 ut=274
HMEM: read from 0000000080009660 ut=275
HMEM: read from 0000000080009668 ut=276
HMEM: read from 0000000080009670 ut=277
HMEM: read from 0000000080009678 ut=278
HMEM: read from 0000000080009680 ut=279
HMEM: read from 0000000080009688 ut=280
HMEM: read from 0000000080009690 ut=281
HMEM: read from 0000000080009698 ut=282
HMEM: read from 00000000800096a0 ut=283
HMEM: read from 00000000800096a8 ut=284
HMEM: read from 00000000800096b0 ut=285
HMEM: read from 00000000800096b8 ut=286
HMEM: read from 00000000800096c0 ut=287
HMEM: read from 00000000800096c8 ut=288
HMEM: read from 00000000800096d0 ut=289
HMEM: read from 00000000800096d8 ut=290
HMEM: read from 00000000800096e0 ut=291
HMEM: read from 00000000800096e8 ut=292
HMEM: read from 00000000800096f0 ut=293
HMEM: read from 00000000800096f8 ut=294
HMEM: read from 0000000080009700 ut=295
HMEM: read from 0000000080009708 ut=296
HMEM: read from 0000000080009710 ut=297
HMEM: read from 0000000080009718 ut=298
HMEM: read from 0000000080009720 ut=299
HMEM: read from 0000000080009728 ut=300
HMEM: read from 0000000080009730 ut=301
HMEM: read from 0000000080009738 ut=302
HMEM: read from 0000000080009740 ut=303
HMEM: read from 0000000080009748 ut=304
HMEM: read from 0000000080009750 ut=305
HMEM: read from 0000000080009758 ut=306
HMEM: read from 0000000080009760 ut=307
HMEM: read from 0000000080009768 ut=308
HMEM: read from 0000000080009770 ut=309
HMEM: read from 0000000080009778 ut=310
HMEM: read from 0000000080009780 ut=311
HMEM: read from 0000000080009788 ut=312
HMEM: read from 0000000080009790 ut=313
HMEM: read from 0000000080009798 ut=314
HMEM: read from 00000000800097a0 ut=315
HMEM: read from 00000000800097a8 ut=316
HMEM: read from 00000000800097b0 ut=317
HMEM: read from 00000000800097b8 ut=318
HMEM: read from 00000000800097c0 ut=319
HMEM: read from 00000000800097c8 ut=320
HMEM: read from 00000000800097d0 ut=321
HMEM: read from 00000000800097d8 ut=322
HMEM: read from 00000000800097e0 ut=323
HMEM: read from 00000000800097e8 ut=324
HMEM: read from 00000000800097f0 ut=325
HMEM: read from 00000000800097f8 ut=326
HMEM: read from 0000000080009800 ut=327
HMEM: read from 0000000080009808 ut=328
HMEM: read from 0000000080009810 ut=329
HMEM: read from 0000000080009818 ut=330
HMEM: read from 0000000080009820 ut=331
HMEM: read from 0000000080009828 ut=332
HMEM: read from 0000000080009830 ut=333
HMEM: read from 0000000080009838 ut=334
HMEM: read from 0000000080009840 ut=335
HMEM: read from 0000000080009848 ut=336
HMEM: read from 0000000080009850 ut=337
HMEM: read from 0000000080009858 ut=338
HMEM: read from 0000000080009860 ut=339
HMEM: read from 0000000080009868 ut=340
HMEM: read from 0000000080009870 ut=341
HMEM: read from 0000000080009878 ut=342
HMEM: read from 0000000080009880 ut=343
HMEM: read from 0000000080009888 ut=344
HMEM: read from 0000000080009890 ut=345
HMEM: read from 0000000080009898 ut=346
HMEM: read from 00000000800098a0 ut=347
HMEM: read from 00000000800098a8 ut=348
HMEM: read from 00000000800098b0 ut=349
HMEM: read from 00000000800098b8 ut=350
HMEM: read from 00000000800098c0 ut=351
HMEM: read from 00000000800098c8 ut=352
HMEM: read from 00000000800098d0 ut=353
HMEM: read from 00000000800098d8 ut=354
HMEM: read from 00000000800098e0 ut=355
HMEM: read from 00000000800098e8 ut=356
HMEM: read from 00000000800098f0 ut=357
HMEM: read from 00000000800098f8 ut=358
HMEM: read from 0000000080009900 ut=359
HMEM: read from 0000000080009908 ut=360
HMEM: read from 0000000080009910 ut=361
HMEM: read from 0000000080009918 ut=362
HMEM: read from 0000000080009920 ut=363
HMEM: read from 0000000080009928 ut=364
HMEM: read from 0000000080009930 ut=365
HMEM: read from 0000000080009938 ut=366
HMEM: read from 0000000080009940 ut=367
HMEM: read from 0000000080009948 ut=368
HMEM: read from 0000000080009950 ut=369
HMEM: read from 0000000080009958 ut=370
HMEM: read from 0000000080009960 ut=371
HMEM: read from 0000000080009968 ut=372
HMEM: read from 0000000080009970 ut=373
HMEM: read from 0000000080009978 ut=374
HMEM: read from 0000000080009980 ut=375
HMEM: read from 0000000080009988 ut=376
HMEM: read from 0000000080009990 ut=377
HMEM: read from 0000000080009998 ut=378
HMEM: read from 00000000800099a0 ut=379
HMEM: read from 00000000800099a8 ut=380
HMEM: read from 00000000800099b0 ut=381
HMEM: read from 00000000800099b8 ut=382
HMEM: read from 00000000800099c0 ut=383
HMEM: read from 00000000800099c8 ut=384
HMEM: read from 00000000800099d0 ut=385
HMEM: read from 00000000800099d8 ut=386
HMEM: read from 00000000800099e0 ut=387
HMEM: read from 00000000800099e8 ut=388
HMEM: read from 00000000800099f0 ut=389
HMEM: read from 00000000800099f8 ut=390
HMEM: read from 0000000080009a00 ut=391
HMEM: read from 0000000080009a08 ut=392
HMEM: read from 0000000080009a10 ut=393
HMEM: read from 0000000080009a18 ut=394
HMEM: read from 0000000080009a20 ut=395
HMEM: read from 0000000080009a28 ut=396
HMEM: read from 0000000080009a30 ut=397
HMEM: read from 0000000080009a38 ut=398
HMEM: read from 0000000080009a40 ut=399
HMEM: read from 0000000080009a48 ut=400
HMEM: read from 0000000080009a50 ut=401
HMEM: read from 0000000080009a58 ut=402
HMEM: read from 0000000080009a60 ut=403
HMEM: read from 0000000080009a68 ut=404
HMEM: read from 0000000080009a70 ut=405
HMEM: read from 0000000080009a78 ut=406
HMEM: read from 0000000080009a80 ut=407
HMEM: read from 0000000080009a88 ut=408
HMEM: read from 0000000080009a90 ut=409
HMEM: read from 0000000080009a98 ut=410
HMEM: read from 0000000080009aa0 ut=411
HMEM: read from 0000000080009aa8 ut=412
HMEM: read from 0000000080009ab0 ut=413
HMEM: read from 0000000080009ab8 ut=414
HMEM: read from 0000000080009ac0 ut=415
HMEM: read from 0000000080009ac8 ut=416
HMEM: read from 0000000080009ad0 ut=417
HMEM: read from 0000000080009ad8 ut=418
HMEM: read from 0000000080009ae0 ut=419
HMEM: read from 0000000080009ae8 ut=420
HMEM: read from 0000000080009af0 ut=421
HMEM: read from 0000000080009af8 ut=422
HMEM: read from 0000000080009b00 ut=423
HMEM: read from 0000000080009b08 ut=424
HMEM: read from 0000000080009b10 ut=425
HMEM: read from 0000000080009b18 ut=426
HMEM: read from 0000000080009b20 ut=427
HMEM: read from 0000000080009b28 ut=428
HMEM: read from 0000000080009b30 ut=429
HMEM: read from 0000000080009b38 ut=430
HMEM: read from 0000000080009b40 ut=431
HMEM: read from 0000000080009b48 ut=432
HMEM: read from 0000000080009b50 ut=433
HMEM: read from 0000000080009b58 ut=434
HMEM: read from 0000000080009b60 ut=435
HMEM: read from 0000000080009b68 ut=436
HMEM: read from 0000000080009b70 ut=437
HMEM: read from 0000000080009b78 ut=438
HMEM: read from 0000000080009b80 ut=439
HMEM: read from 0000000080009b88 ut=440
HMEM: read from 0000000080009b90 ut=441
HMEM: read from 0000000080009b98 ut=442
HMEM: read from 0000000080009ba0 ut=443
HMEM: read from 0000000080009ba8 ut=444
HMEM: read from 0000000080009bb0 ut=445
HMEM: read from 0000000080009bb8 ut=446
HMEM: read from 0000000080009bc0 ut=447
HMEM: read from 0000000080009bc8 ut=448
HMEM: read from 0000000080009bd0 ut=449
HMEM: read from 0000000080009bd8 ut=450
HMEM: read from 0000000080009be0 ut=451
HMEM: read from 0000000080009be8 ut=452
HMEM: read from 0000000080009bf0 ut=453
HMEM: read from 0000000080009bf8 ut=454
HMEM: read from 0000000080009c00 ut=455
HMEM: read from 0000000080009c08 ut=456
HMEM: read from 0000000080009c10 ut=457
HMEM: read from 0000000080009c18 ut=458
HMEM: read from 0000000080009c20 ut=459
HMEM: read from 0000000080009c28 ut=460
HMEM: read from 0000000080009c30 ut=461
HMEM: read from 0000000080009c38 ut=462
HMEM: read from 0000000080009c40 ut=463
HMEM: read from 0000000080009c48 ut=464
HMEM: read from 0000000080009c50 ut=465
HMEM: read from 0000000080009c58 ut=466
HMEM: read from 0000000080009c60 ut=467
HMEM: read from 0000000080009c68 ut=468
HMEM: read from 0000000080009c70 ut=469
HMEM: read from 0000000080009c78 ut=470
HMEM: read from 0000000080009c80 ut=471
HMEM: read from 0000000080009c88 ut=472
HMEM: read from 0000000080009c90 ut=473
HMEM: read from 0000000080009c98 ut=474
HMEM: read from 0000000080009ca0 ut=475
HMEM: read from 0000000080009ca8 ut=476
HMEM: read from 0000000080009cb0 ut=477
HMEM: read from 0000000080009cb8 ut=478
HMEM: read from 0000000080009cc0 ut=479
HMEM: read from 0000000080009cc8 ut=480
HMEM: read from 0000000080009cd0 ut=481
HMEM: read from 0000000080009cd8 ut=482
HMEM: read from 0000000080009ce0 ut=483
HMEM: read from 0000000080009ce8 ut=484
HMEM: read from 0000000080009cf0 ut=485
HMEM: read from 0000000080009cf8 ut=486
HMEM: read from 0000000080009d00 ut=487
HMEM: read from 0000000080009d08 ut=488
HMEM: read from 0000000080009d10 ut=489
HMEM: read from 0000000080009d18 ut=490
HMEM: read from 0000000080009d20 ut=491
HMEM: read from 0000000080009d28 ut=492
HMEM: read from 0000000080009d30 ut=493
HMEM: read from 0000000080009d38 ut=494
HMEM: read from 0000000080009d40 ut=495
HMEM: read from 0000000080009d48 ut=496
HMEM: read from 0000000080009d50 ut=497
HMEM: read from 0000000080009d58 ut=498
HMEM: read from 0000000080009d60 ut=499
HMEM: read from 0000000080009d68 ut=500
HMEM: read from 0000000080009d70 ut=501
HMEM: read from 0000000080009d78 ut=502
HMEM: read from 0000000080009d80 ut=503
HMEM: read from 0000000080009d88 ut=504
HMEM: read from 0000000080009d90 ut=505
HMEM: read from 0000000080009d98 ut=506
HMEM: read from 0000000080009da0 ut=507
HMEM: read from 0000000080009da8 ut=508
HMEM: read from 0000000080009db0 ut=509
HMEM: read from 0000000080009db8 ut=510
HMEM: read from 0000000080009dc0 ut=511
H: WT pc=0000000080002048 inst=80000a0600012b3f next=0000000080002050 vl=512 act=ffffffffffffffffffffffffffffffffffffffffffffffffffffffffffffffffffffffffffffffffffffffffffffffffffffffffffffffffffffffffffffffff
H: WT pc=0000000080002050 inst=a01c02023d022a3f next=0000000080002058 vl=512 act=ffffffffffffffffffffffffffffffffffffffffffffffffffffffffffffffffffffffffffffffffffffffffffffffffffffffffffffffffffffffffffffffff
HMEM: read from 0000000080008dcc ut=0
HMEM: read from 0000000080008dd4 ut=1
HMEM: read from 0000000080008ddc ut=2
HMEM: read from 0000000080008de4 ut=3
HMEM: read from 0000000080008dec ut=4
HMEM: read from 0000000080008df4 ut=5
HMEM: read from 0000000080008dfc ut=6
HMEM: read from 0000000080008e04 ut=7
HMEM: read from 0000000080008e0c ut=8
HMEM: read from 0000000080008e14 ut=9
HMEM: read from 0000000080008e1c ut=10
HMEM: read from 0000000080008e24 ut=11
HMEM: read from 0000000080008e2c ut=12
HMEM: read from 0000000080008e34 ut=13
HMEM: read from 0000000080008e3c ut=14
HMEM: read from 0000000080008e44 ut=15
HMEM: read from 0000000080008e4c ut=16
HMEM: read from 0000000080008e54 ut=17
HMEM: read from 0000000080008e5c ut=18
HMEM: read from 0000000080008e64 ut=19
HMEM: read from 0000000080008e6c ut=20
HMEM: read from 0000000080008e74 ut=21
HMEM: read from 0000000080008e7c ut=22
HMEM: read from 0000000080008e84 ut=23
HMEM: read from 0000000080008e8c ut=24
HMEM: read from 0000000080008e94 ut=25
HMEM: read from 0000000080008e9c ut=26
HMEM: read from 0000000080008ea4 ut=27
HMEM: read from 0000000080008eac ut=28
HMEM: read from 0000000080008eb4 ut=29
HMEM: read from 0000000080008ebc ut=30
HMEM: read from 0000000080008ec4 ut=31
HMEM: read from 0000000080008ecc ut=32
HMEM: read from 0000000080008ed4 ut=33
HMEM: read from 0000000080008edc ut=34
HMEM: read from 0000000080008ee4 ut=35
HMEM: read from 0000000080008eec ut=36
HMEM: read from 0000000080008ef4 ut=37
HMEM: read from 0000000080008efc ut=38
HMEM: read from 0000000080008f04 ut=39
HMEM: read from 0000000080008f0c ut=40
HMEM: read from 0000000080008f14 ut=41
HMEM: read from 0000000080008f1c ut=42
HMEM: read from 0000000080008f24 ut=43
HMEM: read from 0000000080008f2c ut=44
HMEM: read from 0000000080008f34 ut=45
HMEM: read from 0000000080008f3c ut=46
HMEM: read from 0000000080008f44 ut=47
HMEM: read from 0000000080008f4c ut=48
HMEM: read from 0000000080008f54 ut=49
HMEM: read from 0000000080008f5c ut=50
HMEM: read from 0000000080008f64 ut=51
HMEM: read from 0000000080008f6c ut=52
HMEM: read from 0000000080008f74 ut=53
HMEM: read from 0000000080008f7c ut=54
HMEM: read from 0000000080008f84 ut=55
HMEM: read from 0000000080008f8c ut=56
HMEM: read from 0000000080008f94 ut=57
HMEM: read from 0000000080008f9c ut=58
HMEM: read from 0000000080008fa4 ut=59
HMEM: read from 0000000080008fac ut=60
HMEM: read from 0000000080008fb4 ut=61
HMEM: read from 0000000080008fbc ut=62
HMEM: read from 0000000080008fc4 ut=63
HMEM: read from 0000000080008fcc ut=64
HMEM: read from 0000000080008fd4 ut=65
HMEM: read from 0000000080008fdc ut=66
HMEM: read from 0000000080008fe4 ut=67
HMEM: read from 0000000080008fec ut=68
HMEM: read from 0000000080008ff4 ut=69
HMEM: read from 0000000080008ffc ut=70
HMEM: read from 0000000080009004 ut=71
HMEM: read from 000000008000900c ut=72
HMEM: read from 0000000080009014 ut=73
HMEM: read from 000000008000901c ut=74
HMEM: read from 0000000080009024 ut=75
HMEM: read from 000000008000902c ut=76
HMEM: read from 0000000080009034 ut=77
HMEM: read from 000000008000903c ut=78
HMEM: read from 0000000080009044 ut=79
HMEM: read from 000000008000904c ut=80
HMEM: read from 0000000080009054 ut=81
HMEM: read from 000000008000905c ut=82
HMEM: read from 0000000080009064 ut=83
HMEM: read from 000000008000906c ut=84
HMEM: read from 0000000080009074 ut=85
HMEM: read from 000000008000907c ut=86
HMEM: read from 0000000080009084 ut=87
HMEM: read from 000000008000908c ut=88
HMEM: read from 0000000080009094 ut=89
HMEM: read from 000000008000909c ut=90
HMEM: read from 00000000800090a4 ut=91
HMEM: read from 00000000800090ac ut=92
HMEM: read from 00000000800090b4 ut=93
HMEM: read from 00000000800090bc ut=94
HMEM: read from 00000000800090c4 ut=95
HMEM: read from 00000000800090cc ut=96
HMEM: read from 00000000800090d4 ut=97
HMEM: read from 00000000800090dc ut=98
HMEM: read from 00000000800090e4 ut=99
HMEM: read from 00000000800090ec ut=100
HMEM: read from 00000000800090f4 ut=101
HMEM: read from 00000000800090fc ut=102
HMEM: read from 0000000080009104 ut=103
HMEM: read from 000000008000910c ut=104
HMEM: read from 0000000080009114 ut=105
HMEM: read from 000000008000911c ut=106
HMEM: read from 0000000080009124 ut=107
HMEM: read from 000000008000912c ut=108
HMEM: read from 0000000080009134 ut=109
HMEM: read from 000000008000913c ut=110
HMEM: read from 0000000080009144 ut=111
HMEM: read from 000000008000914c ut=112
HMEM: read from 0000000080009154 ut=113
HMEM: read from 000000008000915c ut=114
HMEM: read from 0000000080009164 ut=115
HMEM: read from 000000008000916c ut=116
HMEM: read from 0000000080009174 ut=117
HMEM: read from 000000008000917c ut=118
HMEM: read from 0000000080009184 ut=119
HMEM: read from 000000008000918c ut=120
HMEM: read from 0000000080009194 ut=121
HMEM: read from 000000008000919c ut=122
HMEM: read from 00000000800091a4 ut=123
HMEM: read from 00000000800091ac ut=124
HMEM: read from 00000000800091b4 ut=125
HMEM: read from 00000000800091bc ut=126
HMEM: read from 00000000800091c4 ut=127
HMEM: read from 00000000800091cc ut=128
HMEM: read from 00000000800091d4 ut=129
HMEM: read from 00000000800091dc ut=130
HMEM: read from 00000000800091e4 ut=131
HMEM: read from 00000000800091ec ut=132
HMEM: read from 00000000800091f4 ut=133
HMEM: read from 00000000800091fc ut=134
HMEM: read from 0000000080009204 ut=135
HMEM: read from 000000008000920c ut=136
HMEM: read from 0000000080009214 ut=137
HMEM: read from 000000008000921c ut=138
HMEM: read from 0000000080009224 ut=139
HMEM: read from 000000008000922c ut=140
HMEM: read from 0000000080009234 ut=141
HMEM: read from 000000008000923c ut=142
HMEM: read from 0000000080009244 ut=143
HMEM: read from 000000008000924c ut=144
HMEM: read from 0000000080009254 ut=145
HMEM: read from 000000008000925c ut=146
HMEM: read from 0000000080009264 ut=147
HMEM: read from 000000008000926c ut=148
HMEM: read from 0000000080009274 ut=149
HMEM: read from 000000008000927c ut=150
HMEM: read from 0000000080009284 ut=151
HMEM: read from 000000008000928c ut=152
HMEM: read from 0000000080009294 ut=153
HMEM: read from 000000008000929c ut=154
HMEM: read from 00000000800092a4 ut=155
HMEM: read from 00000000800092ac ut=156
HMEM: read from 00000000800092b4 ut=157
HMEM: read from 00000000800092bc ut=158
HMEM: read from 00000000800092c4 ut=159
HMEM: read from 00000000800092cc ut=160
HMEM: read from 00000000800092d4 ut=161
HMEM: read from 00000000800092dc ut=162
HMEM: read from 00000000800092e4 ut=163
HMEM: read from 00000000800092ec ut=164
HMEM: read from 00000000800092f4 ut=165
HMEM: read from 00000000800092fc ut=166
HMEM: read from 0000000080009304 ut=167
HMEM: read from 000000008000930c ut=168
HMEM: read from 0000000080009314 ut=169
HMEM: read from 000000008000931c ut=170
HMEM: read from 0000000080009324 ut=171
HMEM: read from 000000008000932c ut=172
HMEM: read from 0000000080009334 ut=173
HMEM: read from 000000008000933c ut=174
HMEM: read from 0000000080009344 ut=175
HMEM: read from 000000008000934c ut=176
HMEM: read from 0000000080009354 ut=177
HMEM: read from 000000008000935c ut=178
HMEM: read from 0000000080009364 ut=179
HMEM: read from 000000008000936c ut=180
HMEM: read from 0000000080009374 ut=181
HMEM: read from 000000008000937c ut=182
HMEM: read from 0000000080009384 ut=183
HMEM: read from 000000008000938c ut=184
HMEM: read from 0000000080009394 ut=185
HMEM: read from 000000008000939c ut=186
HMEM: read from 00000000800093a4 ut=187
HMEM: read from 00000000800093ac ut=188
HMEM: read from 00000000800093b4 ut=189
HMEM: read from 00000000800093bc ut=190
HMEM: read from 00000000800093c4 ut=191
HMEM: read from 00000000800093cc ut=192
HMEM: read from 00000000800093d4 ut=193
HMEM: read from 00000000800093dc ut=194
HMEM: read from 00000000800093e4 ut=195
HMEM: read from 00000000800093ec ut=196
HMEM: read from 00000000800093f4 ut=197
HMEM: read from 00000000800093fc ut=198
HMEM: read from 0000000080009404 ut=199
HMEM: read from 000000008000940c ut=200
HMEM: read from 0000000080009414 ut=201
HMEM: read from 000000008000941c ut=202
HMEM: read from 0000000080009424 ut=203
HMEM: read from 000000008000942c ut=204
HMEM: read from 0000000080009434 ut=205
HMEM: read from 000000008000943c ut=206
HMEM: read from 0000000080009444 ut=207
HMEM: read from 000000008000944c ut=208
HMEM: read from 0000000080009454 ut=209
HMEM: read from 000000008000945c ut=210
HMEM: read from 0000000080009464 ut=211
HMEM: read from 000000008000946c ut=212
HMEM: read from 0000000080009474 ut=213
HMEM: read from 000000008000947c ut=214
HMEM: read from 0000000080009484 ut=215
HMEM: read from 000000008000948c ut=216
HMEM: read from 0000000080009494 ut=217
HMEM: read from 000000008000949c ut=218
HMEM: read from 00000000800094a4 ut=219
HMEM: read from 00000000800094ac ut=220
HMEM: read from 00000000800094b4 ut=221
HMEM: read from 00000000800094bc ut=222
HMEM: read from 00000000800094c4 ut=223
HMEM: read from 00000000800094cc ut=224
HMEM: read from 00000000800094d4 ut=225
HMEM: read from 00000000800094dc ut=226
HMEM: read from 00000000800094e4 ut=227
HMEM: read from 00000000800094ec ut=228
HMEM: read from 00000000800094f4 ut=229
HMEM: read from 00000000800094fc ut=230
HMEM: read from 0000000080009504 ut=231
HMEM: read from 000000008000950c ut=232
HMEM: read from 0000000080009514 ut=233
HMEM: read from 000000008000951c ut=234
HMEM: read from 0000000080009524 ut=235
HMEM: read from 000000008000952c ut=236
HMEM: read from 0000000080009534 ut=237
HMEM: read from 000000008000953c ut=238
HMEM: read from 0000000080009544 ut=239
HMEM: read from 000000008000954c ut=240
HMEM: read from 0000000080009554 ut=241
HMEM: read from 000000008000955c ut=242
HMEM: read from 0000000080009564 ut=243
HMEM: read from 000000008000956c ut=244
HMEM: read from 0000000080009574 ut=245
HMEM: read from 000000008000957c ut=246
HMEM: read from 0000000080009584 ut=247
HMEM: read from 000000008000958c ut=248
HMEM: read from 0000000080009594 ut=249
HMEM: read from 000000008000959c ut=250
HMEM: read from 00000000800095a4 ut=251
HMEM: read from 00000000800095ac ut=252
HMEM: read from 00000000800095b4 ut=253
HMEM: read from 00000000800095bc ut=254
HMEM: read from 00000000800095c4 ut=255
HMEM: read from 00000000800095cc ut=256
HMEM: read from 00000000800095d4 ut=257
HMEM: read from 00000000800095dc ut=258
HMEM: read from 00000000800095e4 ut=259
HMEM: read from 00000000800095ec ut=260
HMEM: read from 00000000800095f4 ut=261
HMEM: read from 00000000800095fc ut=262
HMEM: read from 0000000080009604 ut=263
HMEM: read from 000000008000960c ut=264
HMEM: read from 0000000080009614 ut=265
HMEM: read from 000000008000961c ut=266
HMEM: read from 0000000080009624 ut=267
HMEM: read from 000000008000962c ut=268
HMEM: read from 0000000080009634 ut=269
HMEM: read from 000000008000963c ut=270
HMEM: read from 0000000080009644 ut=271
HMEM: read from 000000008000964c ut=272
HMEM: read from 0000000080009654 ut=273
HMEM: read from 000000008000965c ut=274
HMEM: read from 0000000080009664 ut=275
HMEM: read from 000000008000966c ut=276
HMEM: read from 0000000080009674 ut=277
HMEM: read from 000000008000967c ut=278
HMEM: read from 0000000080009684 ut=279
HMEM: read from 000000008000968c ut=280
HMEM: read from 0000000080009694 ut=281
HMEM: read from 000000008000969c ut=282
HMEM: read from 00000000800096a4 ut=283
HMEM: read from 00000000800096ac ut=284
HMEM: read from 00000000800096b4 ut=285
HMEM: read from 00000000800096bc ut=286
HMEM: read from 00000000800096c4 ut=287
HMEM: read from 00000000800096cc ut=288
HMEM: read from 00000000800096d4 ut=289
HMEM: read from 00000000800096dc ut=290
HMEM: read from 00000000800096e4 ut=291
HMEM: read from 00000000800096ec ut=292
HMEM: read from 00000000800096f4 ut=293
HMEM: read from 00000000800096fc ut=294
HMEM: read from 0000000080009704 ut=295
HMEM: read from 000000008000970c ut=296
HMEM: read from 0000000080009714 ut=297
HMEM: read from 000000008000971c ut=298
HMEM: read from 0000000080009724 ut=299
HMEM: read from 000000008000972c ut=300
HMEM: read from 0000000080009734 ut=301
HMEM: read from 000000008000973c ut=302
HMEM: read from 0000000080009744 ut=303
HMEM: read from 000000008000974c ut=304
HMEM: read from 0000000080009754 ut=305
HMEM: read from 000000008000975c ut=306
HMEM: read from 0000000080009764 ut=307
HMEM: read from 000000008000976c ut=308
HMEM: read from 0000000080009774 ut=309
HMEM: read from 000000008000977c ut=310
HMEM: read from 0000000080009784 ut=311
HMEM: read from 000000008000978c ut=312
HMEM: read from 0000000080009794 ut=313
HMEM: read from 000000008000979c ut=314
HMEM: read from 00000000800097a4 ut=315
HMEM: read from 00000000800097ac ut=316
HMEM: read from 00000000800097b4 ut=317
HMEM: read from 00000000800097bc ut=318
HMEM: read from 00000000800097c4 ut=319
HMEM: read from 00000000800097cc ut=320
HMEM: read from 00000000800097d4 ut=321
HMEM: read from 00000000800097dc ut=322
HMEM: read from 00000000800097e4 ut=323
HMEM: read from 00000000800097ec ut=324
HMEM: read from 00000000800097f4 ut=325
HMEM: read from 00000000800097fc ut=326
HMEM: read from 0000000080009804 ut=327
HMEM: read from 000000008000980c ut=328
HMEM: read from 0000000080009814 ut=329
HMEM: read from 000000008000981c ut=330
HMEM: read from 0000000080009824 ut=331
HMEM: read from 000000008000982c ut=332
HMEM: read from 0000000080009834 ut=333
HMEM: read from 000000008000983c ut=334
HMEM: read from 0000000080009844 ut=335
HMEM: read from 000000008000984c ut=336
HMEM: read from 0000000080009854 ut=337
HMEM: read from 000000008000985c ut=338
HMEM: read from 0000000080009864 ut=339
HMEM: read from 000000008000986c ut=340
HMEM: read from 0000000080009874 ut=341
HMEM: read from 000000008000987c ut=342
HMEM: read from 0000000080009884 ut=343
HMEM: read from 000000008000988c ut=344
HMEM: read from 0000000080009894 ut=345
HMEM: read from 000000008000989c ut=346
HMEM: read from 00000000800098a4 ut=347
HMEM: read from 00000000800098ac ut=348
HMEM: read from 00000000800098b4 ut=349
HMEM: read from 00000000800098bc ut=350
HMEM: read from 00000000800098c4 ut=351
HMEM: read from 00000000800098cc ut=352
HMEM: read from 00000000800098d4 ut=353
HMEM: read from 00000000800098dc ut=354
HMEM: read from 00000000800098e4 ut=355
HMEM: read from 00000000800098ec ut=356
HMEM: read from 00000000800098f4 ut=357
HMEM: read from 00000000800098fc ut=358
HMEM: read from 0000000080009904 ut=359
HMEM: read from 000000008000990c ut=360
HMEM: read from 0000000080009914 ut=361
HMEM: read from 000000008000991c ut=362
HMEM: read from 0000000080009924 ut=363
HMEM: read from 000000008000992c ut=364
HMEM: read from 0000000080009934 ut=365
HMEM: read from 000000008000993c ut=366
HMEM: read from 0000000080009944 ut=367
HMEM: read from 000000008000994c ut=368
HMEM: read from 0000000080009954 ut=369
HMEM: read from 000000008000995c ut=370
HMEM: read from 0000000080009964 ut=371
HMEM: read from 000000008000996c ut=372
HMEM: read from 0000000080009974 ut=373
HMEM: read from 000000008000997c ut=374
HMEM: read from 0000000080009984 ut=375
HMEM: read from 000000008000998c ut=376
HMEM: read from 0000000080009994 ut=377
HMEM: read from 000000008000999c ut=378
HMEM: read from 00000000800099a4 ut=379
HMEM: read from 00000000800099ac ut=380
HMEM: read from 00000000800099b4 ut=381
HMEM: read from 00000000800099bc ut=382
HMEM: read from 00000000800099c4 ut=383
HMEM: read from 00000000800099cc ut=384
HMEM: read from 00000000800099d4 ut=385
HMEM: read from 00000000800099dc ut=386
HMEM: read from 00000000800099e4 ut=387
HMEM: read from 00000000800099ec ut=388
HMEM: read from 00000000800099f4 ut=389
HMEM: read from 00000000800099fc ut=390
HMEM: read from 0000000080009a04 ut=391
HMEM: read from 0000000080009a0c ut=392
HMEM: read from 0000000080009a14 ut=393
HMEM: read from 0000000080009a1c ut=394
HMEM: read from 0000000080009a24 ut=395
HMEM: read from 0000000080009a2c ut=396
HMEM: read from 0000000080009a34 ut=397
HMEM: read from 0000000080009a3c ut=398
HMEM: read from 0000000080009a44 ut=399
HMEM: read from 0000000080009a4c ut=400
HMEM: read from 0000000080009a54 ut=401
HMEM: read from 0000000080009a5c ut=402
HMEM: read from 0000000080009a64 ut=403
HMEM: read from 0000000080009a6c ut=404
HMEM: read from 0000000080009a74 ut=405
HMEM: read from 0000000080009a7c ut=406
HMEM: read from 0000000080009a84 ut=407
HMEM: read from 0000000080009a8c ut=408
HMEM: read from 0000000080009a94 ut=409
HMEM: read from 0000000080009a9c ut=410
HMEM: read from 0000000080009aa4 ut=411
HMEM: read from 0000000080009aac ut=412
HMEM: read from 0000000080009ab4 ut=413
HMEM: read from 0000000080009abc ut=414
HMEM: read from 0000000080009ac4 ut=415
HMEM: read from 0000000080009acc ut=416
HMEM: read from 0000000080009ad4 ut=417
HMEM: read from 0000000080009adc ut=418
HMEM: read from 0000000080009ae4 ut=419
HMEM: read from 0000000080009aec ut=420
HMEM: read from 0000000080009af4 ut=421
HMEM: read from 0000000080009afc ut=422
HMEM: read from 0000000080009b04 ut=423
HMEM: read from 0000000080009b0c ut=424
HMEM: read from 0000000080009b14 ut=425
HMEM: read from 0000000080009b1c ut=426
HMEM: read from 0000000080009b24 ut=427
HMEM: read from 0000000080009b2c ut=428
HMEM: read from 0000000080009b34 ut=429
HMEM: read from 0000000080009b3c ut=430
HMEM: read from 0000000080009b44 ut=431
HMEM: read from 0000000080009b4c ut=432
HMEM: read from 0000000080009b54 ut=433
HMEM: read from 0000000080009b5c ut=434
HMEM: read from 0000000080009b64 ut=435
HMEM: read from 0000000080009b6c ut=436
HMEM: read from 0000000080009b74 ut=437
HMEM: read from 0000000080009b7c ut=438
HMEM: read from 0000000080009b84 ut=439
HMEM: read from 0000000080009b8c ut=440
HMEM: read from 0000000080009b94 ut=441
HMEM: read from 0000000080009b9c ut=442
HMEM: read from 0000000080009ba4 ut=443
HMEM: read from 0000000080009bac ut=444
HMEM: read from 0000000080009bb4 ut=445
HMEM: read from 0000000080009bbc ut=446
HMEM: read from 0000000080009bc4 ut=447
HMEM: read from 0000000080009bcc ut=448
HMEM: read from 0000000080009bd4 ut=449
HMEM: read from 0000000080009bdc ut=450
HMEM: read from 0000000080009be4 ut=451
HMEM: read from 0000000080009bec ut=452
HMEM: read from 0000000080009bf4 ut=453
HMEM: read from 0000000080009bfc ut=454
HMEM: read from 0000000080009c04 ut=455
HMEM: read from 0000000080009c0c ut=456
HMEM: read from 0000000080009c14 ut=457
HMEM: read from 0000000080009c1c ut=458
HMEM: read from 0000000080009c24 ut=459
HMEM: read from 0000000080009c2c ut=460
HMEM: read from 0000000080009c34 ut=461
HMEM: read from 0000000080009c3c ut=462
HMEM: read from 0000000080009c44 ut=463
HMEM: read from 0000000080009c4c ut=464
HMEM: read from 0000000080009c54 ut=465
HMEM: read from 0000000080009c5c ut=466
HMEM: read from 0000000080009c64 ut=467
HMEM: read from 0000000080009c6c ut=468
HMEM: read from 0000000080009c74 ut=469
HMEM: read from 0000000080009c7c ut=470
HMEM: read from 0000000080009c84 ut=471
HMEM: read from 0000000080009c8c ut=472
HMEM: read from 0000000080009c94 ut=473
HMEM: read from 0000000080009c9c ut=474
HMEM: read from 0000000080009ca4 ut=475
HMEM: read from 0000000080009cac ut=476
HMEM: read from 0000000080009cb4 ut=477
HMEM: read from 0000000080009cbc ut=478
HMEM: read from 0000000080009cc4 ut=479
HMEM: read from 0000000080009ccc ut=480
HMEM: read from 0000000080009cd4 ut=481
HMEM: read from 0000000080009cdc ut=482
HMEM: read from 0000000080009ce4 ut=483
HMEM: read from 0000000080009cec ut=484
HMEM: read from 0000000080009cf4 ut=485
HMEM: read from 0000000080009cfc ut=486
HMEM: read from 0000000080009d04 ut=487
HMEM: read from 0000000080009d0c ut=488
HMEM: read from 0000000080009d14 ut=489
HMEM: read from 0000000080009d1c ut=490
HMEM: read from 0000000080009d24 ut=491
HMEM: read from 0000000080009d2c ut=492
HMEM: read from 0000000080009d34 ut=493
HMEM: read from 0000000080009d3c ut=494
HMEM: read from 0000000080009d44 ut=495
HMEM: read from 0000000080009d4c ut=496
HMEM: read from 0000000080009d54 ut=497
HMEM: read from 0000000080009d5c ut=498
HMEM: read from 0000000080009d64 ut=499
HMEM: read from 0000000080009d6c ut=500
HMEM: read from 0000000080009d74 ut=501
HMEM: read from 0000000080009d7c ut=502
HMEM: read from 0000000080009d84 ut=503
HMEM: read from 0000000080009d8c ut=504
HMEM: read from 0000000080009d94 ut=505
HMEM: read from 0000000080009d9c ut=506
HMEM: read from 0000000080009da4 ut=507
HMEM: read from 0000000080009dac ut=508
HMEM: read from 0000000080009db4 ut=509
HMEM: read from 0000000080009dbc ut=510
HMEM: read from 0000000080009dc4 ut=511
H: WT pc=0000000080002058 inst=80000a0801012b3f next=0000000080002060 vl=512 act=ffffffffffffffffffffffffffffffffffffffffffffffffffffffffffffffffffffffffffffffffffffffffffffffffffffffffffffffffffffffffffffffff
H: WT pc=0000000080002060 inst=a01c02023c032a3f next=0000000080002068 vl=512 act=ffffffffffffffffffffffffffffffffffffffffffffffffffffffffffffffffffffffffffffffffffffffffffffffffffffffffffffffffffffffffffffffff
H: WT pc=0000000080002068 inst=e01c040603032a3f next=0000000080002070 vl=512 act=ffffffffffffffffffffffffffffffffffffffffffffffffffffffffffffffffffffffffffffffffffffffffffffffffffffffffffffffffffffffffffffffff
H: WT pc=0000000080002070 inst=f01c06040202283f next=0000000080002078 vl=512 act=ffffffffffffffffffffffffffffffffffffffffffffffffffffffffffffffffffffffffffffffffffffffffffffffffffffffffffffffffffffffffffffffff
H: WT pc=0000000080002078 inst=c01c160002022a3f next=0000000080002080 vl=512 act=ffffffffffffffffffffffffffffffffffffffffffffffffffffffffffffffffffffffffffffffffffffffffffffffffffffffffffffffffffffffffffffffff
HMEM: write 0000000080005dc8 with 00000000425c0a1b ut=0
HMEM: write 0000000080005dcc with 0000000042b50781 ut=1
HMEM: write 0000000080005dd0 with 00000000428e7996 ut=2
HMEM: write 0000000080005dd4 with 000000004341fd0b ut=3
HMEM: write 0000000080005dd8 with 0000000043283d20 ut=4
HMEM: write 0000000080005ddc with 0000000042b7f222 ut=5
HMEM: write 0000000080005de0 with 0000000042c8d035 ut=6
HMEM: write 0000000080005de4 with 000000004210db4e ut=7
HMEM: write 0000000080005de8 with 00000000429e7caa ut=8
HMEM: write 0000000080005dec with 00000000427c048c ut=9
HMEM: write 0000000080005df0 with 000000004353f77c ut=10
HMEM: write 0000000080005df4 with 0000000041fb5fc1 ut=11
HMEM: write 0000000080005df8 with 0000000042903b69 ut=12
HMEM: write 0000000080005dfc with 00000000430fad8f ut=13
HMEM: write 0000000080005e00 with 0000000043069890 ut=14
HMEM: write 0000000080005e04 with 00000000433bb6e4 ut=15
HMEM: write 0000000080005e08 with 00000000429a38b2 ut=16
HMEM: write 0000000080005e0c with 000000004369c26b ut=17
HMEM: write 0000000080005e10 with 0000000042cea97b ut=18
HMEM: write 0000000080005e14 with 0000000042b08998 ut=19
HMEM: write 0000000080005e18 with 00000000434ce1e4 ut=20
HMEM: write 0000000080005e1c with 000000004215c292 ut=21
HMEM: write 0000000080005e20 with 000000004235a96d ut=22
HMEM: write 0000000080005e24 with 000000004366a5b1 ut=23
HMEM: write 0000000080005e28 with 0000000043094fc5 ut=24
HMEM: write 0000000080005e2c with 0000000042021dc0 ut=25
HMEM: write 0000000080005e30 with 000000004377508e ut=26
HMEM: write 0000000080005e34 with 000000004285cfb0 ut=27
HMEM: write 0000000080005e38 with 00000000430821cb ut=28
HMEM: write 0000000080005e3c with 000000004348b990 ut=29
HMEM: write 0000000080005e40 with 00000000431f843b ut=30
HMEM: write 0000000080005e44 with 000000004321b842 ut=31
HMEM: write 0000000080005e48 with 0000000041cda285 ut=32
HMEM: write 0000000080005e4c with 00000000433b3195 ut=33
HMEM: write 0000000080005e50 with 000000004232a198 ut=34
HMEM: write 0000000080005e54 with 0000000042f25324 ut=35
HMEM: write 0000000080005e58 with 00000000422b4d76 ut=36
HMEM: write 0000000080005e5c with 00000000436e8a80 ut=37
HMEM: write 0000000080005e60 with 00000000437fb3eb ut=38
HMEM: write 0000000080005e64 with 0000000042a03b84 ut=39
HMEM: write 0000000080005e68 with 000000004349b60f ut=40
HMEM: write 0000000080005e6c with 0000000043857d83 ut=41
HMEM: write 0000000080005e70 with 0000000042161703 ut=42
HMEM: write 0000000080005e74 with 0000000041c09e40 ut=43
HMEM: write 0000000080005e78 with 000000004343fdc3 ut=44
HMEM: write 0000000080005e7c with 000000004243a81d ut=45
HMEM: write 0000000080005e80 with 0000000043567250 ut=46
HMEM: write 0000000080005e84 with 0000000042f66665 ut=47
HMEM: write 0000000080005e88 with 0000000042befabc ut=48
HMEM: write 0000000080005e8c with 0000000042e26271 ut=49
HMEM: write 0000000080005e90 with 0000000042e4354f ut=50
HMEM: write 0000000080005e94 with 0000000042b13be9 ut=51
HMEM: write 0000000080005e98 with 0000000042e6d41b ut=52
HMEM: write 0000000080005e9c with 000000004311cd1e ut=53
HMEM: write 0000000080005ea0 with 00000000435f05df ut=54
HMEM: write 0000000080005ea4 with 00000000431a5201 ut=55
HMEM: write 0000000080005ea8 with 00000000423f5a4b ut=56
HMEM: write 0000000080005eac with 000000004346e4fa ut=57
HMEM: write 0000000080005eb0 with 00000000433af4b3 ut=58
HMEM: write 0000000080005eb4 with 00000000431e3777 ut=59
HMEM: write 0000000080005eb8 with 000000004221494a ut=60
HMEM: write 0000000080005ebc with 00000000435f24be ut=61
HMEM: write 0000000080005ec0 with 000000004254e15e ut=62
HMEM: write 0000000080005ec4 with 000000004269ab71 ut=63
HMEM: write 0000000080005ec8 with 00000000437794f9 ut=64
HMEM: write 0000000080005ecc with 000000004336a60e ut=65
HMEM: write 0000000080005ed0 with 0000000043791a29 ut=66
HMEM: write 0000000080005ed4 with 0000000043242542 ut=67
HMEM: write 0000000080005ed8 with 000000004318c8bc ut=68
HMEM: write 0000000080005edc with 0000000042cc5e27 ut=69
HMEM: write 0000000080005ee0 with 0000000042439f21 ut=70
HMEM: write 0000000080005ee4 with 000000004321696e ut=71
HMEM: write 0000000080005ee8 with 00000000435737c6 ut=72
HMEM: write 0000000080005eec with 0000000041bbfd81 ut=73
HMEM: write 0000000080005ef0 with 0000000043815324 ut=74
HMEM: write 0000000080005ef4 with 00000000423c2569 ut=75
HMEM: write 0000000080005ef8 with 00000000437a4f82 ut=76
HMEM: write 0000000080005efc with 00000000432c6e4e ut=77
HMEM: write 0000000080005f00 with 00000000425088bf ut=78
HMEM: write 0000000080005f04 with 000000004247712c ut=79
HMEM: write 0000000080005f08 with 0000000041d98c56 ut=80
HMEM: write 0000000080005f0c with 00000000434aaa1b ut=81
HMEM: write 0000000080005f10 with 0000000042ce7130 ut=82
HMEM: write 0000000080005f14 with 0000000041d048ae ut=83
HMEM: write 0000000080005f18 with 0000000041e130a1 ut=84
HMEM: write 0000000080005f1c with 0000000042a5093d ut=85
HMEM: write 0000000080005f20 with 00000000425d0036 ut=86
HMEM: write 0000000080005f24 with 00000000425cbf2f ut=87
HMEM: write 0000000080005f28 with 000000004277fc3f ut=88
HMEM: write 0000000080005f2c with 0000000043461489 ut=89
HMEM: write 0000000080005f30 with 00000000438377fd ut=90
HMEM: write 0000000080005f34 with 0000000042598253 ut=91
HMEM: write 0000000080005f38 with 00000000423dcec2 ut=92
HMEM: write 0000000080005f3c with 00000000427d959b ut=93
HMEM: write 0000000080005f40 with 0000000043842e5b ut=94
HMEM: write 0000000080005f44 with 00000000432c35e8 ut=95
HMEM: write 0000000080005f48 with 0000000041ed5f1f ut=96
HMEM: write 0000000080005f4c with 000000004259790f ut=97
HMEM: write 0000000080005f50 with 0000000042b47f85 ut=98
HMEM: write 0000000080005f54 with 00000000436e5b33 ut=99
HMEM: write 0000000080005f58 with 00000000437daeb1 ut=100
HMEM: write 0000000080005f5c with 0000000042c36ffc ut=101
HMEM: write 0000000080005f60 with 00000000436846f3 ut=102
HMEM: write 0000000080005f64 with 00000000436030ee ut=103
HMEM: write 0000000080005f68 with 00000000435d34ed ut=104
HMEM: write 0000000080005f6c with 00000000436ca10d ut=105
HMEM: write 0000000080005f70 with 0000000042bffc3d ut=106
HMEM: write 0000000080005f74 with 0000000042d4d15e ut=107
HMEM: write 0000000080005f78 with 00000000423ffc84 ut=108
HMEM: write 0000000080005f7c with 000000004287efd5 ut=109
HMEM: write 0000000080005f80 with 00000000430f59ff ut=110
HMEM: write 0000000080005f84 with 0000000042449997 ut=111
HMEM: write 0000000080005f88 with 00000000427f8a3b ut=112
HMEM: write 0000000080005f8c with 0000000042561e61 ut=113
HMEM: write 0000000080005f90 with 00000000424b620e ut=114
HMEM: write 0000000080005f94 with 00000000434aa98b ut=115
HMEM: write 0000000080005f98 with 0000000042ed0031 ut=116
HMEM: write 0000000080005f9c with 000000004302f33f ut=117
HMEM: write 0000000080005fa0 with 00000000433c1dfc ut=118
HMEM: write 0000000080005fa4 with 00000000437f7072 ut=119
HMEM: write 0000000080005fa8 with 000000004345c4f4 ut=120
HMEM: write 0000000080005fac with 00000000429d5568 ut=121
HMEM: write 0000000080005fb0 with 00000000421a0556 ut=122
HMEM: write 0000000080005fb4 with 00000000437919a3 ut=123
HMEM: write 0000000080005fb8 with 0000000042c4d2b9 ut=124
HMEM: write 0000000080005fbc with 0000000041f06bdf ut=125
HMEM: write 0000000080005fc0 with 0000000042aad853 ut=126
HMEM: write 0000000080005fc4 with 00000000425f46be ut=127
HMEM: write 0000000080005fc8 with 00000000432c1a1b ut=128
HMEM: write 0000000080005fcc with 00000000435d44d8 ut=129
HMEM: write 0000000080005fd0 with 000000004302b344 ut=130
HMEM: write 0000000080005fd4 with 000000004369fcf1 ut=131
HMEM: write 0000000080005fd8 with 0000000043366c8f ut=132
HMEM: write 0000000080005fdc with 000000004246f575 ut=133
HMEM: write 0000000080005fe0 with 000000004367c480 ut=134
HMEM: write 0000000080005fe4 with 0000000042840cbf ut=135
HMEM: write 0000000080005fe8 with 00000000431637f1 ut=136
HMEM: write 0000000080005fec with 0000000043266e12 ut=137
HMEM: write 0000000080005ff0 with 0000000042ae0de1 ut=138
HMEM: write 0000000080005ff4 with 00000000429fbe24 ut=139
HMEM: write 0000000080005ff8 with 000000004310e52f ut=140
HMEM: write 0000000080005ffc with 00000000424e5516 ut=141
HMEM: write 0000000080006000 with 00000000432a63b9 ut=142
HMEM: write 0000000080006004 with 00000000426837fb ut=143
HMEM: write 0000000080006008 with 00000000433ffbfe ut=144
HMEM: write 000000008000600c with 000000004283f073 ut=145
HMEM: write 0000000080006010 with 000000004205d976 ut=146
HMEM: write 0000000080006014 with 000000004240b223 ut=147
HMEM: write 0000000080006018 with 000000004252cf0d ut=148
HMEM: write 000000008000601c with 0000000043493622 ut=149
HMEM: write 0000000080006020 with 0000000042d2f33a ut=150
HMEM: write 0000000080006024 with 000000004382eb91 ut=151
HMEM: write 0000000080006028 with 00000000426d9433 ut=152
HMEM: write 000000008000602c with 000000004204f0d2 ut=153
HMEM: write 0000000080006030 with 000000004296bf5f ut=154
HMEM: write 0000000080006034 with 00000000423f384f ut=155
HMEM: write 0000000080006038 with 0000000042a2960f ut=156
HMEM: write 000000008000603c with 0000000042a47cb2 ut=157
HMEM: write 0000000080006040 with 0000000042ef380c ut=158
HMEM: write 0000000080006044 with 0000000041f808a0 ut=159
HMEM: write 0000000080006048 with 00000000420a5c9d ut=160
HMEM: write 000000008000604c with 0000000042aa0fe6 ut=161
HMEM: write 0000000080006050 with 0000000042b3b09e ut=162
HMEM: write 0000000080006054 with 0000000042b0cc26 ut=163
HMEM: write 0000000080006058 with 00000000435b6bb2 ut=164
HMEM: write 000000008000605c with 0000000043576c78 ut=165
HMEM: write 0000000080006060 with 00000000436d464e ut=166
HMEM: write 0000000080006064 with 00000000435bbafa ut=167
HMEM: write 0000000080006068 with 00000000437000a8 ut=168
HMEM: write 000000008000606c with 00000000428304a3 ut=169
HMEM: write 0000000080006070 with 00000000433f6bb3 ut=170
HMEM: write 0000000080006074 with 00000000436953dd ut=171
HMEM: write 0000000080006078 with 000000004323ae16 ut=172
HMEM: write 000000008000607c with 000000004380234f ut=173
HMEM: write 0000000080006080 with 00000000414b5cbc ut=174
HMEM: write 0000000080006084 with 0000000043160d61 ut=175
HMEM: write 0000000080006088 with 00000000427769ac ut=176
HMEM: write 000000008000608c with 0000000042ff7162 ut=177
HMEM: write 0000000080006090 with 00000000423f1c8c ut=178
HMEM: write 0000000080006094 with 000000004369bfe5 ut=179
HMEM: write 0000000080006098 with 00000000426b6107 ut=180
HMEM: write 000000008000609c with 0000000043478557 ut=181
HMEM: write 00000000800060a0 with 0000000041f149ee ut=182
HMEM: write 00000000800060a4 with 00000000436dbb81 ut=183
HMEM: write 00000000800060a8 with 0000000043456e2f ut=184
HMEM: write 00000000800060ac with 00000000428dbd95 ut=185
HMEM: write 00000000800060b0 with 0000000041989a40 ut=186
HMEM: write 00000000800060b4 with 00000000432ca2e9 ut=187
HMEM: write 00000000800060b8 with 00000000429d5cfd ut=188
HMEM: write 00000000800060bc with 0000000042df940b ut=189
HMEM: write 00000000800060c0 with 000000004384d97c ut=190
HMEM: write 00000000800060c4 with 0000000043400f74 ut=191
HMEM: write 00000000800060c8 with 000000004335b027 ut=192
HMEM: write 00000000800060cc with 00000000434fd383 ut=193
HMEM: write 00000000800060d0 with 0000000042b306bd ut=194
HMEM: write 00000000800060d4 with 0000000042357d24 ut=195
HMEM: write 00000000800060d8 with 00000000437d8ab4 ut=196
HMEM: write 00000000800060dc with 00000000422b4ae1 ut=197
HMEM: write 00000000800060e0 with 0000000043161d8e ut=198
HMEM: write 00000000800060e4 with 000000004254cb22 ut=199
HMEM: write 00000000800060e8 with 000000004295f692 ut=200
HMEM: write 00000000800060ec with 00000000432a41a4 ut=201
HMEM: write 00000000800060f0 with 0000000042a95491 ut=202
HMEM: write 00000000800060f4 with 000000004300d205 ut=203
HMEM: write 00000000800060f8 with 0000000041f5891e ut=204
HMEM: write 00000000800060fc with 0000000041868ba9 ut=205
HMEM: write 0000000080006100 with 00000000438583e3 ut=206
HMEM: write 0000000080006104 with 0000000042f5e627 ut=207
HMEM: write 0000000080006108 with 00000000429ef07d ut=208
HMEM: write 000000008000610c with 00000000431a4361 ut=209
HMEM: write 0000000080006110 with 0000000042bf6c2c ut=210
HMEM: write 0000000080006114 with 00000000435bd7e7 ut=211
HMEM: write 0000000080006118 with 00000000437a8093 ut=212
HMEM: write 000000008000611c with 00000000421cc2ea ut=213
HMEM: write 0000000080006120 with 0000000042b5a256 ut=214
HMEM: write 0000000080006124 with 0000000042c4a79a ut=215
HMEM: write 0000000080006128 with 0000000042f4dd5a ut=216
HMEM: write 000000008000612c with 0000000043760abe ut=217
HMEM: write 0000000080006130 with 00000000422fbef3 ut=218
HMEM: write 0000000080006134 with 000000004295c3de ut=219
HMEM: write 0000000080006138 with 00000000437f56f6 ut=220
HMEM: write 000000008000613c with 0000000042fbee48 ut=221
HMEM: write 0000000080006140 with 0000000042b08884 ut=222
HMEM: write 0000000080006144 with 0000000042b533a8 ut=223
HMEM: write 0000000080006148 with 00000000432fe806 ut=224
HMEM: write 000000008000614c with 00000000430a3f22 ut=225
HMEM: write 0000000080006150 with 000000004329e61e ut=226
HMEM: write 0000000080006154 with 0000000042065aea ut=227
HMEM: write 0000000080006158 with 000000004357f5f7 ut=228
HMEM: write 000000008000615c with 000000004365b320 ut=229
HMEM: write 0000000080006160 with 00000000437a661e ut=230
HMEM: write 0000000080006164 with 0000000043817543 ut=231
HMEM: write 0000000080006168 with 00000000437fee7b ut=232
HMEM: write 000000008000616c with 000000004298b493 ut=233
HMEM: write 0000000080006170 with 0000000042bd2218 ut=234
HMEM: write 0000000080006174 with 0000000041688939 ut=235
HMEM: write 0000000080006178 with 000000004380569d ut=236
HMEM: write 000000008000617c with 00000000437c5341 ut=237
HMEM: write 0000000080006180 with 0000000043193390 ut=238
HMEM: write 0000000080006184 with 0000000042acb653 ut=239
HMEM: write 0000000080006188 with 0000000042ad4aff ut=240
HMEM: write 000000008000618c with 00000000428e9244 ut=241
HMEM: write 0000000080006190 with 000000004250c8db ut=242
HMEM: write 0000000080006194 with 0000000043419b8a ut=243
HMEM: write 0000000080006198 with 000000004259ea1b ut=244
HMEM: write 000000008000619c with 0000000041d655c4 ut=245
HMEM: write 00000000800061a0 with 0000000041f86751 ut=246
HMEM: write 00000000800061a4 with 0000000042ba723e ut=247
HMEM: write 00000000800061a8 with 00000000415212c5 ut=248
HMEM: write 00000000800061ac with 00000000433ed7f3 ut=249
HMEM: write 00000000800061b0 with 0000000043004d4c ut=250
HMEM: write 00000000800061b4 with 0000000042939e04 ut=251
HMEM: write 00000000800061b8 with 0000000043816e74 ut=252
HMEM: write 00000000800061bc with 0000000043592881 ut=253
HMEM: write 00000000800061c0 with 0000000043467d13 ut=254
HMEM: write 00000000800061c4 with 0000000042efebc7 ut=255
HMEM: write 00000000800061c8 with 00000000429ec56e ut=256
HMEM: write 00000000800061cc with 0000000042fb38fa ut=257
HMEM: write 00000000800061d0 with 0000000042c5b724 ut=258
HMEM: write 00000000800061d4 with 0000000042425e76 ut=259
HMEM: write 00000000800061d8 with 00000000419f3de4 ut=260
HMEM: write 00000000800061dc with 000000004345f881 ut=261
HMEM: write 00000000800061e0 with 0000000042afd08a ut=262
HMEM: write 00000000800061e4 with 000000004293779c ut=263
HMEM: write 00000000800061e8 with 0000000041ca5485 ut=264
HMEM: write 00000000800061ec with 00000000420fe2e2 ut=265
HMEM: write 00000000800061f0 with 00000000437d610f ut=266
HMEM: write 00000000800061f4 with 00000000432c0c15 ut=267
HMEM: write 00000000800061f8 with 0000000043178812 ut=268
HMEM: write 00000000800061fc with 0000000043322297 ut=269
HMEM: write 0000000080006200 with 000000004289a8ac ut=270
HMEM: write 0000000080006204 with 0000000043195f52 ut=271
HMEM: write 0000000080006208 with 0000000042671273 ut=272
HMEM: write 000000008000620c with 0000000042fc5da2 ut=273
HMEM: write 0000000080006210 with 0000000042ea8f36 ut=274
HMEM: write 0000000080006214 with 00000000428e819e ut=275
HMEM: write 0000000080006218 with 00000000423d4200 ut=276
HMEM: write 000000008000621c with 000000004254bb74 ut=277
HMEM: write 0000000080006220 with 000000004299d35e ut=278
HMEM: write 0000000080006224 with 0000000043223985 ut=279
HMEM: write 0000000080006228 with 0000000042f76705 ut=280
HMEM: write 000000008000622c with 00000000430e4c04 ut=281
HMEM: write 0000000080006230 with 000000004325c650 ut=282
HMEM: write 0000000080006234 with 00000000416ab405 ut=283
HMEM: write 0000000080006238 with 000000004348dc7f ut=284
HMEM: write 000000008000623c with 00000000426eea54 ut=285
HMEM: write 0000000080006240 with 000000004327339f ut=286
HMEM: write 0000000080006244 with 0000000041a82d12 ut=287
HMEM: write 0000000080006248 with 00000000424c11a9 ut=288
HMEM: write 000000008000624c with 0000000042db2cd7 ut=289
HMEM: write 0000000080006250 with 000000004308e240 ut=290
HMEM: write 0000000080006254 with 0000000042a22603 ut=291
HMEM: write 0000000080006258 with 000000004383e4d1 ut=292
HMEM: write 000000008000625c with 0000000043148795 ut=293
HMEM: write 0000000080006260 with 0000000042923de0 ut=294
HMEM: write 0000000080006264 with 0000000041e5cc93 ut=295
HMEM: write 0000000080006268 with 0000000042b1ff89 ut=296
HMEM: write 000000008000626c with 00000000422902ee ut=297
HMEM: write 0000000080006270 with 00000000422fbc10 ut=298
HMEM: write 0000000080006274 with 0000000043218d01 ut=299
HMEM: write 0000000080006278 with 00000000428366d5 ut=300
HMEM: write 000000008000627c with 000000004261dd9e ut=301
HMEM: write 0000000080006280 with 00000000436b1097 ut=302
HMEM: write 0000000080006284 with 0000000042592112 ut=303
HMEM: write 0000000080006288 with 00000000430bfbe3 ut=304
HMEM: write 000000008000628c with 00000000437e6bb3 ut=305
HMEM: write 0000000080006290 with 000000004376aa20 ut=306
HMEM: write 0000000080006294 with 000000004272809e ut=307
HMEM: write 0000000080006298 with 0000000041d10a3c ut=308
HMEM: write 000000008000629c with 00000000435287ea ut=309
HMEM: write 00000000800062a0 with 00000000433a77f4 ut=310
HMEM: write 00000000800062a4 with 00000000433c5f90 ut=311
HMEM: write 00000000800062a8 with 0000000041242048 ut=312
HMEM: write 00000000800062ac with 000000004196eb2f ut=313
HMEM: write 00000000800062b0 with 000000004274e87e ut=314
HMEM: write 00000000800062b4 with 00000000436a7112 ut=315
HMEM: write 00000000800062b8 with 00000000426b010f ut=316
HMEM: write 00000000800062bc with 000000004250a256 ut=317
HMEM: write 00000000800062c0 with 0000000043703c81 ut=318
HMEM: write 00000000800062c4 with 00000000433c3a25 ut=319
HMEM: write 00000000800062c8 with 0000000042f06e27 ut=320
HMEM: write 00000000800062cc with 000000004265954f ut=321
HMEM: write 00000000800062d0 with 0000000043336146 ut=322
HMEM: write 00000000800062d4 with 000000004220a0be ut=323
HMEM: write 00000000800062d8 with 000000004329c6e0 ut=324
HMEM: write 00000000800062dc with 00000000422132d5 ut=325
HMEM: write 00000000800062e0 with 000000004242b605 ut=326
HMEM: write 00000000800062e4 with 0000000041b12b4e ut=327
HMEM: write 00000000800062e8 with 0000000042ac54fd ut=328
HMEM: write 00000000800062ec with 0000000042fed435 ut=329
HMEM: write 00000000800062f0 with 0000000043498bfd ut=330
HMEM: write 00000000800062f4 with 000000004369c98e ut=331
HMEM: write 00000000800062f8 with 000000004385d583 ut=332
HMEM: write 00000000800062fc with 00000000431c698b ut=333
HMEM: write 0000000080006300 with 00000000437bf84d ut=334
HMEM: write 0000000080006304 with 00000000430fd599 ut=335
HMEM: write 0000000080006308 with 00000000435d8515 ut=336
HMEM: write 000000008000630c with 000000004360cfd6 ut=337
HMEM: write 0000000080006310 with 0000000040ae687f ut=338
HMEM: write 0000000080006314 with 000000004310b6a8 ut=339
HMEM: write 0000000080006318 with 0000000042828beb ut=340
HMEM: write 000000008000631c with 00000000427def94 ut=341
HMEM: write 0000000080006320 with 000000004257b9ee ut=342
HMEM: write 0000000080006324 with 0000000042d721a5 ut=343
HMEM: write 0000000080006328 with 0000000042921622 ut=344
HMEM: write 000000008000632c with 000000004290a7f3 ut=345
HMEM: write 0000000080006330 with 0000000042b38dda ut=346
HMEM: write 0000000080006334 with 000000004310427e ut=347
HMEM: write 0000000080006338 with 0000000042a1a3fa ut=348
HMEM: write 000000008000633c with 00000000430038b1 ut=349
HMEM: write 0000000080006340 with 000000004158bd1a ut=350
HMEM: write 0000000080006344 with 000000004367c44f ut=351
HMEM: write 0000000080006348 with 000000004174a0c8 ut=352
HMEM: write 000000008000634c with 000000004210dde4 ut=353
HMEM: write 0000000080006350 with 00000000431de543 ut=354
HMEM: write 0000000080006354 with 000000004367edd7 ut=355
HMEM: write 0000000080006358 with 0000000041ac64f8 ut=356
HMEM: write 000000008000635c with 0000000042838545 ut=357
HMEM: write 0000000080006360 with 0000000041b391e5 ut=358
HMEM: write 0000000080006364 with 000000004319c29c ut=359
HMEM: write 0000000080006368 with 0000000042b333ee ut=360
HMEM: write 000000008000636c with 00000000429d4847 ut=361
HMEM: write 0000000080006370 with 000000004326283f ut=362
HMEM: write 0000000080006374 with 00000000424d97e6 ut=363
HMEM: write 0000000080006378 with 00000000429ff3cc ut=364
HMEM: write 000000008000637c with 0000000042028781 ut=365
HMEM: write 0000000080006380 with 000000004379e5bb ut=366
HMEM: write 0000000080006384 with 0000000042a65bfe ut=367
HMEM: write 0000000080006388 with 0000000042d34d18 ut=368
HMEM: write 000000008000638c with 00000000422bc476 ut=369
HMEM: write 0000000080006390 with 0000000041034ce4 ut=370
HMEM: write 0000000080006394 with 00000000435750ab ut=371
HMEM: write 0000000080006398 with 0000000043251768 ut=372
HMEM: write 000000008000639c with 00000000431b0904 ut=373
HMEM: write 00000000800063a0 with 00000000436b1740 ut=374
HMEM: write 00000000800063a4 with 0000000043166256 ut=375
HMEM: write 00000000800063a8 with 00000000432b6605 ut=376
HMEM: write 00000000800063ac with 000000004367bdc7 ut=377
HMEM: write 00000000800063b0 with 000000004317aefd ut=378
HMEM: write 00000000800063b4 with 0000000041a6002f ut=379
HMEM: write 00000000800063b8 with 00000000436e4d55 ut=380
HMEM: write 00000000800063bc with 0000000041efb34c ut=381
HMEM: write 00000000800063c0 with 000000004203c2c3 ut=382
HMEM: write 00000000800063c4 with 000000004222a9a7 ut=383
HMEM: write 00000000800063c8 with 0000000041dc05c3 ut=384
HMEM: write 00000000800063cc with 00000000431e25b2 ut=385
HMEM: write 00000000800063d0 with 0000000042810abc ut=386
HMEM: write 00000000800063d4 with 00000000429583d6 ut=387
HMEM: write 00000000800063d8 with 000000004253ba4c ut=388
HMEM: write 00000000800063dc with 00000000423bfba1 ut=389
HMEM: write 00000000800063e0 with 0000000042658748 ut=390
HMEM: write 00000000800063e4 with 00000000428ced44 ut=391
HMEM: write 00000000800063e8 with 00000000434ad180 ut=392
HMEM: write 00000000800063ec with 00000000423a0014 ut=393
HMEM: write 00000000800063f0 with 000000004305f23d ut=394
HMEM: write 00000000800063f4 with 00000000425f961a ut=395
HMEM: write 00000000800063f8 with 0000000041e32329 ut=396
HMEM: write 00000000800063fc with 0000000042877368 ut=397
HMEM: write 0000000080006400 with 00000000430ba287 ut=398
HMEM: write 0000000080006404 with 0000000042ccce62 ut=399
HMEM: write 0000000080006408 with 00000000426f0f6d ut=400
HMEM: write 000000008000640c with 0000000042aef95e ut=401
HMEM: write 0000000080006410 with 0000000043163b3f ut=402
HMEM: write 0000000080006414 with 00000000432de6e9 ut=403
HMEM: write 0000000080006418 with 00000000431d73a9 ut=404
HMEM: write 000000008000641c with 00000000419d43f2 ut=405
HMEM: write 0000000080006420 with 0000000043401d01 ut=406
HMEM: write 0000000080006424 with 0000000043867fbc ut=407
HMEM: write 0000000080006428 with 0000000042ac760c ut=408
HMEM: write 000000008000642c with 00000000420eafd3 ut=409
HMEM: write 0000000080006430 with 0000000043244a37 ut=410
HMEM: write 0000000080006434 with 0000000042e41224 ut=411
HMEM: write 0000000080006438 with 0000000043073ef5 ut=412
HMEM: write 000000008000643c with 0000000042a5d2f4 ut=413
HMEM: write 0000000080006440 with 0000000042ad5005 ut=414
HMEM: write 0000000080006444 with 000000004376e6f3 ut=415
HMEM: write 0000000080006448 with 00000000429dc75c ut=416
HMEM: write 000000008000644c with 00000000438496fc ut=417
HMEM: write 0000000080006450 with 000000004373d48c ut=418
HMEM: write 0000000080006454 with 0000000042fe2030 ut=419
HMEM: write 0000000080006458 with 0000000043018e7c ut=420
HMEM: write 000000008000645c with 000000004267b269 ut=421
HMEM: write 0000000080006460 with 0000000042b5a322 ut=422
HMEM: write 0000000080006464 with 000000004256f443 ut=423
HMEM: write 0000000080006468 with 00000000428a867e ut=424
HMEM: write 000000008000646c with 00000000414fadda ut=425
HMEM: write 0000000080006470 with 0000000041c668e2 ut=426
HMEM: write 0000000080006474 with 0000000042ef960d ut=427
HMEM: write 0000000080006478 with 000000004381f724 ut=428
HMEM: write 000000008000647c with 00000000432de969 ut=429
HMEM: write 0000000080006480 with 000000004340c097 ut=430
HMEM: write 0000000080006484 with 0000000042dd5ea9 ut=431
HMEM: write 0000000080006488 with 0000000041dc7ead ut=432
HMEM: write 000000008000648c with 0000000043166d36 ut=433
HMEM: write 0000000080006490 with 0000000041e81ddb ut=434
HMEM: write 0000000080006494 with 0000000042a251b5 ut=435
HMEM: write 0000000080006498 with 000000004346cbae ut=436
HMEM: write 000000008000649c with 00000000432af3cc ut=437
HMEM: write 00000000800064a0 with 0000000042e5583a ut=438
HMEM: write 00000000800064a4 with 00000000418bf2c3 ut=439
HMEM: write 00000000800064a8 with 0000000043216ce6 ut=440
HMEM: write 00000000800064ac with 0000000042ea0341 ut=441
HMEM: write 00000000800064b0 with 00000000423a8d0b ut=442
HMEM: write 00000000800064b4 with 0000000041bb9782 ut=443
HMEM: write 00000000800064b8 with 00000000437b4c74 ut=444
HMEM: write 00000000800064bc with 0000000042c1a4b6 ut=445
HMEM: write 00000000800064c0 with 00000000428b71f1 ut=446
HMEM: write 00000000800064c4 with 000000004231fc1e ut=447
HMEM: write 00000000800064c8 with 000000004222927b ut=448
HMEM: write 00000000800064cc with 000000004386076a ut=449
HMEM: write 00000000800064d0 with 0000000043330092 ut=450
HMEM: write 00000000800064d4 with 0000000042a2e7d5 ut=451
HMEM: write 00000000800064d8 with 000000004383f805 ut=452
HMEM: write 00000000800064dc with 0000000042b6bfb9 ut=453
HMEM: write 00000000800064e0 with 0000000042092c5c ut=454
HMEM: write 00000000800064e4 with 000000004358c73d ut=455
HMEM: write 00000000800064e8 with 000000004301eef3 ut=456
HMEM: write 00000000800064ec with 000000004340181c ut=457
HMEM: write 00000000800064f0 with 0000000041cbe0b9 ut=458
HMEM: write 00000000800064f4 with 0000000041f70b6f ut=459
HMEM: write 00000000800064f8 with 00000000420aa617 ut=460
HMEM: write 00000000800064fc with 00000000437de430 ut=461
HMEM: write 0000000080006500 with 00000000423e6315 ut=462
HMEM: write 0000000080006504 with 0000000042238b5e ut=463
HMEM: write 0000000080006508 with 000000004310ce9c ut=464
HMEM: write 000000008000650c with 00000000429d774c ut=465
HMEM: write 0000000080006510 with 000000004329d3d4 ut=466
HMEM: write 0000000080006514 with 0000000042da421b ut=467
HMEM: write 0000000080006518 with 000000004350ad33 ut=468
HMEM: write 000000008000651c with 00000000432b7770 ut=469
HMEM: write 0000000080006520 with 000000004386ef97 ut=470
HMEM: write 0000000080006524 with 000000004268553b ut=471
HMEM: write 0000000080006528 with 0000000042c285da ut=472
HMEM: write 000000008000652c with 0000000041d4bb6a ut=473
HMEM: write 0000000080006530 with 0000000042145e28 ut=474
HMEM: write 0000000080006534 with 000000004380054c ut=475
HMEM: write 0000000080006538 with 0000000042f47825 ut=476
HMEM: write 000000008000653c with 0000000042a7d079 ut=477
HMEM: write 0000000080006540 with 0000000041f6bf66 ut=478
HMEM: write 0000000080006544 with 000000004267a711 ut=479
HMEM: write 0000000080006548 with 00000000434d05d6 ut=480
HMEM: write 000000008000654c with 0000000042a20de9 ut=481
HMEM: write 0000000080006550 with 00000000422835dd ut=482
HMEM: write 0000000080006554 with 0000000042df53d0 ut=483
HMEM: write 0000000080006558 with 000000004271336a ut=484
HMEM: write 000000008000655c with 0000000041a02e4b ut=485
HMEM: write 0000000080006560 with 00000000433134b5 ut=486
HMEM: write 0000000080006564 with 0000000043855cc0 ut=487
HMEM: write 0000000080006568 with 00000000427ec221 ut=488
HMEM: write 000000008000656c with 0000000043267a3d ut=489
HMEM: write 0000000080006570 with 00000000431394a6 ut=490
HMEM: write 0000000080006574 with 00000000428bcc5e ut=491
HMEM: write 0000000080006578 with 0000000043285442 ut=492
HMEM: write 000000008000657c with 0000000042e84abb ut=493
HMEM: write 0000000080006580 with 0000000042896ede ut=494
HMEM: write 0000000080006584 with 0000000042d3c91f ut=495
HMEM: write 0000000080006588 with 0000000042f6c588 ut=496
HMEM: write 000000008000658c with 0000000042d1d799 ut=497
HMEM: write 0000000080006590 with 00000000436b693f ut=498
HMEM: write 0000000080006594 with 0000000042c26977 ut=499
HMEM: write 0000000080006598 with 0000000042cee098 ut=500
HMEM: write 000000008000659c with 0000000043846c82 ut=501
HMEM: write 00000000800065a0 with 00000000434f1229 ut=502
HMEM: write 00000000800065a4 with 000000004282fced ut=503
HMEM: write 00000000800065a8 with 000000004213e2fe ut=504
HMEM: write 00000000800065ac with 000000004210fc03 ut=505
HMEM: write 00000000800065b0 with 0000000042a2219a ut=506
HMEM: write 00000000800065b4 with 00000000430bdf1a ut=507
HMEM: write 00000000800065b8 with 00000000420c763f ut=508
HMEM: write 00000000800065bc with 000000004316f4b9 ut=509
HMEM: write 00000000800065c0 with 00000000423f0578 ut=510
HMEM: write 00000000800065c4 with 0000000043380301 ut=511
H: WT pc=0000000080002080 inst=8000080002022f3f next=0000000080002088 vl=512 act=ffffffffffffffffffffffffffffffffffffffffffffffffffffffffffffffffffffffffffffffffffffffffffffffffffffffffffffffffffffffffffffffff
H: WT pc=0000000080002088 inst=86aa04040201063f next=0000000080002090 vl=512 act=ffffffffffffffffffffffffffffffffffffffffffffffffffffffffffffffffffffffffffffffffffffffffffffffffffffffffffffffffffffffffffffffff
H: WT pc=0000000080002090 inst=87ba06060101063f next=0000000080002098 vl=512 act=ffffffffffffffffffffffffffffffffffffffffffffffffffffffffffffffffffffffffffffffffffffffffffffffffffffffffffffffffffffffffffffffff
H: WT pc=0000000080002098 inst=0000000000000c3f next=00000000800020a0 vl=512 act=-
H: WT pc=0000000080002010 inst=87fe00000000063f next=0000000080002018 vl=512 act=ffffffffffffffffffffffffffffffffffffffffffffffffffffffffffffffffffffffffffffffffffffffffffffffffffffffffffffffffffffffffffffffff
H: WT pc=0000000080002018 inst=805800000000063f next=0000000080002020 vl=512 act=ffffffffffffffffffffffffffffffffffffffffffffffffffffffffffffffffffffffffffffffffffffffffffffffffffffffffffffffffffffffffffffffff
H: WT pc=0000000080002020 inst=c000007e0000063f next=0000000080002028 vl=512 act=ffffffffffffffffffffffffffffffffffffffffffffffffffffffffffffffffffffffffffffffffffffffffffffffffffffffffffffffffffffffffffffffff
H: WT pc=0000000080002028 inst=c012007c0001063f next=0000000080002030 vl=512 act=ffffffffffffffffffffffffffffffffffffffffffffffffffffffffffffffffffffffffffffffffffffffffffffffffffffffffffffffffffffffffffffffff
H: WT pc=0000000080002030 inst=860202020002063f next=0000000080002038 vl=512 act=ffffffffffffffffffffffffffffffffffffffffffffffffffffffffffffffffffffffffffffffffffffffffffffffffffffffffffffffffffffffffffffffff
H: WT pc=0000000080002038 inst=840a02020003063f next=0000000080002040 vl=512 act=ffffffffffffffffffffffffffffffffffffffffffffffffffffffffffffffffffffffffffffffffffffffffffffffffffffffffffffffffffffffffffffffff
H: WT pc=0000000080002040 inst=0000004900012dbf next=0000000080002048 vl=512 act=-
HMEM: read from 0000000080009dc8 ut=0
HMEM: read from 0000000080009dd0 ut=1
HMEM: read from 0000000080009dd8 ut=2
HMEM: read from 0000000080009de0 ut=3
HMEM: read from 0000000080009de8 ut=4
HMEM: read from 0000000080009df0 ut=5
HMEM: read from 0000000080009df8 ut=6
HMEM: read from 0000000080009e00 ut=7
HMEM: read from 0000000080009e08 ut=8
HMEM: read from 0000000080009e10 ut=9
HMEM: read from 0000000080009e18 ut=10
HMEM: read from 0000000080009e20 ut=11
HMEM: read from 0000000080009e28 ut=12
HMEM: read from 0000000080009e30 ut=13
HMEM: read from 0000000080009e38 ut=14
HMEM: read from 0000000080009e40 ut=15
HMEM: read from 0000000080009e48 ut=16
HMEM: read from 0000000080009e50 ut=17
HMEM: read from 0000000080009e58 ut=18
HMEM: read from 0000000080009e60 ut=19
HMEM: read from 0000000080009e68 ut=20
HMEM: read from 0000000080009e70 ut=21
HMEM: read from 0000000080009e78 ut=22
HMEM: read from 0000000080009e80 ut=23
HMEM: read from 0000000080009e88 ut=24
HMEM: read from 0000000080009e90 ut=25
HMEM: read from 0000000080009e98 ut=26
HMEM: read from 0000000080009ea0 ut=27
HMEM: read from 0000000080009ea8 ut=28
HMEM: read from 0000000080009eb0 ut=29
HMEM: read from 0000000080009eb8 ut=30
HMEM: read from 0000000080009ec0 ut=31
HMEM: read from 0000000080009ec8 ut=32
HMEM: read from 0000000080009ed0 ut=33
HMEM: read from 0000000080009ed8 ut=34
HMEM: read from 0000000080009ee0 ut=35
HMEM: read from 0000000080009ee8 ut=36
HMEM: read from 0000000080009ef0 ut=37
HMEM: read from 0000000080009ef8 ut=38
HMEM: read from 0000000080009f00 ut=39
HMEM: read from 0000000080009f08 ut=40
HMEM: read from 0000000080009f10 ut=41
HMEM: read from 0000000080009f18 ut=42
HMEM: read from 0000000080009f20 ut=43
HMEM: read from 0000000080009f28 ut=44
HMEM: read from 0000000080009f30 ut=45
HMEM: read from 0000000080009f38 ut=46
HMEM: read from 0000000080009f40 ut=47
HMEM: read from 0000000080009f48 ut=48
HMEM: read from 0000000080009f50 ut=49
HMEM: read from 0000000080009f58 ut=50
HMEM: read from 0000000080009f60 ut=51
HMEM: read from 0000000080009f68 ut=52
HMEM: read from 0000000080009f70 ut=53
HMEM: read from 0000000080009f78 ut=54
HMEM: read from 0000000080009f80 ut=55
HMEM: read from 0000000080009f88 ut=56
HMEM: read from 0000000080009f90 ut=57
HMEM: read from 0000000080009f98 ut=58
HMEM: read from 0000000080009fa0 ut=59
HMEM: read from 0000000080009fa8 ut=60
HMEM: read from 0000000080009fb0 ut=61
HMEM: read from 0000000080009fb8 ut=62
HMEM: read from 0000000080009fc0 ut=63
HMEM: read from 0000000080009fc8 ut=64
HMEM: read from 0000000080009fd0 ut=65
HMEM: read from 0000000080009fd8 ut=66
HMEM: read from 0000000080009fe0 ut=67
HMEM: read from 0000000080009fe8 ut=68
HMEM: read from 0000000080009ff0 ut=69
HMEM: read from 0000000080009ff8 ut=70
HMEM: read from 000000008000a000 ut=71
HMEM: read from 000000008000a008 ut=72
HMEM: read from 000000008000a010 ut=73
HMEM: read from 000000008000a018 ut=74
HMEM: read from 000000008000a020 ut=75
HMEM: read from 000000008000a028 ut=76
HMEM: read from 000000008000a030 ut=77
HMEM: read from 000000008000a038 ut=78
HMEM: read from 000000008000a040 ut=79
HMEM: read from 000000008000a048 ut=80
HMEM: read from 000000008000a050 ut=81
HMEM: read from 000000008000a058 ut=82
HMEM: read from 000000008000a060 ut=83
HMEM: read from 000000008000a068 ut=84
HMEM: read from 000000008000a070 ut=85
HMEM: read from 000000008000a078 ut=86
HMEM: read from 000000008000a080 ut=87
HMEM: read from 000000008000a088 ut=88
HMEM: read from 000000008000a090 ut=89
HMEM: read from 000000008000a098 ut=90
HMEM: read from 000000008000a0a0 ut=91
HMEM: read from 000000008000a0a8 ut=92
HMEM: read from 000000008000a0b0 ut=93
HMEM: read from 000000008000a0b8 ut=94
HMEM: read from 000000008000a0c0 ut=95
HMEM: read from 000000008000a0c8 ut=96
HMEM: read from 000000008000a0d0 ut=97
HMEM: read from 000000008000a0d8 ut=98
HMEM: read from 000000008000a0e0 ut=99
HMEM: read from 000000008000a0e8 ut=100
HMEM: read from 000000008000a0f0 ut=101
HMEM: read from 000000008000a0f8 ut=102
HMEM: read from 000000008000a100 ut=103
HMEM: read from 000000008000a108 ut=104
HMEM: read from 000000008000a110 ut=105
HMEM: read from 000000008000a118 ut=106
HMEM: read from 000000008000a120 ut=107
HMEM: read from 000000008000a128 ut=108
HMEM: read from 000000008000a130 ut=109
HMEM: read from 000000008000a138 ut=110
HMEM: read from 000000008000a140 ut=111
HMEM: read from 000000008000a148 ut=112
HMEM: read from 000000008000a150 ut=113
HMEM: read from 000000008000a158 ut=114
HMEM: read from 000000008000a160 ut=115
HMEM: read from 000000008000a168 ut=116
HMEM: read from 000000008000a170 ut=117
HMEM: read from 000000008000a178 ut=118
HMEM: read from 000000008000a180 ut=119
HMEM: read from 000000008000a188 ut=120
HMEM: read from 000000008000a190 ut=121
HMEM: read from 000000008000a198 ut=122
HMEM: read from 000000008000a1a0 ut=123
HMEM: read from 000000008000a1a8 ut=124
HMEM: read from 000000008000a1b0 ut=125
HMEM: read from 000000008000a1b8 ut=126
HMEM: read from 000000008000a1c0 ut=127
HMEM: read from 000000008000a1c8 ut=128
HMEM: read from 000000008000a1d0 ut=129
HMEM: read from 000000008000a1d8 ut=130
HMEM: read from 000000008000a1e0 ut=131
HMEM: read from 000000008000a1e8 ut=132
HMEM: read from 000000008000a1f0 ut=133
HMEM: read from 000000008000a1f8 ut=134
HMEM: read from 000000008000a200 ut=135
HMEM: read from 000000008000a208 ut=136
HMEM: read from 000000008000a210 ut=137
HMEM: read from 000000008000a218 ut=138
HMEM: read from 000000008000a220 ut=139
HMEM: read from 000000008000a228 ut=140
HMEM: read from 000000008000a230 ut=141
HMEM: read from 000000008000a238 ut=142
HMEM: read from 000000008000a240 ut=143
HMEM: read from 000000008000a248 ut=144
HMEM: read from 000000008000a250 ut=145
HMEM: read from 000000008000a258 ut=146
HMEM: read from 000000008000a260 ut=147
HMEM: read from 000000008000a268 ut=148
HMEM: read from 000000008000a270 ut=149
HMEM: read from 000000008000a278 ut=150
HMEM: read from 000000008000a280 ut=151
HMEM: read from 000000008000a288 ut=152
HMEM: read from 000000008000a290 ut=153
HMEM: read from 000000008000a298 ut=154
HMEM: read from 000000008000a2a0 ut=155
HMEM: read from 000000008000a2a8 ut=156
HMEM: read from 000000008000a2b0 ut=157
HMEM: read from 000000008000a2b8 ut=158
HMEM: read from 000000008000a2c0 ut=159
HMEM: read from 000000008000a2c8 ut=160
HMEM: read from 000000008000a2d0 ut=161
HMEM: read from 000000008000a2d8 ut=162
HMEM: read from 000000008000a2e0 ut=163
HMEM: read from 000000008000a2e8 ut=164
HMEM: read from 000000008000a2f0 ut=165
HMEM: read from 000000008000a2f8 ut=166
HMEM: read from 000000008000a300 ut=167
HMEM: read from 000000008000a308 ut=168
HMEM: read from 000000008000a310 ut=169
HMEM: read from 000000008000a318 ut=170
HMEM: read from 000000008000a320 ut=171
HMEM: read from 000000008000a328 ut=172
HMEM: read from 000000008000a330 ut=173
HMEM: read from 000000008000a338 ut=174
HMEM: read from 000000008000a340 ut=175
HMEM: read from 000000008000a348 ut=176
HMEM: read from 000000008000a350 ut=177
HMEM: read from 000000008000a358 ut=178
HMEM: read from 000000008000a360 ut=179
HMEM: read from 000000008000a368 ut=180
HMEM: read from 000000008000a370 ut=181
HMEM: read from 000000008000a378 ut=182
HMEM: read from 000000008000a380 ut=183
HMEM: read from 000000008000a388 ut=184
HMEM: read from 000000008000a390 ut=185
HMEM: read from 000000008000a398 ut=186
HMEM: read from 000000008000a3a0 ut=187
HMEM: read from 000000008000a3a8 ut=188
HMEM: read from 000000008000a3b0 ut=189
HMEM: read from 000000008000a3b8 ut=190
HMEM: read from 000000008000a3c0 ut=191
HMEM: read from 000000008000a3c8 ut=192
HMEM: read from 000000008000a3d0 ut=193
HMEM: read from 000000008000a3d8 ut=194
HMEM: read from 000000008000a3e0 ut=195
HMEM: read from 000000008000a3e8 ut=196
HMEM: read from 000000008000a3f0 ut=197
HMEM: read from 000000008000a3f8 ut=198
HMEM: read from 000000008000a400 ut=199
HMEM: read from 000000008000a408 ut=200
HMEM: read from 000000008000a410 ut=201
HMEM: read from 000000008000a418 ut=202
HMEM: read from 000000008000a420 ut=203
HMEM: read from 000000008000a428 ut=204
HMEM: read from 000000008000a430 ut=205
HMEM: read from 000000008000a438 ut=206
HMEM: read from 000000008000a440 ut=207
HMEM: read from 000000008000a448 ut=208
HMEM: read from 000000008000a450 ut=209
HMEM: read from 000000008000a458 ut=210
HMEM: read from 000000008000a460 ut=211
HMEM: read from 000000008000a468 ut=212
HMEM: read from 000000008000a470 ut=213
HMEM: read from 000000008000a478 ut=214
HMEM: read from 000000008000a480 ut=215
HMEM: read from 000000008000a488 ut=216
HMEM: read from 000000008000a490 ut=217
HMEM: read from 000000008000a498 ut=218
HMEM: read from 000000008000a4a0 ut=219
HMEM: read from 000000008000a4a8 ut=220
HMEM: read from 000000008000a4b0 ut=221
HMEM: read from 000000008000a4b8 ut=222
HMEM: read from 000000008000a4c0 ut=223
HMEM: read from 000000008000a4c8 ut=224
HMEM: read from 000000008000a4d0 ut=225
HMEM: read from 000000008000a4d8 ut=226
HMEM: read from 000000008000a4e0 ut=227
HMEM: read from 000000008000a4e8 ut=228
HMEM: read from 000000008000a4f0 ut=229
HMEM: read from 000000008000a4f8 ut=230
HMEM: read from 000000008000a500 ut=231
HMEM: read from 000000008000a508 ut=232
HMEM: read from 000000008000a510 ut=233
HMEM: read from 000000008000a518 ut=234
HMEM: read from 000000008000a520 ut=235
HMEM: read from 000000008000a528 ut=236
HMEM: read from 000000008000a530 ut=237
HMEM: read from 000000008000a538 ut=238
HMEM: read from 000000008000a540 ut=239
HMEM: read from 000000008000a548 ut=240
HMEM: read from 000000008000a550 ut=241
HMEM: read from 000000008000a558 ut=242
HMEM: read from 000000008000a560 ut=243
HMEM: read from 000000008000a568 ut=244
HMEM: read from 000000008000a570 ut=245
HMEM: read from 000000008000a578 ut=246
HMEM: read from 000000008000a580 ut=247
HMEM: read from 000000008000a588 ut=248
HMEM: read from 000000008000a590 ut=249
HMEM: read from 000000008000a598 ut=250
HMEM: read from 000000008000a5a0 ut=251
HMEM: read from 000000008000a5a8 ut=252
HMEM: read from 000000008000a5b0 ut=253
HMEM: read from 000000008000a5b8 ut=254
HMEM: read from 000000008000a5c0 ut=255
HMEM: read from 000000008000a5c8 ut=256
HMEM: read from 000000008000a5d0 ut=257
HMEM: read from 000000008000a5d8 ut=258
HMEM: read from 000000008000a5e0 ut=259
HMEM: read from 000000008000a5e8 ut=260
HMEM: read from 000000008000a5f0 ut=261
HMEM: read from 000000008000a5f8 ut=262
HMEM: read from 000000008000a600 ut=263
HMEM: read from 000000008000a608 ut=264
HMEM: read from 000000008000a610 ut=265
HMEM: read from 000000008000a618 ut=266
HMEM: read from 000000008000a620 ut=267
HMEM: read from 000000008000a628 ut=268
HMEM: read from 000000008000a630 ut=269
HMEM: read from 000000008000a638 ut=270
HMEM: read from 000000008000a640 ut=271
HMEM: read from 000000008000a648 ut=272
HMEM: read from 000000008000a650 ut=273
HMEM: read from 000000008000a658 ut=274
HMEM: read from 000000008000a660 ut=275
HMEM: read from 000000008000a668 ut=276
HMEM: read from 000000008000a670 ut=277
HMEM: read from 000000008000a678 ut=278
HMEM: read from 000000008000a680 ut=279
HMEM: read from 000000008000a688 ut=280
HMEM: read from 000000008000a690 ut=281
HMEM: read from 000000008000a698 ut=282
HMEM: read from 000000008000a6a0 ut=283
HMEM: read from 000000008000a6a8 ut=284
HMEM: read from 000000008000a6b0 ut=285
HMEM: read from 000000008000a6b8 ut=286
HMEM: read from 000000008000a6c0 ut=287
HMEM: read from 000000008000a6c8 ut=288
HMEM: read from 000000008000a6d0 ut=289
HMEM: read from 000000008000a6d8 ut=290
HMEM: read from 000000008000a6e0 ut=291
HMEM: read from 000000008000a6e8 ut=292
HMEM: read from 000000008000a6f0 ut=293
HMEM: read from 000000008000a6f8 ut=294
HMEM: read from 000000008000a700 ut=295
HMEM: read from 000000008000a708 ut=296
HMEM: read from 000000008000a710 ut=297
HMEM: read from 000000008000a718 ut=298
HMEM: read from 000000008000a720 ut=299
HMEM: read from 000000008000a728 ut=300
HMEM: read from 000000008000a730 ut=301
HMEM: read from 000000008000a738 ut=302
HMEM: read from 000000008000a740 ut=303
HMEM: read from 000000008000a748 ut=304
HMEM: read from 000000008000a750 ut=305
HMEM: read from 000000008000a758 ut=306
HMEM: read from 000000008000a760 ut=307
HMEM: read from 000000008000a768 ut=308
HMEM: read from 000000008000a770 ut=309
HMEM: read from 000000008000a778 ut=310
HMEM: read from 000000008000a780 ut=311
HMEM: read from 000000008000a788 ut=312
HMEM: read from 000000008000a790 ut=313
HMEM: read from 000000008000a798 ut=314
HMEM: read from 000000008000a7a0 ut=315
HMEM: read from 000000008000a7a8 ut=316
HMEM: read from 000000008000a7b0 ut=317
HMEM: read from 000000008000a7b8 ut=318
HMEM: read from 000000008000a7c0 ut=319
HMEM: read from 000000008000a7c8 ut=320
HMEM: read from 000000008000a7d0 ut=321
HMEM: read from 000000008000a7d8 ut=322
HMEM: read from 000000008000a7e0 ut=323
HMEM: read from 000000008000a7e8 ut=324
HMEM: read from 000000008000a7f0 ut=325
HMEM: read from 000000008000a7f8 ut=326
HMEM: read from 000000008000a800 ut=327
HMEM: read from 000000008000a808 ut=328
HMEM: read from 000000008000a810 ut=329
HMEM: read from 000000008000a818 ut=330
HMEM: read from 000000008000a820 ut=331
HMEM: read from 000000008000a828 ut=332
HMEM: read from 000000008000a830 ut=333
HMEM: read from 000000008000a838 ut=334
HMEM: read from 000000008000a840 ut=335
HMEM: read from 000000008000a848 ut=336
HMEM: read from 000000008000a850 ut=337
HMEM: read from 000000008000a858 ut=338
HMEM: read from 000000008000a860 ut=339
HMEM: read from 000000008000a868 ut=340
HMEM: read from 000000008000a870 ut=341
HMEM: read from 000000008000a878 ut=342
HMEM: read from 000000008000a880 ut=343
HMEM: read from 000000008000a888 ut=344
HMEM: read from 000000008000a890 ut=345
HMEM: read from 000000008000a898 ut=346
HMEM: read from 000000008000a8a0 ut=347
HMEM: read from 000000008000a8a8 ut=348
HMEM: read from 000000008000a8b0 ut=349
HMEM: read from 000000008000a8b8 ut=350
HMEM: read from 000000008000a8c0 ut=351
HMEM: read from 000000008000a8c8 ut=352
HMEM: read from 000000008000a8d0 ut=353
HMEM: read from 000000008000a8d8 ut=354
HMEM: read from 000000008000a8e0 ut=355
HMEM: read from 000000008000a8e8 ut=356
HMEM: read from 000000008000a8f0 ut=357
HMEM: read from 000000008000a8f8 ut=358
HMEM: read from 000000008000a900 ut=359
HMEM: read from 000000008000a908 ut=360
HMEM: read from 000000008000a910 ut=361
HMEM: read from 000000008000a918 ut=362
HMEM: read from 000000008000a920 ut=363
HMEM: read from 000000008000a928 ut=364
HMEM: read from 000000008000a930 ut=365
HMEM: read from 000000008000a938 ut=366
HMEM: read from 000000008000a940 ut=367
HMEM: read from 000000008000a948 ut=368
HMEM: read from 000000008000a950 ut=369
HMEM: read from 000000008000a958 ut=370
HMEM: read from 000000008000a960 ut=371
HMEM: read from 000000008000a968 ut=372
HMEM: read from 000000008000a970 ut=373
HMEM: read from 000000008000a978 ut=374
HMEM: read from 000000008000a980 ut=375
HMEM: read from 000000008000a988 ut=376
HMEM: read from 000000008000a990 ut=377
HMEM: read from 000000008000a998 ut=378
HMEM: read from 000000008000a9a0 ut=379
HMEM: read from 000000008000a9a8 ut=380
HMEM: read from 000000008000a9b0 ut=381
HMEM: read from 000000008000a9b8 ut=382
HMEM: read from 000000008000a9c0 ut=383
HMEM: read from 000000008000a9c8 ut=384
HMEM: read from 000000008000a9d0 ut=385
HMEM: read from 000000008000a9d8 ut=386
HMEM: read from 000000008000a9e0 ut=387
HMEM: read from 000000008000a9e8 ut=388
HMEM: read from 000000008000a9f0 ut=389
HMEM: read from 000000008000a9f8 ut=390
HMEM: read from 000000008000aa00 ut=391
HMEM: read from 000000008000aa08 ut=392
HMEM: read from 000000008000aa10 ut=393
HMEM: read from 000000008000aa18 ut=394
HMEM: read from 000000008000aa20 ut=395
HMEM: read from 000000008000aa28 ut=396
HMEM: read from 000000008000aa30 ut=397
HMEM: read from 000000008000aa38 ut=398
HMEM: read from 000000008000aa40 ut=399
HMEM: read from 000000008000aa48 ut=400
HMEM: read from 000000008000aa50 ut=401
HMEM: read from 000000008000aa58 ut=402
HMEM: read from 000000008000aa60 ut=403
HMEM: read from 000000008000aa68 ut=404
HMEM: read from 000000008000aa70 ut=405
HMEM: read from 000000008000aa78 ut=406
HMEM: read from 000000008000aa80 ut=407
HMEM: read from 000000008000aa88 ut=408
HMEM: read from 000000008000aa90 ut=409
HMEM: read from 000000008000aa98 ut=410
HMEM: read from 000000008000aaa0 ut=411
HMEM: read from 000000008000aaa8 ut=412
HMEM: read from 000000008000aab0 ut=413
HMEM: read from 000000008000aab8 ut=414
HMEM: read from 000000008000aac0 ut=415
HMEM: read from 000000008000aac8 ut=416
HMEM: read from 000000008000aad0 ut=417
HMEM: read from 000000008000aad8 ut=418
HMEM: read from 000000008000aae0 ut=419
HMEM: read from 000000008000aae8 ut=420
HMEM: read from 000000008000aaf0 ut=421
HMEM: read from 000000008000aaf8 ut=422
HMEM: read from 000000008000ab00 ut=423
HMEM: read from 000000008000ab08 ut=424
HMEM: read from 000000008000ab10 ut=425
HMEM: read from 000000008000ab18 ut=426
HMEM: read from 000000008000ab20 ut=427
HMEM: read from 000000008000ab28 ut=428
HMEM: read from 000000008000ab30 ut=429
HMEM: read from 000000008000ab38 ut=430
HMEM: read from 000000008000ab40 ut=431
HMEM: read from 000000008000ab48 ut=432
HMEM: read from 000000008000ab50 ut=433
HMEM: read from 000000008000ab58 ut=434
HMEM: read from 000000008000ab60 ut=435
HMEM: read from 000000008000ab68 ut=436
HMEM: read from 000000008000ab70 ut=437
HMEM: read from 000000008000ab78 ut=438
HMEM: read from 000000008000ab80 ut=439
HMEM: read from 000000008000ab88 ut=440
HMEM: read from 000000008000ab90 ut=441
HMEM: read from 000000008000ab98 ut=442
HMEM: read from 000000008000aba0 ut=443
HMEM: read from 000000008000aba8 ut=444
HMEM: read from 000000008000abb0 ut=445
HMEM: read from 000000008000abb8 ut=446
HMEM: read from 000000008000abc0 ut=447
HMEM: read from 000000008000abc8 ut=448
HMEM: read from 000000008000abd0 ut=449
HMEM: read from 000000008000abd8 ut=450
HMEM: read from 000000008000abe0 ut=451
HMEM: read from 000000008000abe8 ut=452
HMEM: read from 000000008000abf0 ut=453
HMEM: read from 000000008000abf8 ut=454
HMEM: read from 000000008000ac00 ut=455
HMEM: read from 000000008000ac08 ut=456
HMEM: read from 000000008000ac10 ut=457
HMEM: read from 000000008000ac18 ut=458
HMEM: read from 000000008000ac20 ut=459
HMEM: read from 000000008000ac28 ut=460
HMEM: read from 000000008000ac30 ut=461
HMEM: read from 000000008000ac38 ut=462
HMEM: read from 000000008000ac40 ut=463
HMEM: read from 000000008000ac48 ut=464
HMEM: read from 000000008000ac50 ut=465
HMEM: read from 000000008000ac58 ut=466
HMEM: read from 000000008000ac60 ut=467
HMEM: read from 000000008000ac68 ut=468
HMEM: read from 000000008000ac70 ut=469
HMEM: read from 000000008000ac78 ut=470
HMEM: read from 000000008000ac80 ut=471
HMEM: read from 000000008000ac88 ut=472
HMEM: read from 000000008000ac90 ut=473
HMEM: read from 000000008000ac98 ut=474
HMEM: read from 000000008000aca0 ut=475
HMEM: read from 000000008000aca8 ut=476
HMEM: read from 000000008000acb0 ut=477
HMEM: read from 000000008000acb8 ut=478
HMEM: read from 000000008000acc0 ut=479
HMEM: read from 000000008000acc8 ut=480
HMEM: read from 000000008000acd0 ut=481
HMEM: read from 000000008000acd8 ut=482
HMEM: read from 000000008000ace0 ut=483
HMEM: read from 000000008000ace8 ut=484
HMEM: read from 000000008000acf0 ut=485
HMEM: read from 000000008000acf8 ut=486
HMEM: read from 000000008000ad00 ut=487
HMEM: read from 000000008000ad08 ut=488
HMEM: read from 000000008000ad10 ut=489
HMEM: read from 000000008000ad18 ut=490
HMEM: read from 000000008000ad20 ut=491
HMEM: read from 000000008000ad28 ut=492
HMEM: read from 000000008000ad30 ut=493
HMEM: read from 000000008000ad38 ut=494
HMEM: read from 000000008000ad40 ut=495
HMEM: read from 000000008000ad48 ut=496
HMEM: read from 000000008000ad50 ut=497
HMEM: read from 000000008000ad58 ut=498
HMEM: read from 000000008000ad60 ut=499
HMEM: read from 000000008000ad68 ut=500
HMEM: read from 000000008000ad70 ut=501
HMEM: read from 000000008000ad78 ut=502
HMEM: read from 000000008000ad80 ut=503
HMEM: read from 000000008000ad88 ut=504
HMEM: read from 000000008000ad90 ut=505
HMEM: read from 000000008000ad98 ut=506
HMEM: read from 000000008000ada0 ut=507
HMEM: read from 000000008000ada8 ut=508
HMEM: read from 000000008000adb0 ut=509
HMEM: read from 000000008000adb8 ut=510
HMEM: read from 000000008000adc0 ut=511
H: WT pc=0000000080002048 inst=80000a0600012b3f next=0000000080002050 vl=512 act=ffffffffffffffffffffffffffffffffffffffffffffffffffffffffffffffffffffffffffffffffffffffffffffffffffffffffffffffffffffffffffffffff
H: WT pc=0000000080002050 inst=a01c02023d022a3f next=0000000080002058 vl=512 act=ffffffffffffffffffffffffffffffffffffffffffffffffffffffffffffffffffffffffffffffffffffffffffffffffffffffffffffffffffffffffffffffff
HMEM: read from 0000000080009dcc ut=0
HMEM: read from 0000000080009dd4 ut=1
HMEM: read from 0000000080009ddc ut=2
HMEM: read from 0000000080009de4 ut=3
HMEM: read from 0000000080009dec ut=4
HMEM: read from 0000000080009df4 ut=5
HMEM: read from 0000000080009dfc ut=6
HMEM: read from 0000000080009e04 ut=7
HMEM: read from 0000000080009e0c ut=8
HMEM: read from 0000000080009e14 ut=9
HMEM: read from 0000000080009e1c ut=10
HMEM: read from 0000000080009e24 ut=11
HMEM: read from 0000000080009e2c ut=12
HMEM: read from 0000000080009e34 ut=13
HMEM: read from 0000000080009e3c ut=14
HMEM: read from 0000000080009e44 ut=15
HMEM: read from 0000000080009e4c ut=16
HMEM: read from 0000000080009e54 ut=17
HMEM: read from 0000000080009e5c ut=18
HMEM: read from 0000000080009e64 ut=19
HMEM: read from 0000000080009e6c ut=20
HMEM: read from 0000000080009e74 ut=21
HMEM: read from 0000000080009e7c ut=22
HMEM: read from 0000000080009e84 ut=23
HMEM: read from 0000000080009e8c ut=24
HMEM: read from 0000000080009e94 ut=25
HMEM: read from 0000000080009e9c ut=26
HMEM: read from 0000000080009ea4 ut=27
HMEM: read from 0000000080009eac ut=28
HMEM: read from 0000000080009eb4 ut=29
HMEM: read from 0000000080009ebc ut=30
HMEM: read from 0000000080009ec4 ut=31
HMEM: read from 0000000080009ecc ut=32
HMEM: read from 0000000080009ed4 ut=33
HMEM: read from 0000000080009edc ut=34
HMEM: read from 0000000080009ee4 ut=35
HMEM: read from 0000000080009eec ut=36
HMEM: read from 0000000080009ef4 ut=37
HMEM: read from 0000000080009efc ut=38
HMEM: read from 0000000080009f04 ut=39
HMEM: read from 0000000080009f0c ut=40
HMEM: read from 0000000080009f14 ut=41
HMEM: read from 0000000080009f1c ut=42
HMEM: read from 0000000080009f24 ut=43
HMEM: read from 0000000080009f2c ut=44
HMEM: read from 0000000080009f34 ut=45
HMEM: read from 0000000080009f3c ut=46
HMEM: read from 0000000080009f44 ut=47
HMEM: read from 0000000080009f4c ut=48
HMEM: read from 0000000080009f54 ut=49
HMEM: read from 0000000080009f5c ut=50
HMEM: read from 0000000080009f64 ut=51
HMEM: read from 0000000080009f6c ut=52
HMEM: read from 0000000080009f74 ut=53
HMEM: read from 0000000080009f7c ut=54
HMEM: read from 0000000080009f84 ut=55
HMEM: read from 0000000080009f8c ut=56
HMEM: read from 0000000080009f94 ut=57
HMEM: read from 0000000080009f9c ut=58
HMEM: read from 0000000080009fa4 ut=59
HMEM: read from 0000000080009fac ut=60
HMEM: read from 0000000080009fb4 ut=61
HMEM: read from 0000000080009fbc ut=62
HMEM: read from 0000000080009fc4 ut=63
HMEM: read from 0000000080009fcc ut=64
HMEM: read from 0000000080009fd4 ut=65
HMEM: read from 0000000080009fdc ut=66
HMEM: read from 0000000080009fe4 ut=67
HMEM: read from 0000000080009fec ut=68
HMEM: read from 0000000080009ff4 ut=69
HMEM: read from 0000000080009ffc ut=70
HMEM: read from 000000008000a004 ut=71
HMEM: read from 000000008000a00c ut=72
HMEM: read from 000000008000a014 ut=73
HMEM: read from 000000008000a01c ut=74
HMEM: read from 000000008000a024 ut=75
HMEM: read from 000000008000a02c ut=76
HMEM: read from 000000008000a034 ut=77
HMEM: read from 000000008000a03c ut=78
HMEM: read from 000000008000a044 ut=79
HMEM: read from 000000008000a04c ut=80
HMEM: read from 000000008000a054 ut=81
HMEM: read from 000000008000a05c ut=82
HMEM: read from 000000008000a064 ut=83
HMEM: read from 000000008000a06c ut=84
HMEM: read from 000000008000a074 ut=85
HMEM: read from 000000008000a07c ut=86
HMEM: read from 000000008000a084 ut=87
HMEM: read from 000000008000a08c ut=88
HMEM: read from 000000008000a094 ut=89
HMEM: read from 000000008000a09c ut=90
HMEM: read from 000000008000a0a4 ut=91
HMEM: read from 000000008000a0ac ut=92
HMEM: read from 000000008000a0b4 ut=93
HMEM: read from 000000008000a0bc ut=94
HMEM: read from 000000008000a0c4 ut=95
HMEM: read from 000000008000a0cc ut=96
HMEM: read from 000000008000a0d4 ut=97
HMEM: read from 000000008000a0dc ut=98
HMEM: read from 000000008000a0e4 ut=99
HMEM: read from 000000008000a0ec ut=100
HMEM: read from 000000008000a0f4 ut=101
HMEM: read from 000000008000a0fc ut=102
HMEM: read from 000000008000a104 ut=103
HMEM: read from 000000008000a10c ut=104
HMEM: read from 000000008000a114 ut=105
HMEM: read from 000000008000a11c ut=106
HMEM: read from 000000008000a124 ut=107
HMEM: read from 000000008000a12c ut=108
HMEM: read from 000000008000a134 ut=109
HMEM: read from 000000008000a13c ut=110
HMEM: read from 000000008000a144 ut=111
HMEM: read from 000000008000a14c ut=112
HMEM: read from 000000008000a154 ut=113
HMEM: read from 000000008000a15c ut=114
HMEM: read from 000000008000a164 ut=115
HMEM: read from 000000008000a16c ut=116
HMEM: read from 000000008000a174 ut=117
HMEM: read from 000000008000a17c ut=118
HMEM: read from 000000008000a184 ut=119
HMEM: read from 000000008000a18c ut=120
HMEM: read from 000000008000a194 ut=121
HMEM: read from 000000008000a19c ut=122
HMEM: read from 000000008000a1a4 ut=123
HMEM: read from 000000008000a1ac ut=124
HMEM: read from 000000008000a1b4 ut=125
HMEM: read from 000000008000a1bc ut=126
HMEM: read from 000000008000a1c4 ut=127
HMEM: read from 000000008000a1cc ut=128
HMEM: read from 000000008000a1d4 ut=129
HMEM: read from 000000008000a1dc ut=130
HMEM: read from 000000008000a1e4 ut=131
HMEM: read from 000000008000a1ec ut=132
HMEM: read from 000000008000a1f4 ut=133
HMEM: read from 000000008000a1fc ut=134
HMEM: read from 000000008000a204 ut=135
HMEM: read from 000000008000a20c ut=136
HMEM: read from 000000008000a214 ut=137
HMEM: read from 000000008000a21c ut=138
HMEM: read from 000000008000a224 ut=139
HMEM: read from 000000008000a22c ut=140
HMEM: read from 000000008000a234 ut=141
HMEM: read from 000000008000a23c ut=142
HMEM: read from 000000008000a244 ut=143
HMEM: read from 000000008000a24c ut=144
HMEM: read from 000000008000a254 ut=145
HMEM: read from 000000008000a25c ut=146
HMEM: read from 000000008000a264 ut=147
HMEM: read from 000000008000a26c ut=148
HMEM: read from 000000008000a274 ut=149
HMEM: read from 000000008000a27c ut=150
HMEM: read from 000000008000a284 ut=151
HMEM: read from 000000008000a28c ut=152
HMEM: read from 000000008000a294 ut=153
HMEM: read from 000000008000a29c ut=154
HMEM: read from 000000008000a2a4 ut=155
HMEM: read from 000000008000a2ac ut=156
HMEM: read from 000000008000a2b4 ut=157
HMEM: read from 000000008000a2bc ut=158
HMEM: read from 000000008000a2c4 ut=159
HMEM: read from 000000008000a2cc ut=160
HMEM: read from 000000008000a2d4 ut=161
HMEM: read from 000000008000a2dc ut=162
HMEM: read from 000000008000a2e4 ut=163
HMEM: read from 000000008000a2ec ut=164
HMEM: read from 000000008000a2f4 ut=165
HMEM: read from 000000008000a2fc ut=166
HMEM: read from 000000008000a304 ut=167
HMEM: read from 000000008000a30c ut=168
HMEM: read from 000000008000a314 ut=169
HMEM: read from 000000008000a31c ut=170
HMEM: read from 000000008000a324 ut=171
HMEM: read from 000000008000a32c ut=172
HMEM: read from 000000008000a334 ut=173
HMEM: read from 000000008000a33c ut=174
HMEM: read from 000000008000a344 ut=175
HMEM: read from 000000008000a34c ut=176
HMEM: read from 000000008000a354 ut=177
HMEM: read from 000000008000a35c ut=178
HMEM: read from 000000008000a364 ut=179
HMEM: read from 000000008000a36c ut=180
HMEM: read from 000000008000a374 ut=181
HMEM: read from 000000008000a37c ut=182
HMEM: read from 000000008000a384 ut=183
HMEM: read from 000000008000a38c ut=184
HMEM: read from 000000008000a394 ut=185
HMEM: read from 000000008000a39c ut=186
HMEM: read from 000000008000a3a4 ut=187
HMEM: read from 000000008000a3ac ut=188
HMEM: read from 000000008000a3b4 ut=189
HMEM: read from 000000008000a3bc ut=190
HMEM: read from 000000008000a3c4 ut=191
HMEM: read from 000000008000a3cc ut=192
HMEM: read from 000000008000a3d4 ut=193
HMEM: read from 000000008000a3dc ut=194
HMEM: read from 000000008000a3e4 ut=195
HMEM: read from 000000008000a3ec ut=196
HMEM: read from 000000008000a3f4 ut=197
HMEM: read from 000000008000a3fc ut=198
HMEM: read from 000000008000a404 ut=199
HMEM: read from 000000008000a40c ut=200
HMEM: read from 000000008000a414 ut=201
HMEM: read from 000000008000a41c ut=202
HMEM: read from 000000008000a424 ut=203
HMEM: read from 000000008000a42c ut=204
HMEM: read from 000000008000a434 ut=205
HMEM: read from 000000008000a43c ut=206
HMEM: read from 000000008000a444 ut=207
HMEM: read from 000000008000a44c ut=208
HMEM: read from 000000008000a454 ut=209
HMEM: read from 000000008000a45c ut=210
HMEM: read from 000000008000a464 ut=211
HMEM: read from 000000008000a46c ut=212
HMEM: read from 000000008000a474 ut=213
HMEM: read from 000000008000a47c ut=214
HMEM: read from 000000008000a484 ut=215
HMEM: read from 000000008000a48c ut=216
HMEM: read from 000000008000a494 ut=217
HMEM: read from 000000008000a49c ut=218
HMEM: read from 000000008000a4a4 ut=219
HMEM: read from 000000008000a4ac ut=220
HMEM: read from 000000008000a4b4 ut=221
HMEM: read from 000000008000a4bc ut=222
HMEM: read from 000000008000a4c4 ut=223
HMEM: read from 000000008000a4cc ut=224
HMEM: read from 000000008000a4d4 ut=225
HMEM: read from 000000008000a4dc ut=226
HMEM: read from 000000008000a4e4 ut=227
HMEM: read from 000000008000a4ec ut=228
HMEM: read from 000000008000a4f4 ut=229
HMEM: read from 000000008000a4fc ut=230
HMEM: read from 000000008000a504 ut=231
HMEM: read from 000000008000a50c ut=232
HMEM: read from 000000008000a514 ut=233
HMEM: read from 000000008000a51c ut=234
HMEM: read from 000000008000a524 ut=235
HMEM: read from 000000008000a52c ut=236
HMEM: read from 000000008000a534 ut=237
HMEM: read from 000000008000a53c ut=238
HMEM: read from 000000008000a544 ut=239
HMEM: read from 000000008000a54c ut=240
HMEM: read from 000000008000a554 ut=241
HMEM: read from 000000008000a55c ut=242
HMEM: read from 000000008000a564 ut=243
HMEM: read from 000000008000a56c ut=244
HMEM: read from 000000008000a574 ut=245
HMEM: read from 000000008000a57c ut=246
HMEM: read from 000000008000a584 ut=247
HMEM: read from 000000008000a58c ut=248
HMEM: read from 000000008000a594 ut=249
HMEM: read from 000000008000a59c ut=250
HMEM: read from 000000008000a5a4 ut=251
HMEM: read from 000000008000a5ac ut=252
HMEM: read from 000000008000a5b4 ut=253
HMEM: read from 000000008000a5bc ut=254
HMEM: read from 000000008000a5c4 ut=255
HMEM: read from 000000008000a5cc ut=256
HMEM: read from 000000008000a5d4 ut=257
HMEM: read from 000000008000a5dc ut=258
HMEM: read from 000000008000a5e4 ut=259
HMEM: read from 000000008000a5ec ut=260
HMEM: read from 000000008000a5f4 ut=261
HMEM: read from 000000008000a5fc ut=262
HMEM: read from 000000008000a604 ut=263
HMEM: read from 000000008000a60c ut=264
HMEM: read from 000000008000a614 ut=265
HMEM: read from 000000008000a61c ut=266
HMEM: read from 000000008000a624 ut=267
HMEM: read from 000000008000a62c ut=268
HMEM: read from 000000008000a634 ut=269
HMEM: read from 000000008000a63c ut=270
HMEM: read from 000000008000a644 ut=271
HMEM: read from 000000008000a64c ut=272
HMEM: read from 000000008000a654 ut=273
HMEM: read from 000000008000a65c ut=274
HMEM: read from 000000008000a664 ut=275
HMEM: read from 000000008000a66c ut=276
HMEM: read from 000000008000a674 ut=277
HMEM: read from 000000008000a67c ut=278
HMEM: read from 000000008000a684 ut=279
HMEM: read from 000000008000a68c ut=280
HMEM: read from 000000008000a694 ut=281
HMEM: read from 000000008000a69c ut=282
HMEM: read from 000000008000a6a4 ut=283
HMEM: read from 000000008000a6ac ut=284
HMEM: read from 000000008000a6b4 ut=285
HMEM: read from 000000008000a6bc ut=286
HMEM: read from 000000008000a6c4 ut=287
HMEM: read from 000000008000a6cc ut=288
HMEM: read from 000000008000a6d4 ut=289
HMEM: read from 000000008000a6dc ut=290
HMEM: read from 000000008000a6e4 ut=291
HMEM: read from 000000008000a6ec ut=292
HMEM: read from 000000008000a6f4 ut=293
HMEM: read from 000000008000a6fc ut=294
HMEM: read from 000000008000a704 ut=295
HMEM: read from 000000008000a70c ut=296
HMEM: read from 000000008000a714 ut=297
HMEM: read from 000000008000a71c ut=298
HMEM: read from 000000008000a724 ut=299
HMEM: read from 000000008000a72c ut=300
HMEM: read from 000000008000a734 ut=301
HMEM: read from 000000008000a73c ut=302
HMEM: read from 000000008000a744 ut=303
HMEM: read from 000000008000a74c ut=304
HMEM: read from 000000008000a754 ut=305
HMEM: read from 000000008000a75c ut=306
HMEM: read from 000000008000a764 ut=307
HMEM: read from 000000008000a76c ut=308
HMEM: read from 000000008000a774 ut=309
HMEM: read from 000000008000a77c ut=310
HMEM: read from 000000008000a784 ut=311
HMEM: read from 000000008000a78c ut=312
HMEM: read from 000000008000a794 ut=313
HMEM: read from 000000008000a79c ut=314
HMEM: read from 000000008000a7a4 ut=315
HMEM: read from 000000008000a7ac ut=316
HMEM: read from 000000008000a7b4 ut=317
HMEM: read from 000000008000a7bc ut=318
HMEM: read from 000000008000a7c4 ut=319
HMEM: read from 000000008000a7cc ut=320
HMEM: read from 000000008000a7d4 ut=321
HMEM: read from 000000008000a7dc ut=322
HMEM: read from 000000008000a7e4 ut=323
HMEM: read from 000000008000a7ec ut=324
HMEM: read from 000000008000a7f4 ut=325
HMEM: read from 000000008000a7fc ut=326
HMEM: read from 000000008000a804 ut=327
HMEM: read from 000000008000a80c ut=328
HMEM: read from 000000008000a814 ut=329
HMEM: read from 000000008000a81c ut=330
HMEM: read from 000000008000a824 ut=331
HMEM: read from 000000008000a82c ut=332
HMEM: read from 000000008000a834 ut=333
HMEM: read from 000000008000a83c ut=334
HMEM: read from 000000008000a844 ut=335
HMEM: read from 000000008000a84c ut=336
HMEM: read from 000000008000a854 ut=337
HMEM: read from 000000008000a85c ut=338
HMEM: read from 000000008000a864 ut=339
HMEM: read from 000000008000a86c ut=340
HMEM: read from 000000008000a874 ut=341
HMEM: read from 000000008000a87c ut=342
HMEM: read from 000000008000a884 ut=343
HMEM: read from 000000008000a88c ut=344
HMEM: read from 000000008000a894 ut=345
HMEM: read from 000000008000a89c ut=346
HMEM: read from 000000008000a8a4 ut=347
HMEM: read from 000000008000a8ac ut=348
HMEM: read from 000000008000a8b4 ut=349
HMEM: read from 000000008000a8bc ut=350
HMEM: read from 000000008000a8c4 ut=351
HMEM: read from 000000008000a8cc ut=352
HMEM: read from 000000008000a8d4 ut=353
HMEM: read from 000000008000a8dc ut=354
HMEM: read from 000000008000a8e4 ut=355
HMEM: read from 000000008000a8ec ut=356
HMEM: read from 000000008000a8f4 ut=357
HMEM: read from 000000008000a8fc ut=358
HMEM: read from 000000008000a904 ut=359
HMEM: read from 000000008000a90c ut=360
HMEM: read from 000000008000a914 ut=361
HMEM: read from 000000008000a91c ut=362
HMEM: read from 000000008000a924 ut=363
HMEM: read from 000000008000a92c ut=364
HMEM: read from 000000008000a934 ut=365
HMEM: read from 000000008000a93c ut=366
HMEM: read from 000000008000a944 ut=367
HMEM: read from 000000008000a94c ut=368
HMEM: read from 000000008000a954 ut=369
HMEM: read from 000000008000a95c ut=370
HMEM: read from 000000008000a964 ut=371
HMEM: read from 000000008000a96c ut=372
HMEM: read from 000000008000a974 ut=373
HMEM: read from 000000008000a97c ut=374
HMEM: read from 000000008000a984 ut=375
HMEM: read from 000000008000a98c ut=376
HMEM: read from 000000008000a994 ut=377
HMEM: read from 000000008000a99c ut=378
HMEM: read from 000000008000a9a4 ut=379
HMEM: read from 000000008000a9ac ut=380
HMEM: read from 000000008000a9b4 ut=381
HMEM: read from 000000008000a9bc ut=382
HMEM: read from 000000008000a9c4 ut=383
HMEM: read from 000000008000a9cc ut=384
HMEM: read from 000000008000a9d4 ut=385
HMEM: read from 000000008000a9dc ut=386
HMEM: read from 000000008000a9e4 ut=387
HMEM: read from 000000008000a9ec ut=388
HMEM: read from 000000008000a9f4 ut=389
HMEM: read from 000000008000a9fc ut=390
HMEM: read from 000000008000aa04 ut=391
HMEM: read from 000000008000aa0c ut=392
HMEM: read from 000000008000aa14 ut=393
HMEM: read from 000000008000aa1c ut=394
HMEM: read from 000000008000aa24 ut=395
HMEM: read from 000000008000aa2c ut=396
HMEM: read from 000000008000aa34 ut=397
HMEM: read from 000000008000aa3c ut=398
HMEM: read from 000000008000aa44 ut=399
HMEM: read from 000000008000aa4c ut=400
HMEM: read from 000000008000aa54 ut=401
HMEM: read from 000000008000aa5c ut=402
HMEM: read from 000000008000aa64 ut=403
HMEM: read from 000000008000aa6c ut=404
HMEM: read from 000000008000aa74 ut=405
HMEM: read from 000000008000aa7c ut=406
HMEM: read from 000000008000aa84 ut=407
HMEM: read from 000000008000aa8c ut=408
HMEM: read from 000000008000aa94 ut=409
HMEM: read from 000000008000aa9c ut=410
HMEM: read from 000000008000aaa4 ut=411
HMEM: read from 000000008000aaac ut=412
HMEM: read from 000000008000aab4 ut=413
HMEM: read from 000000008000aabc ut=414
HMEM: read from 000000008000aac4 ut=415
HMEM: read from 000000008000aacc ut=416
HMEM: read from 000000008000aad4 ut=417
HMEM: read from 000000008000aadc ut=418
HMEM: read from 000000008000aae4 ut=419
HMEM: read from 000000008000aaec ut=420
HMEM: read from 000000008000aaf4 ut=421
HMEM: read from 000000008000aafc ut=422
HMEM: read from 000000008000ab04 ut=423
HMEM: read from 000000008000ab0c ut=424
HMEM: read from 000000008000ab14 ut=425
HMEM: read from 000000008000ab1c ut=426
HMEM: read from 000000008000ab24 ut=427
HMEM: read from 000000008000ab2c ut=428
HMEM: read from 000000008000ab34 ut=429
HMEM: read from 000000008000ab3c ut=430
HMEM: read from 000000008000ab44 ut=431
HMEM: read from 000000008000ab4c ut=432
HMEM: read from 000000008000ab54 ut=433
HMEM: read from 000000008000ab5c ut=434
HMEM: read from 000000008000ab64 ut=435
HMEM: read from 000000008000ab6c ut=436
HMEM: read from 000000008000ab74 ut=437
HMEM: read from 000000008000ab7c ut=438
HMEM: read from 000000008000ab84 ut=439
HMEM: read from 000000008000ab8c ut=440
HMEM: read from 000000008000ab94 ut=441
HMEM: read from 000000008000ab9c ut=442
HMEM: read from 000000008000aba4 ut=443
HMEM: read from 000000008000abac ut=444
HMEM: read from 000000008000abb4 ut=445
HMEM: read from 000000008000abbc ut=446
HMEM: read from 000000008000abc4 ut=447
HMEM: read from 000000008000abcc ut=448
HMEM: read from 000000008000abd4 ut=449
HMEM: read from 000000008000abdc ut=450
HMEM: read from 000000008000abe4 ut=451
HMEM: read from 000000008000abec ut=452
HMEM: read from 000000008000abf4 ut=453
HMEM: read from 000000008000abfc ut=454
HMEM: read from 000000008000ac04 ut=455
HMEM: read from 000000008000ac0c ut=456
HMEM: read from 000000008000ac14 ut=457
HMEM: read from 000000008000ac1c ut=458
HMEM: read from 000000008000ac24 ut=459
HMEM: read from 000000008000ac2c ut=460
HMEM: read from 000000008000ac34 ut=461
HMEM: read from 000000008000ac3c ut=462
HMEM: read from 000000008000ac44 ut=463
HMEM: read from 000000008000ac4c ut=464
HMEM: read from 000000008000ac54 ut=465
HMEM: read from 000000008000ac5c ut=466
HMEM: read from 000000008000ac64 ut=467
HMEM: read from 000000008000ac6c ut=468
HMEM: read from 000000008000ac74 ut=469
HMEM: read from 000000008000ac7c ut=470
HMEM: read from 000000008000ac84 ut=471
HMEM: read from 000000008000ac8c ut=472
HMEM: read from 000000008000ac94 ut=473
HMEM: read from 000000008000ac9c ut=474
HMEM: read from 000000008000aca4 ut=475
HMEM: read from 000000008000acac ut=476
HMEM: read from 000000008000acb4 ut=477
HMEM: read from 000000008000acbc ut=478
HMEM: read from 000000008000acc4 ut=479
HMEM: read from 000000008000accc ut=480
HMEM: read from 000000008000acd4 ut=481
HMEM: read from 000000008000acdc ut=482
HMEM: read from 000000008000ace4 ut=483
HMEM: read from 000000008000acec ut=484
HMEM: read from 000000008000acf4 ut=485
HMEM: read from 000000008000acfc ut=486
HMEM: read from 000000008000ad04 ut=487
HMEM: read from 000000008000ad0c ut=488
HMEM: read from 000000008000ad14 ut=489
HMEM: read from 000000008000ad1c ut=490
HMEM: read from 000000008000ad24 ut=491
HMEM: read from 000000008000ad2c ut=492
HMEM: read from 000000008000ad34 ut=493
HMEM: read from 000000008000ad3c ut=494
HMEM: read from 000000008000ad44 ut=495
HMEM: read from 000000008000ad4c ut=496
HMEM: read from 000000008000ad54 ut=497
HMEM: read from 000000008000ad5c ut=498
HMEM: read from 000000008000ad64 ut=499
HMEM: read from 000000008000ad6c ut=500
HMEM: read from 000000008000ad74 ut=501
HMEM: read from 000000008000ad7c ut=502
HMEM: read from 000000008000ad84 ut=503
HMEM: read from 000000008000ad8c ut=504
HMEM: read from 000000008000ad94 ut=505
HMEM: read from 000000008000ad9c ut=506
HMEM: read from 000000008000ada4 ut=507
HMEM: read from 000000008000adac ut=508
HMEM: read from 000000008000adb4 ut=509
HMEM: read from 000000008000adbc ut=510
HMEM: read from 000000008000adc4 ut=511
H: WT pc=0000000080002058 inst=80000a0801012b3f next=0000000080002060 vl=512 act=ffffffffffffffffffffffffffffffffffffffffffffffffffffffffffffffffffffffffffffffffffffffffffffffffffffffffffffffffffffffffffffffff
H: WT pc=0000000080002060 inst=a01c02023c032a3f next=0000000080002068 vl=512 act=ffffffffffffffffffffffffffffffffffffffffffffffffffffffffffffffffffffffffffffffffffffffffffffffffffffffffffffffffffffffffffffffff
H: WT pc=0000000080002068 inst=e01c040603032a3f next=0000000080002070 vl=512 act=ffffffffffffffffffffffffffffffffffffffffffffffffffffffffffffffffffffffffffffffffffffffffffffffffffffffffffffffffffffffffffffffff
H: WT pc=0000000080002070 inst=f01c06040202283f next=0000000080002078 vl=512 act=ffffffffffffffffffffffffffffffffffffffffffffffffffffffffffffffffffffffffffffffffffffffffffffffffffffffffffffffffffffffffffffffff
H: WT pc=0000000080002078 inst=c01c160002022a3f next=0000000080002080 vl=512 act=ffffffffffffffffffffffffffffffffffffffffffffffffffffffffffffffffffffffffffffffffffffffffffffffffffffffffffffffffffffffffffffffff
HMEM: write 00000000800065c8 with 00000000430536b3 ut=0
HMEM: write 00000000800065cc with 000000004222add8 ut=1
HMEM: write 00000000800065d0 with 0000000042c678fb ut=2
HMEM: write 00000000800065d4 with 0000000043688b89 ut=3
HMEM: write 00000000800065d8 with 00000000433cc89e ut=4
HMEM: write 00000000800065dc with 0000000042d61805 ut=5
HMEM: write 00000000800065e0 with 00000000429e5b0b ut=6
HMEM: write 00000000800065e4 with 00000000426ff170 ut=7
HMEM: write 00000000800065e8 with 0000000042445faf ut=8
HMEM: write 00000000800065ec with 000000004334d686 ut=9
HMEM: write 00000000800065f0 with 000000004383ed3f ut=10
HMEM: write 00000000800065f4 with 0000000042efc9c1 ut=11
HMEM: write 00000000800065f8 with 000000004205304e ut=12
HMEM: write 00000000800065fc with 00000000421c4ead ut=13
HMEM: write 0000000080006600 with 000000004293ea29 ut=14
HMEM: write 0000000080006604 with 0000000042d4c847 ut=15
HMEM: write 0000000080006608 with 0000000043157b19 ut=16
HMEM: write 000000008000660c with 000000004332d9ed ut=17
HMEM: write 0000000080006610 with 0000000042b0e4c6 ut=18
HMEM: write 0000000080006614 with 00000000426b2afc ut=19
HMEM: write 0000000080006618 with 0000000043002fec ut=20
HMEM: write 000000008000661c with 0000000041ff5ab0 ut=21
HMEM: write 0000000080006620 with 000000004338234e ut=22
HMEM: write 0000000080006624 with 00000000436aeda9 ut=23
HMEM: write 0000000080006628 with 0000000042a26df4 ut=24
HMEM: write 000000008000662c with 000000004244801f ut=25
HMEM: write 0000000080006630 with 000000004298a292 ut=26
HMEM: write 0000000080006634 with 00000000436ce4ef ut=27
HMEM: write 0000000080006638 with 000000004374ae48 ut=28
HMEM: write 000000008000663c with 00000000435d163b ut=29
HMEM: write 0000000080006640 with 00000000430a1fb7 ut=30
HMEM: write 0000000080006644 with 0000000041f24dfc ut=31
HMEM: write 0000000080006648 with 00000000429c9ab2 ut=32
HMEM: write 000000008000664c with 00000000433fe3dc ut=33
HMEM: write 0000000080006650 with 00000000438534bf ut=34
HMEM: write 0000000080006654 with 00000000434612a7 ut=35
HMEM: write 0000000080006658 with 000000004329edc0 ut=36
HMEM: write 000000008000665c with 00000000434e8a52 ut=37
HMEM: write 0000000080006660 with 00000000426bf1d3 ut=38
HMEM: write 0000000080006664 with 0000000043634fcb ut=39
HMEM: write 0000000080006668 with 00000000423e1f47 ut=40
HMEM: write 000000008000666c with 00000000432762bc ut=41
HMEM: write 0000000080006670 with 00000000429fe287 ut=42
HMEM: write 0000000080006674 with 0000000042f90240 ut=43
HMEM: write 0000000080006678 with 0000000042264121 ut=44
HMEM: write 000000008000667c with 00000000435f1b4d ut=45
HMEM: write 0000000080006680 with 00000000436f937a ut=46
HMEM: write 0000000080006684 with 0000000042849887 ut=47
HMEM: write 0000000080006688 with 00000000432877b4 ut=48
HMEM: write 000000008000668c with 00000000433bce2e ut=49
HMEM: write 0000000080006690 with 000000004203c6a7 ut=50
HMEM: write 0000000080006694 with 00000000433a8858 ut=51
HMEM: write 0000000080006698 with 000000004357df73 ut=52
HMEM: write 000000008000669c with 00000000429dc57d ut=53
HMEM: write 00000000800066a0 with 000000004302a85c ut=54
HMEM: write 00000000800066a4 with 0000000041d8b5b4 ut=55
HMEM: write 00000000800066a8 with 0000000042367d97 ut=56
HMEM: write 00000000800066ac with 000000004196cef6 ut=57
HMEM: write 00000000800066b0 with 0000000042ae34c3 ut=58
HMEM: write 00000000800066b4 with 0000000042f0b726 ut=59
HMEM: write 00000000800066b8 with 00000000426bd474 ut=60
HMEM: write 00000000800066bc with 000000004340a697 ut=61
HMEM: write 00000000800066c0 with 0000000042c264d7 ut=62
HMEM: write 00000000800066c4 with 0000000042e7e7be ut=63
HMEM: write 00000000800066c8 with 00000000426c7fa7 ut=64
HMEM: write 00000000800066cc with 00000000428f25a0 ut=65
HMEM: write 00000000800066d0 with 0000000042cce1dd ut=66
HMEM: write 00000000800066d4 with 0000000042adee2e ut=67
HMEM: write 00000000800066d8 with 0000000043259b04 ut=68
HMEM: write 00000000800066dc with 000000004337d9a6 ut=69
HMEM: write 00000000800066e0 with 0000000042cb6f04 ut=70
HMEM: write 00000000800066e4 with 00000000423d4cef ut=71
HMEM: write 00000000800066e8 with 00000000428c1e65 ut=72
HMEM: write 00000000800066ec with 00000000420f7e10 ut=73
HMEM: write 00000000800066f0 with 0000000042ec0937 ut=74
HMEM: write 00000000800066f4 with 00000000435f1182 ut=75
HMEM: write 00000000800066f8 with 000000004381dbe3 ut=76
HMEM: write 00000000800066fc with 00000000428ff38d ut=77
HMEM: write 0000000080006700 with 0000000042ef4e16 ut=78
HMEM: write 0000000080006704 with 0000000042f5e3e8 ut=79
HMEM: write 0000000080006708 with 0000000042998d98 ut=80
HMEM: write 000000008000670c with 0000000042283ab8 ut=81
HMEM: write 0000000080006710 with 0000000043757b8f ut=82
HMEM: write 0000000080006714 with 0000000042e02a00 ut=83
HMEM: write 0000000080006718 with 000000004386ea91 ut=84
HMEM: write 000000008000671c with 00000000422b6511 ut=85
HMEM: write 0000000080006720 with 00000000426fd672 ut=86
HMEM: write 0000000080006724 with 00000000428543bf ut=87
HMEM: write 0000000080006728 with 000000004371fbc8 ut=88
HMEM: write 000000008000672c with 0000000042d9656f ut=89
HMEM: write 0000000080006730 with 00000000437c1d51 ut=90
HMEM: write 0000000080006734 with 0000000042408f88 ut=91
HMEM: write 0000000080006738 with 00000000430a9a16 ut=92
HMEM: write 000000008000673c with 00000000424be07a ut=93
HMEM: write 0000000080006740 with 000000004250e273 ut=94
HMEM: write 0000000080006744 with 0000000042ac9f05 ut=95
HMEM: write 0000000080006748 with 00000000424e1fce ut=96
HMEM: write 000000008000674c with 0000000043781234 ut=97
HMEM: write 0000000080006750 with 000000004345f69e ut=98
HMEM: write 0000000080006754 with 0000000041df4402 ut=99
HMEM: write 0000000080006758 with 00000000429a3961 ut=100
HMEM: write 000000008000675c with 00000000423658d6 ut=101
HMEM: write 0000000080006760 with 0000000042b21d17 ut=102
HMEM: write 0000000080006764 with 00000000436dfaca ut=103
HMEM: write 0000000080006768 with 00000000422c6acd ut=104
HMEM: write 000000008000676c with 0000000041ff09a0 ut=105
HMEM: write 0000000080006770 with 00000000422ff520 ut=106
HMEM: write 0000000080006774 with 00000000424ce929 ut=107
HMEM: write 0000000080006778 with 00000000435253d5 ut=108
HMEM: write 000000008000677c with 00000000430f6fd2 ut=109
HMEM: write 0000000080006780 with 000000004201c6dc ut=110
HMEM: write 0000000080006784 with 0000000041d611f6 ut=111
HMEM: write 0000000080006788 with 0000000042f10fce ut=112
HMEM: write 000000008000678c with 00000000420f363d ut=113
HMEM: write 0000000080006790 with 0000000041d21946 ut=114
HMEM: write 0000000080006794 with 0000000042442719 ut=115
HMEM: write 0000000080006798 with 0000000043477289 ut=116
HMEM: write 000000008000679c with 0000000042087470 ut=117
HMEM: write 00000000800067a0 with 00000000438092b8 ut=118
HMEM: write 00000000800067a4 with 00000000434cb13f ut=119
HMEM: write 00000000800067a8 with 0000000042f46c61 ut=120
HMEM: write 00000000800067ac with 0000000042073f09 ut=121
HMEM: write 00000000800067b0 with 000000004385df12 ut=122
HMEM: write 00000000800067b4 with 000000004289f584 ut=123
HMEM: write 00000000800067b8 with 0000000040a8b6a4 ut=124
HMEM: write 00000000800067bc with 000000004365a40b ut=125
HMEM: write 00000000800067c0 with 00000000427564ff ut=126
HMEM: write 00000000800067c4 with 00000000433a8173 ut=127
HMEM: write 00000000800067c8 with 000000004360f2ce ut=128
HMEM: write 00000000800067cc with 00000000437d4848 ut=129
HMEM: write 00000000800067d0 with 00000000430b9273 ut=130
HMEM: write 00000000800067d4 with 0000000042a018c4 ut=131
HMEM: write 00000000800067d8 with 000000004333e1f7 ut=132
HMEM: write 00000000800067dc with 0000000043234448 ut=133
HMEM: write 00000000800067e0 with 00000000432afada ut=134
HMEM: write 00000000800067e4 with 0000000043855e33 ut=135
HMEM: write 00000000800067e8 with 000000004376cb9f ut=136
HMEM: write 00000000800067ec with 0000000042b184cf ut=137
HMEM: write 00000000800067f0 with 00000000425c1790 ut=138
HMEM: write 00000000800067f4 with 0000000042676b7e ut=139
HMEM: write 00000000800067f8 with 00000000430ee663 ut=140
HMEM: write 00000000800067fc with 00000000422212cf ut=141
HMEM: write 0000000080006800 with 0000000042b4d529 ut=142
HMEM: write 0000000080006804 with 00000000429c9451 ut=143
HMEM: write 0000000080006808 with 000000004374fce0 ut=144
HMEM: write 000000008000680c with 000000004276bbfb ut=145
HMEM: write 0000000080006810 with 00000000428baaa6 ut=146
HMEM: write 0000000080006814 with 00000000433416f8 ut=147
HMEM: write 0000000080006818 with 0000000042aab929 ut=148
HMEM: write 000000008000681c with 0000000041d4ea78 ut=149
HMEM: write 0000000080006820 with 000000004385ce6c ut=150
HMEM: write 0000000080006824 with 00000000428347e1 ut=151
HMEM: write 0000000080006828 with 000000004364175b ut=152
HMEM: write 000000008000682c with 00000000434a2f94 ut=153
HMEM: write 0000000080006830 with 000000004368e976 ut=154
HMEM: write 0000000080006834 with 00000000427d92f1 ut=155
HMEM: write 0000000080006838 with 00000000432a4a56 ut=156
HMEM: write 000000008000683c with 0000000042c35f7a ut=157
HMEM: write 0000000080006840 with 0000000042a28c34 ut=158
HMEM: write 0000000080006844 with 0000000042275ca7 ut=159
HMEM: write 0000000080006848 with 0000000042b255df ut=160
HMEM: write 000000008000684c with 000000004374ed45 ut=161
HMEM: write 0000000080006850 with 00000000433c9573 ut=162
HMEM: write 0000000080006854 with 000000004247163c ut=163
HMEM: write 0000000080006858 with 0000000041ce9bc6 ut=164
HMEM: write 000000008000685c with 0000000041e9ef94 ut=165
HMEM: write 0000000080006860 with 00000000437ee4f8 ut=166
HMEM: write 0000000080006864 with 00000000426280f7 ut=167
HMEM: write 0000000080006868 with 00000000420f51d1 ut=168
HMEM: write 000000008000686c with 0000000042e01f89 ut=169
HMEM: write 0000000080006870 with 0000000042f5e16b ut=170
HMEM: write 0000000080006874 with 0000000043234751 ut=171
HMEM: write 0000000080006878 with 00000000421bee1f ut=172
HMEM: write 000000008000687c with 00000000436a47ef ut=173
HMEM: write 0000000080006880 with 0000000041aef182 ut=174
HMEM: write 0000000080006884 with 0000000043776b8c ut=175
HMEM: write 0000000080006888 with 00000000423f2cd9 ut=176
HMEM: write 000000008000688c with 00000000422d7213 ut=177
HMEM: write 0000000080006890 with 0000000042b682c7 ut=178
HMEM: write 0000000080006894 with 0000000043012682 ut=179
HMEM: write 0000000080006898 with 00000000424cdd66 ut=180
HMEM: write 000000008000689c with 000000004284d552 ut=181
HMEM: write 00000000800068a0 with 0000000043627c7f ut=182
HMEM: write 00000000800068a4 with 000000004381ca93 ut=183
HMEM: write 00000000800068a8 with 0000000042ef647d ut=184
HMEM: write 00000000800068ac with 0000000041bba260 ut=185
HMEM: write 00000000800068b0 with 000000004296f02b ut=186
HMEM: write 00000000800068b4 with 000000004295aefc ut=187
HMEM: write 00000000800068b8 with 00000000433905c2 ut=188
HMEM: write 00000000800068bc with 0000000043703e81 ut=189
HMEM: write 00000000800068c0 with 00000000429115ab ut=190
HMEM: write 00000000800068c4 with 0000000042524fac ut=191
HMEM: write 00000000800068c8 with 000000004360b445 ut=192
HMEM: write 00000000800068cc with 00000000430dc9ea ut=193
HMEM: write 00000000800068d0 with 000000004380f6eb ut=194
HMEM: write 00000000800068d4 with 00000000428250cd ut=195
HMEM: write 00000000800068d8 with 000000004370bd8d ut=196
HMEM: write 00000000800068dc with 00000000425faabf ut=197
HMEM: write 00000000800068e0 with 0000000043828073 ut=198
HMEM: write 00000000800068e4 with 0000000042b2ebc5 ut=199
HMEM: write 00000000800068e8 with 00000000431d7ef0 ut=200
HMEM: write 00000000800068ec with 0000000041aa49b4 ut=201
HMEM: write 00000000800068f0 with 0000000042e4e81a ut=202
HMEM: write 00000000800068f4 with 0000000042ba4be6 ut=203
HMEM: write 00000000800068f8 with 0000000041d09866 ut=204
HMEM: write 00000000800068fc with 00000000428b8c05 ut=205
HMEM: write 0000000080006900 with 00000000418219de ut=206
HMEM: write 0000000080006904 with 0000000042aa4b16 ut=207
HMEM: write 0000000080006908 with 00000000422390d4 ut=208
HMEM: write 000000008000690c with 00000000431a3dbf ut=209
HMEM: write 0000000080006910 with 0000000043604f90 ut=210
HMEM: write 0000000080006914 with 000000004319c17e ut=211
HMEM: write 0000000080006918 with 000000004313d872 ut=212
HMEM: write 000000008000691c with 0000000042c14b94 ut=213
HMEM: write 0000000080006920 with 0000000042a00fea ut=214
HMEM: write 0000000080006924 with 00000000424c4e56 ut=215
HMEM: write 0000000080006928 with 0000000042818413 ut=216
HMEM: write 000000008000692c with 00000000422914fd ut=217
HMEM: write 0000000080006930 with 0000000041d6e70c ut=218
HMEM: write 0000000080006934 with 00000000436eff5c ut=219
HMEM: write 0000000080006938 with 000000004263e2b2 ut=220
HMEM: write 000000008000693c with 0000000043460756 ut=221
HMEM: write 0000000080006940 with 0000000043516ed6 ut=222
HMEM: write 0000000080006944 with 00000000419543ba ut=223
HMEM: write 0000000080006948 with 000000004357902a ut=224
HMEM: write 000000008000694c with 0000000043399544 ut=225
HMEM: write 0000000080006950 with 00000000437ae869 ut=226
HMEM: write 0000000080006954 with 00000000426072d4 ut=227
HMEM: write 0000000080006958 with 0000000041de273a ut=228
HMEM: write 000000008000695c with 00000000437af381 ut=229
HMEM: write 0000000080006960 with 0000000042a782ba ut=230
HMEM: write 0000000080006964 with 00000000428c3a7d ut=231
HMEM: write 0000000080006968 with 00000000422e5829 ut=232
HMEM: write 000000008000696c with 000000004258da31 ut=233
HMEM: write 0000000080006970 with 00000000433f5e84 ut=234
HMEM: write 0000000080006974 with 0000000041f633a3 ut=235
HMEM: write 0000000080006978 with 00000000426ce6de ut=236
HMEM: write 000000008000697c with 0000000042fa5117 ut=237
HMEM: write 0000000080006980 with 00000000424d9d44 ut=238
HMEM: write 0000000080006984 with 0000000042c029ff ut=239
HMEM: write 0000000080006988 with 000000004301865c ut=240
HMEM: write 000000008000698c with 000000004285ec0e ut=241
HMEM: write 0000000080006990 with 00000000426a4abd ut=242
HMEM: write 0000000080006994 with 0000000043271cf9 ut=243
HMEM: write 0000000080006998 with 0000000042f42c4d ut=244
HMEM: write 000000008000699c with 0000000041cc7ff0 ut=245
HMEM: write 00000000800069a0 with 00000000427a24a7 ut=246
HMEM: write 00000000800069a4 with 00000000434326e3 ut=247
HMEM: write 00000000800069a8 with 0000000043854f7b ut=248
HMEM: write 00000000800069ac with 0000000042328ce8 ut=249
HMEM: write 00000000800069b0 with 00000000410678ea ut=250
HMEM: write 00000000800069b4 with 000000004307487a ut=251
HMEM: write 00000000800069b8 with 000000004319fd74 ut=252
HMEM: write 00000000800069bc with 000000004373cf78 ut=253
HMEM: write 00000000800069c0 with 00000000424dfe5e ut=254
HMEM: write 00000000800069c4 with 000000004247b144 ut=255
HMEM: write 00000000800069c8 with 0000000042800857 ut=256
HMEM: write 00000000800069cc with 0000000042484ea6 ut=257
HMEM: write 00000000800069d0 with 0000000042bca2cb ut=258
HMEM: write 00000000800069d4 with 00000000429f821c ut=259
HMEM: write 00000000800069d8 with 0000000041ceb872 ut=260
HMEM: write 00000000800069dc with 00000000432ca1d5 ut=261
HMEM: write 00000000800069e0 with 0000000041a86180 ut=262
HMEM: write 00000000800069e4 with 000000004225814a ut=263
HMEM: write 00000000800069e8 with 0000000042a4d191 ut=264
HMEM: write 00000000800069ec with 0000000042f70caa ut=265
HMEM: write 00000000800069f0 with 0000000043802184 ut=266
HMEM: write 00000000800069f4 with 00000000435bf00d ut=267
HMEM: write 00000000800069f8 with 00000000430611e1 ut=268
HMEM: write 00000000800069fc with 0000000040312f8a ut=269
HMEM: write 0000000080006a00 with 00000000433975fc ut=270
HMEM: write 0000000080006a04 with 00000000433daf0b ut=271
HMEM: write 0000000080006a08 with 0000000041fda269 ut=272
HMEM: write 0000000080006a0c with 0000000041987cc9 ut=273
HMEM: write 0000000080006a10 with 000000004265def6 ut=274
HMEM: write 0000000080006a14 with 0000000042a16c30 ut=275
HMEM: write 0000000080006a18 with 0000000043723f9f ut=276
HMEM: write 0000000080006a1c with 000000004382c7e4 ut=277
HMEM: write 0000000080006a20 with 00000000427b250b ut=278
HMEM: write 0000000080006a24 with 0000000042e9b869 ut=279
HMEM: write 0000000080006a28 with 000000004125f806 ut=280
HMEM: write 0000000080006a2c with 0000000042eabf8b ut=281
HMEM: write 0000000080006a30 with 0000000042866ac9 ut=282
HMEM: write 0000000080006a34 with 0000000043819627 ut=283
HMEM: write 0000000080006a38 with 0000000043838176 ut=284
HMEM: write 0000000080006a3c with 0000000042bda01c ut=285
HMEM: write 0000000080006a40 with 0000000042c50cb9 ut=286
HMEM: write 0000000080006a44 with 00000000431f1b3f ut=287
HMEM: write 0000000080006a48 with 00000000429a49af ut=288
HMEM: write 0000000080006a4c with 00000000428d5a5d ut=289
HMEM: write 0000000080006a50 with 00000000418bad7e ut=290
HMEM: write 0000000080006a54 with 0000000042efdf15 ut=291
HMEM: write 0000000080006a58 with 00000000426499c0 ut=292
HMEM: write 0000000080006a5c with 0000000042a939d6 ut=293
HMEM: write 0000000080006a60 with 00000000428af0d3 ut=294
HMEM: write 0000000080006a64 with 0000000043797f02 ut=295
HMEM: write 0000000080006a68 with 0000000041c301bf ut=296
HMEM: write 0000000080006a6c with 00000000432eb0ce ut=297
HMEM: write 0000000080006a70 with 0000000043645d61 ut=298
HMEM: write 0000000080006a74 with 000000004375b1ac ut=299
HMEM: write 0000000080006a78 with 0000000042baaa20 ut=300
HMEM: write 0000000080006a7c with 000000004342ece6 ut=301
HMEM: write 0000000080006a80 with 00000000435c75b2 ut=302
HMEM: write 0000000080006a84 with 0000000042b04b9b ut=303
HMEM: write 0000000080006a88 with 0000000043236bfd ut=304
HMEM: write 0000000080006a8c with 0000000042d22191 ut=305
HMEM: write 0000000080006a90 with 0000000042b36b00 ut=306
HMEM: write 0000000080006a94 with 0000000042dc9030 ut=307
HMEM: write 0000000080006a98 with 00000000429c1af2 ut=308
HMEM: write 0000000080006a9c with 0000000042d410b1 ut=309
HMEM: write 0000000080006aa0 with 00000000426795cc ut=310
HMEM: write 0000000080006aa4 with 00000000417e9e7e ut=311
HMEM: write 0000000080006aa8 with 00000000437837a8 ut=312
HMEM: write 0000000080006aac with 0000000042f8731a ut=313
HMEM: write 0000000080006ab0 with 0000000042dd19a1 ut=314
HMEM: write 0000000080006ab4 with 0000000043217f68 ut=315
HMEM: write 0000000080006ab8 with 00000000436d66c2 ut=316
HMEM: write 0000000080006abc with 00000000436b0a19 ut=317
HMEM: write 0000000080006ac0 with 00000000438186bc ut=318
HMEM: write 0000000080006ac4 with 00000000434584bb ut=319
HMEM: write 0000000080006ac8 with 000000004303f05d ut=320
HMEM: write 0000000080006acc with 0000000042a0f016 ut=321
HMEM: write 0000000080006ad0 with 00000000421958e5 ut=322
HMEM: write 0000000080006ad4 with 000000004220df9e ut=323
HMEM: write 0000000080006ad8 with 000000004311e106 ut=324
HMEM: write 0000000080006adc with 00000000434d6307 ut=325
HMEM: write 0000000080006ae0 with 000000004305e1f7 ut=326
HMEM: write 0000000080006ae4 with 0000000042b0221a ut=327
HMEM: write 0000000080006ae8 with 0000000041f9372c ut=328
HMEM: write 0000000080006aec with 0000000042c65f7e ut=329
HMEM: write 0000000080006af0 with 00000000416d74fb ut=330
HMEM: write 0000000080006af4 with 00000000412cc84b ut=331
HMEM: write 0000000080006af8 with 0000000043653034 ut=332
HMEM: write 0000000080006afc with 00000000436d363c ut=333
HMEM: write 0000000080006b00 with 000000004241f675 ut=334
HMEM: write 0000000080006b04 with 000000004382cd2a ut=335
HMEM: write 0000000080006b08 with 0000000043772ae3 ut=336
HMEM: write 0000000080006b0c with 0000000042712e68 ut=337
HMEM: write 0000000080006b10 with 0000000042d7d578 ut=338
HMEM: write 0000000080006b14 with 00000000436b2524 ut=339
HMEM: write 0000000080006b18 with 000000004346234f ut=340
HMEM: write 0000000080006b1c with 0000000043158564 ut=341
HMEM: write 0000000080006b20 with 0000000043878abe ut=342
HMEM: write 0000000080006b24 with 000000004303b41d ut=343
HMEM: write 0000000080006b28 with 00000000432ceb91 ut=344
HMEM: write 0000000080006b2c with 00000000427443dc ut=345
HMEM: write 0000000080006b30 with 00000000420bcbc0 ut=346
HMEM: write 0000000080006b34 with 0000000042dcdd27 ut=347
HMEM: write 0000000080006b38 with 0000000041f72958 ut=348
HMEM: write 0000000080006b3c with 00000000425249df ut=349
HMEM: write 0000000080006b40 with 0000000042b60ab5 ut=350
HMEM: write 0000000080006b44 with 0000000042cb4190 ut=351
HMEM: write 0000000080006b48 with 0000000042219bc1 ut=352
HMEM: write 0000000080006b4c with 0000000043810c93 ut=353
HMEM: write 0000000080006b50 with 000000004353c371 ut=354
HMEM: write 0000000080006b54 with 00000000420cd298 ut=355
HMEM: write 0000000080006b58 with 00000000430f8c25 ut=356
HMEM: write 0000000080006b5c with 000000004301113f ut=357
HMEM: write 0000000080006b60 with 0000000043215e40 ut=358
HMEM: write 0000000080006b64 with 0000000042f694e4 ut=359
HMEM: write 0000000080006b68 with 00000000425124dc ut=360
HMEM: write 0000000080006b6c with 000000004329a912 ut=361
HMEM: write 0000000080006b70 with 000000004375bc6c ut=362
HMEM: write 0000000080006b74 with 0000000042ef9dc1 ut=363
HMEM: write 0000000080006b78 with 0000000042a664d5 ut=364
HMEM: write 0000000080006b7c with 000000004264d4e8 ut=365
HMEM: write 0000000080006b80 with 000000004282619f ut=366
HMEM: write 0000000080006b84 with 000000004295046c ut=367
HMEM: write 0000000080006b88 with 0000000042eda593 ut=368
HMEM: write 0000000080006b8c with 000000004372038f ut=369
HMEM: write 0000000080006b90 with 0000000041d1c828 ut=370
HMEM: write 0000000080006b94 with 00000000420876d9 ut=371
HMEM: write 0000000080006b98 with 00000000435baf2b ut=372
HMEM: write 0000000080006b9c with 00000000426427e8 ut=373
HMEM: write 0000000080006ba0 with 000000004385003a ut=374
HMEM: write 0000000080006ba4 with 00000000428291e4 ut=375
HMEM: write 0000000080006ba8 with 00000000427eddff ut=376
HMEM: write 0000000080006bac with 000000004362c9d9 ut=377
HMEM: write 0000000080006bb0 with 0000000042430ab0 ut=378
HMEM: write 0000000080006bb4 with 0000000041a46d1c ut=379
HMEM: write 0000000080006bb8 with 0000000042ce9890 ut=380
HMEM: write 0000000080006bbc with 00000000435be354 ut=381
HMEM: write 0000000080006bc0 with 00000000435e5e74 ut=382
HMEM: write 0000000080006bc4 with 0000000043015e07 ut=383
HMEM: write 0000000080006bc8 with 0000000042252360 ut=384
HMEM: write 0000000080006bcc with 00000000431ce524 ut=385
HMEM: write 0000000080006bd0 with 0000000042af13fe ut=386
HMEM: write 0000000080006bd4 with 00000000435ebb7f ut=387
HMEM: write 0000000080006bd8 with 00000000422fffb9 ut=388
HMEM: write 0000000080006bdc with 0000000042f69eed ut=389
HMEM: write 0000000080006be0 with 00000000429a8972 ut=390
HMEM: write 0000000080006be4 with 000000004381440a ut=391
HMEM: write 0000000080006be8 with 0000000043806297 ut=392
HMEM: write 0000000080006bec with 0000000042956013 ut=393
HMEM: write 0000000080006bf0 with 0000000042e44904 ut=394
HMEM: write 0000000080006bf4 with 0000000043167dc7 ut=395
HMEM: write 0000000080006bf8 with 00000000429a747e ut=396
HMEM: write 0000000080006bfc with 0000000042b41f9f ut=397
HMEM: write 0000000080006c00 with 00000000422cca64 ut=398
HMEM: write 0000000080006c04 with 0000000042775db9 ut=399
HMEM: write 0000000080006c08 with 00000000426dcb99 ut=400
HMEM: write 0000000080006c0c with 000000004313ce78 ut=401
HMEM: write 0000000080006c10 with 00000000426360ca ut=402
HMEM: write 0000000080006c14 with 0000000041f71703 ut=403
HMEM: write 0000000080006c18 with 0000000041800e78 ut=404
HMEM: write 0000000080006c1c with 0000000042ff2d8d ut=405
HMEM: write 0000000080006c20 with 0000000042597739 ut=406
HMEM: write 0000000080006c24 with 0000000041cdc7d6 ut=407
HMEM: write 0000000080006c28 with 0000000043155364 ut=408
HMEM: write 0000000080006c2c with 0000000043249680 ut=409
HMEM: write 0000000080006c30 with 0000000042a412fd ut=410
HMEM: write 0000000080006c34 with 00000000431ed044 ut=411
HMEM: write 0000000080006c38 with 000000004330d29a ut=412
HMEM: write 0000000080006c3c with 00000000427bef2a ut=413
HMEM: write 0000000080006c40 with 000000004346e378 ut=414
HMEM: write 0000000080006c44 with 00000000434a1945 ut=415
HMEM: write 0000000080006c48 with 00000000428d132b ut=416
HMEM: write 0000000080006c4c with 0000000041af91b1 ut=417
HMEM: write 0000000080006c50 with 0000000042dd1933 ut=418
HMEM: write 0000000080006c54 with 00000000425985ce ut=419
HMEM: write 0000000080006c58 with 000000004383731a ut=420
HMEM: write 0000000080006c5c with 0000000042ba64d9 ut=421
HMEM: write 0000000080006c60 with 000000004292c30d ut=422
HMEM: write 0000000080006c64 with 00000000424fa4a0 ut=423
HMEM: write 0000000080006c68 with 000000004247a6db ut=424
HMEM: write 0000000080006c6c with 0000000041835888 ut=425
HMEM: write 0000000080006c70 with 00000000436c478b ut=426
HMEM: write 0000000080006c74 with 0000000040753c4b ut=427
HMEM: write 0000000080006c78 with 0000000041ebe48e ut=428
HMEM: write 0000000080006c7c with 0000000042d17c47 ut=429
HMEM: write 0000000080006c80 with 00000000431511cf ut=430
HMEM: write 0000000080006c84 with 00000000432c523b ut=431
HMEM: write 0000000080006c88 with 000000004200d0a4 ut=432
HMEM: write 0000000080006c8c with 0000000041f88dd3 ut=433
HMEM: write 0000000080006c90 with 00000000432cb07c ut=434
HMEM: write 0000000080006c94 with 0000000043031605 ut=435
HMEM: write 0000000080006c98 with 00000000436c74d4 ut=436
HMEM: write 0000000080006c9c with 0000000043610c48 ut=437
HMEM: write 0000000080006ca0 with 000000004240c1f4 ut=438
HMEM: write 0000000080006ca4 with 000000004229a5ce ut=439
HMEM: write 0000000080006ca8 with 0000000042123b46 ut=440
HMEM: write 0000000080006cac with 0000000041c661d3 ut=441
HMEM: write 0000000080006cb0 with 00000000428a2796 ut=442
HMEM: write 0000000080006cb4 with 0000000042793afe ut=443
HMEM: write 0000000080006cb8 with 0000000042ce0668 ut=444
HMEM: write 0000000080006cbc with 000000004338075c ut=445
HMEM: write 0000000080006cc0 with 00000000429a31e9 ut=446
HMEM: write 0000000080006cc4 with 0000000043519516 ut=447
HMEM: write 0000000080006cc8 with 00000000422b622c ut=448
HMEM: write 0000000080006ccc with 00000000431d294e ut=449
HMEM: write 0000000080006cd0 with 00000000426ccf40 ut=450
HMEM: write 0000000080006cd4 with 0000000043169c60 ut=451
HMEM: write 0000000080006cd8 with 000000004349570a ut=452
HMEM: write 0000000080006cdc with 00000000429b9651 ut=453
HMEM: write 0000000080006ce0 with 0000000042c368c4 ut=454
HMEM: write 0000000080006ce4 with 0000000042fd16b0 ut=455
HMEM: write 0000000080006ce8 with 000000004327853f ut=456
HMEM: write 0000000080006cec with 00000000420216cd ut=457
HMEM: write 0000000080006cf0 with 000000004332f743 ut=458
HMEM: write 0000000080006cf4 with 0000000042499bc6 ut=459
HMEM: write 0000000080006cf8 with 0000000042a2e989 ut=460
HMEM: write 0000000080006cfc with 000000004301ea54 ut=461
HMEM: write 0000000080006d00 with 0000000041eb1654 ut=462
HMEM: write 0000000080006d04 with 0000000042819676 ut=463
HMEM: write 0000000080006d08 with 00000000431058ad ut=464
HMEM: write 0000000080006d0c with 0000000041918961 ut=465
HMEM: write 0000000080006d10 with 00000000437d154e ut=466
HMEM: write 0000000080006d14 with 000000004131163a ut=467
HMEM: write 0000000080006d18 with 00000000428dd575 ut=468
HMEM: write 0000000080006d1c with 00000000432cae46 ut=469
HMEM: write 0000000080006d20 with 000000004343f791 ut=470
HMEM: write 0000000080006d24 with 000000004316c8b0 ut=471
HMEM: write 0000000080006d28 with 00000000428aa8bb ut=472
HMEM: write 0000000080006d2c with 000000004251b030 ut=473
HMEM: write 0000000080006d30 with 00000000422dafab ut=474
HMEM: write 0000000080006d34 with 0000000042016ae1 ut=475
HMEM: write 0000000080006d38 with 0000000043192270 ut=476
HMEM: write 0000000080006d3c with 0000000042e44720 ut=477
HMEM: write 0000000080006d40 with 00000000426745ab ut=478
HMEM: write 0000000080006d44 with 0000000042971aab ut=479
HMEM: write 0000000080006d48 with 00000000434aa794 ut=480
HMEM: write 0000000080006d4c with 0000000042c3692a ut=481
HMEM: write 0000000080006d50 with 0000000042a472b7 ut=482
HMEM: write 0000000080006d54 with 00000000419c7125 ut=483
HMEM: write 0000000080006d58 with 0000000042851600 ut=484
HMEM: write 0000000080006d5c with 000000004236b0ca ut=485
HMEM: write 0000000080006d60 with 0000000042204772 ut=486
HMEM: write 0000000080006d64 with 0000000042005cd9 ut=487
HMEM: write 0000000080006d68 with 00000000418cef1b ut=488
HMEM: write 0000000080006d6c with 0000000042a475b0 ut=489
HMEM: write 0000000080006d70 with 000000004350b6a0 ut=490
HMEM: write 0000000080006d74 with 0000000043812f13 ut=491
HMEM: write 0000000080006d78 with 00000000429dd00a ut=492
HMEM: write 0000000080006d7c with 00000000427bb31c ut=493
HMEM: write 0000000080006d80 with 00000000434597b0 ut=494
HMEM: write 0000000080006d84 with 000000004375b34f ut=495
HMEM: write 0000000080006d88 with 0000000042d491bf ut=496
HMEM: write 0000000080006d8c with 00000000433935fc ut=497
HMEM: write 0000000080006d90 with 0000000043605b18 ut=498
HMEM: write 0000000080006d94 with 000000004349fe68 ut=499
HMEM: write 0000000080006d98 with 0000000042ee7f24 ut=500
HMEM: write 0000000080006d9c with 0000000043587688 ut=501
HMEM: write 0000000080006da0 with 00000000435327b3 ut=502
HMEM: write 0000000080006da4 with 0000000042f3ff90 ut=503
HMEM: write 0000000080006da8 with 0000000043374678 ut=504
HMEM: write 0000000080006dac with 00000000433ff2b9 ut=505
HMEM: write 0000000080006db0 with 000000004384f0e8 ut=506
HMEM: write 0000000080006db4 with 000000004289ec66 ut=507
HMEM: write 0000000080006db8 with 00000000436abc5f ut=508
HMEM: write 0000000080006dbc with 0000000043069e79 ut=509
HMEM: write 0000000080006dc0 with 0000000042f5eb26 ut=510
HMEM: write 0000000080006dc4 with 0000000042999d69 ut=511
H: WT pc=0000000080002080 inst=8000080002022f3f next=0000000080002088 vl=512 act=ffffffffffffffffffffffffffffffffffffffffffffffffffffffffffffffffffffffffffffffffffffffffffffffffffffffffffffffffffffffffffffffff
H: WT pc=0000000080002088 inst=86aa04040201063f next=0000000080002090 vl=512 act=ffffffffffffffffffffffffffffffffffffffffffffffffffffffffffffffffffffffffffffffffffffffffffffffffffffffffffffffffffffffffffffffff
H: WT pc=0000000080002090 inst=87ba06060101063f next=0000000080002098 vl=512 act=ffffffffffffffffffffffffffffffffffffffffffffffffffffffffffffffffffffffffffffffffffffffffffffffffffffffffffffffffffffffffffffffff
H: WT pc=0000000080002098 inst=0000000000000c3f next=00000000800020a0 vl=512 act=-
H: WT pc=0000000080002010 inst=87fe00000000063f next=0000000080002018 vl=512 act=ffffffffffffffffffffffffffffffffffffffffffffffffffffffffffffffffffffffffffffffffffffffffffffffffffffffffffffffffffffffffffffffff
H: WT pc=0000000080002018 inst=805800000000063f next=0000000080002020 vl=512 act=ffffffffffffffffffffffffffffffffffffffffffffffffffffffffffffffffffffffffffffffffffffffffffffffffffffffffffffffffffffffffffffffff
H: WT pc=0000000080002020 inst=c000007e0000063f next=0000000080002028 vl=512 act=ffffffffffffffffffffffffffffffffffffffffffffffffffffffffffffffffffffffffffffffffffffffffffffffffffffffffffffffffffffffffffffffff
H: WT pc=0000000080002028 inst=c012007c0001063f next=0000000080002030 vl=512 act=ffffffffffffffffffffffffffffffffffffffffffffffffffffffffffffffffffffffffffffffffffffffffffffffffffffffffffffffffffffffffffffffff
H: WT pc=0000000080002030 inst=860202020002063f next=0000000080002038 vl=512 act=ffffffffffffffffffffffffffffffffffffffffffffffffffffffffffffffffffffffffffffffffffffffffffffffffffffffffffffffffffffffffffffffff
H: WT pc=0000000080002038 inst=840a02020003063f next=0000000080002040 vl=512 act=ffffffffffffffffffffffffffffffffffffffffffffffffffffffffffffffffffffffffffffffffffffffffffffffffffffffffffffffffffffffffffffffff
H: WT pc=0000000080002040 inst=0000004900012dbf next=0000000080002048 vl=512 act=-
HMEM: read from 0000000080006dc8 ut=0
HMEM: read from 0000000080006dd0 ut=1
HMEM: read from 0000000080006dd8 ut=2
HMEM: read from 0000000080006de0 ut=3
HMEM: read from 0000000080006de8 ut=4
HMEM: read from 0000000080006df0 ut=5
HMEM: read from 0000000080006df8 ut=6
HMEM: read from 0000000080006e00 ut=7
HMEM: read from 0000000080006e08 ut=8
HMEM: read from 0000000080006e10 ut=9
HMEM: read from 0000000080006e18 ut=10
HMEM: read from 0000000080006e20 ut=11
HMEM: read from 0000000080006e28 ut=12
HMEM: read from 0000000080006e30 ut=13
HMEM: read from 0000000080006e38 ut=14
HMEM: read from 0000000080006e40 ut=15
HMEM: read from 0000000080006e48 ut=16
HMEM: read from 0000000080006e50 ut=17
HMEM: read from 0000000080006e58 ut=18
HMEM: read from 0000000080006e60 ut=19
HMEM: read from 0000000080006e68 ut=20
HMEM: read from 0000000080006e70 ut=21
HMEM: read from 0000000080006e78 ut=22
HMEM: read from 0000000080006e80 ut=23
HMEM: read from 0000000080006e88 ut=24
HMEM: read from 0000000080006e90 ut=25
HMEM: read from 0000000080006e98 ut=26
HMEM: read from 0000000080006ea0 ut=27
HMEM: read from 0000000080006ea8 ut=28
HMEM: read from 0000000080006eb0 ut=29
HMEM: read from 0000000080006eb8 ut=30
HMEM: read from 0000000080006ec0 ut=31
HMEM: read from 0000000080006ec8 ut=32
HMEM: read from 0000000080006ed0 ut=33
HMEM: read from 0000000080006ed8 ut=34
HMEM: read from 0000000080006ee0 ut=35
HMEM: read from 0000000080006ee8 ut=36
HMEM: read from 0000000080006ef0 ut=37
HMEM: read from 0000000080006ef8 ut=38
HMEM: read from 0000000080006f00 ut=39
HMEM: read from 0000000080006f08 ut=40
HMEM: read from 0000000080006f10 ut=41
HMEM: read from 0000000080006f18 ut=42
HMEM: read from 0000000080006f20 ut=43
HMEM: read from 0000000080006f28 ut=44
HMEM: read from 0000000080006f30 ut=45
HMEM: read from 0000000080006f38 ut=46
HMEM: read from 0000000080006f40 ut=47
HMEM: read from 0000000080006f48 ut=48
HMEM: read from 0000000080006f50 ut=49
HMEM: read from 0000000080006f58 ut=50
HMEM: read from 0000000080006f60 ut=51
HMEM: read from 0000000080006f68 ut=52
HMEM: read from 0000000080006f70 ut=53
HMEM: read from 0000000080006f78 ut=54
HMEM: read from 0000000080006f80 ut=55
HMEM: read from 0000000080006f88 ut=56
HMEM: read from 0000000080006f90 ut=57
HMEM: read from 0000000080006f98 ut=58
HMEM: read from 0000000080006fa0 ut=59
HMEM: read from 0000000080006fa8 ut=60
HMEM: read from 0000000080006fb0 ut=61
HMEM: read from 0000000080006fb8 ut=62
HMEM: read from 0000000080006fc0 ut=63
HMEM: read from 0000000080006fc8 ut=64
HMEM: read from 0000000080006fd0 ut=65
HMEM: read from 0000000080006fd8 ut=66
HMEM: read from 0000000080006fe0 ut=67
HMEM: read from 0000000080006fe8 ut=68
HMEM: read from 0000000080006ff0 ut=69
HMEM: read from 0000000080006ff8 ut=70
HMEM: read from 0000000080007000 ut=71
HMEM: read from 0000000080007008 ut=72
HMEM: read from 0000000080007010 ut=73
HMEM: read from 0000000080007018 ut=74
HMEM: read from 0000000080007020 ut=75
HMEM: read from 0000000080007028 ut=76
HMEM: read from 0000000080007030 ut=77
HMEM: read from 0000000080007038 ut=78
HMEM: read from 0000000080007040 ut=79
HMEM: read from 0000000080007048 ut=80
HMEM: read from 0000000080007050 ut=81
HMEM: read from 0000000080007058 ut=82
HMEM: read from 0000000080007060 ut=83
HMEM: read from 0000000080007068 ut=84
HMEM: read from 0000000080007070 ut=85
HMEM: read from 0000000080007078 ut=86
HMEM: read from 0000000080007080 ut=87
HMEM: read from 0000000080007088 ut=88
HMEM: read from 0000000080007090 ut=89
HMEM: read from 0000000080007098 ut=90
HMEM: read from 00000000800070a0 ut=91
HMEM: read from 00000000800070a8 ut=92
HMEM: read from 00000000800070b0 ut=93
HMEM: read from 00000000800070b8 ut=94
HMEM: read from 00000000800070c0 ut=95
HMEM: read from 00000000800070c8 ut=96
HMEM: read from 00000000800070d0 ut=97
HMEM: read from 00000000800070d8 ut=98
HMEM: read from 00000000800070e0 ut=99
HMEM: read from 00000000800070e8 ut=100
HMEM: read from 00000000800070f0 ut=101
HMEM: read from 00000000800070f8 ut=102
HMEM: read from 0000000080007100 ut=103
HMEM: read from 0000000080007108 ut=104
HMEM: read from 0000000080007110 ut=105
HMEM: read from 0000000080007118 ut=106
HMEM: read from 0000000080007120 ut=107
HMEM: read from 0000000080007128 ut=108
HMEM: read from 0000000080007130 ut=109
HMEM: read from 0000000080007138 ut=110
HMEM: read from 0000000080007140 ut=111
HMEM: read from 0000000080007148 ut=112
HMEM: read from 0000000080007150 ut=113
HMEM: read from 0000000080007158 ut=114
HMEM: read from 0000000080007160 ut=115
HMEM: read from 0000000080007168 ut=116
HMEM: read from 0000000080007170 ut=117
HMEM: read from 0000000080007178 ut=118
HMEM: read from 0000000080007180 ut=119
HMEM: read from 0000000080007188 ut=120
HMEM: read from 0000000080007190 ut=121
HMEM: read from 0000000080007198 ut=122
HMEM: read from 00000000800071a0 ut=123
HMEM: read from 00000000800071a8 ut=124
HMEM: read from 00000000800071b0 ut=125
HMEM: read from 00000000800071b8 ut=126
HMEM: read from 00000000800071c0 ut=127
HMEM: read from 00000000800071c8 ut=128
HMEM: read from 00000000800071d0 ut=129
HMEM: read from 00000000800071d8 ut=130
HMEM: read from 00000000800071e0 ut=131
HMEM: read from 00000000800071e8 ut=132
HMEM: read from 00000000800071f0 ut=133
HMEM: read from 00000000800071f8 ut=134
HMEM: read from 0000000080007200 ut=135
HMEM: read from 0000000080007208 ut=136
HMEM: read from 0000000080007210 ut=137
HMEM: read from 0000000080007218 ut=138
HMEM: read from 0000000080007220 ut=139
HMEM: read from 0000000080007228 ut=140
HMEM: read from 0000000080007230 ut=141
HMEM: read from 0000000080007238 ut=142
HMEM: read from 0000000080007240 ut=143
HMEM: read from 0000000080007248 ut=144
HMEM: read from 0000000080007250 ut=145
HMEM: read from 0000000080007258 ut=146
HMEM: read from 0000000080007260 ut=147
HMEM: read from 0000000080007268 ut=148
HMEM: read from 0000000080007270 ut=149
HMEM: read from 0000000080007278 ut=150
HMEM: read from 0000000080007280 ut=151
HMEM: read from 0000000080007288 ut=152
HMEM: read from 0000000080007290 ut=153
HMEM: read from 0000000080007298 ut=154
HMEM: read from 00000000800072a0 ut=155
HMEM: read from 00000000800072a8 ut=156
HMEM: read from 00000000800072b0 ut=157
HMEM: read from 00000000800072b8 ut=158
HMEM: read from 00000000800072c0 ut=159
HMEM: read from 00000000800072c8 ut=160
HMEM: read from 00000000800072d0 ut=161
HMEM: read from 00000000800072d8 ut=162
HMEM: read from 00000000800072e0 ut=163
HMEM: read from 00000000800072e8 ut=164
HMEM: read from 00000000800072f0 ut=165
HMEM: read from 00000000800072f8 ut=166
HMEM: read from 0000000080007300 ut=167
HMEM: read from 0000000080007308 ut=168
HMEM: read from 0000000080007310 ut=169
HMEM: read from 0000000080007318 ut=170
HMEM: read from 0000000080007320 ut=171
HMEM: read from 0000000080007328 ut=172
HMEM: read from 0000000080007330 ut=173
HMEM: read from 0000000080007338 ut=174
HMEM: read from 0000000080007340 ut=175
HMEM: read from 0000000080007348 ut=176
HMEM: read from 0000000080007350 ut=177
HMEM: read from 0000000080007358 ut=178
HMEM: read from 0000000080007360 ut=179
HMEM: read from 0000000080007368 ut=180
HMEM: read from 0000000080007370 ut=181
HMEM: read from 0000000080007378 ut=182
HMEM: read from 0000000080007380 ut=183
HMEM: read from 0000000080007388 ut=184
HMEM: read from 0000000080007390 ut=185
HMEM: read from 0000000080007398 ut=186
HMEM: read from 00000000800073a0 ut=187
HMEM: read from 00000000800073a8 ut=188
HMEM: read from 00000000800073b0 ut=189
HMEM: read from 00000000800073b8 ut=190
HMEM: read from 00000000800073c0 ut=191
HMEM: read from 00000000800073c8 ut=192
HMEM: read from 00000000800073d0 ut=193
HMEM: read from 00000000800073d8 ut=194
HMEM: read from 00000000800073e0 ut=195
HMEM: read from 00000000800073e8 ut=196
HMEM: read from 00000000800073f0 ut=197
HMEM: read from 00000000800073f8 ut=198
HMEM: read from 0000000080007400 ut=199
HMEM: read from 0000000080007408 ut=200
HMEM: read from 0000000080007410 ut=201
HMEM: read from 0000000080007418 ut=202
HMEM: read from 0000000080007420 ut=203
HMEM: read from 0000000080007428 ut=204
HMEM: read from 0000000080007430 ut=205
HMEM: read from 0000000080007438 ut=206
HMEM: read from 0000000080007440 ut=207
HMEM: read from 0000000080007448 ut=208
HMEM: read from 0000000080007450 ut=209
HMEM: read from 0000000080007458 ut=210
HMEM: read from 0000000080007460 ut=211
HMEM: read from 0000000080007468 ut=212
HMEM: read from 0000000080007470 ut=213
HMEM: read from 0000000080007478 ut=214
HMEM: read from 0000000080007480 ut=215
HMEM: read from 0000000080007488 ut=216
HMEM: read from 0000000080007490 ut=217
HMEM: read from 0000000080007498 ut=218
HMEM: read from 00000000800074a0 ut=219
HMEM: read from 00000000800074a8 ut=220
HMEM: read from 00000000800074b0 ut=221
HMEM: read from 00000000800074b8 ut=222
HMEM: read from 00000000800074c0 ut=223
HMEM: read from 00000000800074c8 ut=224
HMEM: read from 00000000800074d0 ut=225
HMEM: read from 00000000800074d8 ut=226
HMEM: read from 00000000800074e0 ut=227
HMEM: read from 00000000800074e8 ut=228
HMEM: read from 00000000800074f0 ut=229
HMEM: read from 00000000800074f8 ut=230
HMEM: read from 0000000080007500 ut=231
HMEM: read from 0000000080007508 ut=232
HMEM: read from 0000000080007510 ut=233
HMEM: read from 0000000080007518 ut=234
HMEM: read from 0000000080007520 ut=235
HMEM: read from 0000000080007528 ut=236
HMEM: read from 0000000080007530 ut=237
HMEM: read from 0000000080007538 ut=238
HMEM: read from 0000000080007540 ut=239
HMEM: read from 0000000080007548 ut=240
HMEM: read from 0000000080007550 ut=241
HMEM: read from 0000000080007558 ut=242
HMEM: read from 0000000080007560 ut=243
HMEM: read from 0000000080007568 ut=244
HMEM: read from 0000000080007570 ut=245
HMEM: read from 0000000080007578 ut=246
HMEM: read from 0000000080007580 ut=247
HMEM: read from 0000000080007588 ut=248
HMEM: read from 0000000080007590 ut=249
HMEM: read from 0000000080007598 ut=250
HMEM: read from 00000000800075a0 ut=251
HMEM: read from 00000000800075a8 ut=252
HMEM: read from 00000000800075b0 ut=253
HMEM: read from 00000000800075b8 ut=254
HMEM: read from 00000000800075c0 ut=255
HMEM: read from 00000000800075c8 ut=256
HMEM: read from 00000000800075d0 ut=257
HMEM: read from 00000000800075d8 ut=258
HMEM: read from 00000000800075e0 ut=259
HMEM: read from 00000000800075e8 ut=260
HMEM: read from 00000000800075f0 ut=261
HMEM: read from 00000000800075f8 ut=262
HMEM: read from 0000000080007600 ut=263
HMEM: read from 0000000080007608 ut=264
HMEM: read from 0000000080007610 ut=265
HMEM: read from 0000000080007618 ut=266
HMEM: read from 0000000080007620 ut=267
HMEM: read from 0000000080007628 ut=268
HMEM: read from 0000000080007630 ut=269
HMEM: read from 0000000080007638 ut=270
HMEM: read from 0000000080007640 ut=271
HMEM: read from 0000000080007648 ut=272
HMEM: read from 0000000080007650 ut=273
HMEM: read from 0000000080007658 ut=274
HMEM: read from 0000000080007660 ut=275
HMEM: read from 0000000080007668 ut=276
HMEM: read from 0000000080007670 ut=277
HMEM: read from 0000000080007678 ut=278
HMEM: read from 0000000080007680 ut=279
HMEM: read from 0000000080007688 ut=280
HMEM: read from 0000000080007690 ut=281
HMEM: read from 0000000080007698 ut=282
HMEM: read from 00000000800076a0 ut=283
HMEM: read from 00000000800076a8 ut=284
HMEM: read from 00000000800076b0 ut=285
HMEM: read from 00000000800076b8 ut=286
HMEM: read from 00000000800076c0 ut=287
HMEM: read from 00000000800076c8 ut=288
HMEM: read from 00000000800076d0 ut=289
HMEM: read from 00000000800076d8 ut=290
HMEM: read from 00000000800076e0 ut=291
HMEM: read from 00000000800076e8 ut=292
HMEM: read from 00000000800076f0 ut=293
HMEM: read from 00000000800076f8 ut=294
HMEM: read from 0000000080007700 ut=295
HMEM: read from 0000000080007708 ut=296
HMEM: read from 0000000080007710 ut=297
HMEM: read from 0000000080007718 ut=298
HMEM: read from 0000000080007720 ut=299
HMEM: read from 0000000080007728 ut=300
HMEM: read from 0000000080007730 ut=301
HMEM: read from 0000000080007738 ut=302
HMEM: read from 0000000080007740 ut=303
HMEM: read from 0000000080007748 ut=304
HMEM: read from 0000000080007750 ut=305
HMEM: read from 0000000080007758 ut=306
HMEM: read from 0000000080007760 ut=307
HMEM: read from 0000000080007768 ut=308
HMEM: read from 0000000080007770 ut=309
HMEM: read from 0000000080007778 ut=310
HMEM: read from 0000000080007780 ut=311
HMEM: read from 0000000080007788 ut=312
HMEM: read from 0000000080007790 ut=313
HMEM: read from 0000000080007798 ut=314
HMEM: read from 00000000800077a0 ut=315
HMEM: read from 00000000800077a8 ut=316
HMEM: read from 00000000800077b0 ut=317
HMEM: read from 00000000800077b8 ut=318
HMEM: read from 00000000800077c0 ut=319
HMEM: read from 00000000800077c8 ut=320
HMEM: read from 00000000800077d0 ut=321
HMEM: read from 00000000800077d8 ut=322
HMEM: read from 00000000800077e0 ut=323
HMEM: read from 00000000800077e8 ut=324
HMEM: read from 00000000800077f0 ut=325
HMEM: read from 00000000800077f8 ut=326
HMEM: read from 0000000080007800 ut=327
HMEM: read from 0000000080007808 ut=328
HMEM: read from 0000000080007810 ut=329
HMEM: read from 0000000080007818 ut=330
HMEM: read from 0000000080007820 ut=331
HMEM: read from 0000000080007828 ut=332
HMEM: read from 0000000080007830 ut=333
HMEM: read from 0000000080007838 ut=334
HMEM: read from 0000000080007840 ut=335
HMEM: read from 0000000080007848 ut=336
HMEM: read from 0000000080007850 ut=337
HMEM: read from 0000000080007858 ut=338
HMEM: read from 0000000080007860 ut=339
HMEM: read from 0000000080007868 ut=340
HMEM: read from 0000000080007870 ut=341
HMEM: read from 0000000080007878 ut=342
HMEM: read from 0000000080007880 ut=343
HMEM: read from 0000000080007888 ut=344
HMEM: read from 0000000080007890 ut=345
HMEM: read from 0000000080007898 ut=346
HMEM: read from 00000000800078a0 ut=347
HMEM: read from 00000000800078a8 ut=348
HMEM: read from 00000000800078b0 ut=349
HMEM: read from 00000000800078b8 ut=350
HMEM: read from 00000000800078c0 ut=351
HMEM: read from 00000000800078c8 ut=352
HMEM: read from 00000000800078d0 ut=353
HMEM: read from 00000000800078d8 ut=354
HMEM: read from 00000000800078e0 ut=355
HMEM: read from 00000000800078e8 ut=356
HMEM: read from 00000000800078f0 ut=357
HMEM: read from 00000000800078f8 ut=358
HMEM: read from 0000000080007900 ut=359
HMEM: read from 0000000080007908 ut=360
HMEM: read from 0000000080007910 ut=361
HMEM: read from 0000000080007918 ut=362
HMEM: read from 0000000080007920 ut=363
HMEM: read from 0000000080007928 ut=364
HMEM: read from 0000000080007930 ut=365
HMEM: read from 0000000080007938 ut=366
HMEM: read from 0000000080007940 ut=367
HMEM: read from 0000000080007948 ut=368
HMEM: read from 0000000080007950 ut=369
HMEM: read from 0000000080007958 ut=370
HMEM: read from 0000000080007960 ut=371
HMEM: read from 0000000080007968 ut=372
HMEM: read from 0000000080007970 ut=373
HMEM: read from 0000000080007978 ut=374
HMEM: read from 0000000080007980 ut=375
HMEM: read from 0000000080007988 ut=376
HMEM: read from 0000000080007990 ut=377
HMEM: read from 0000000080007998 ut=378
HMEM: read from 00000000800079a0 ut=379
HMEM: read from 00000000800079a8 ut=380
HMEM: read from 00000000800079b0 ut=381
HMEM: read from 00000000800079b8 ut=382
HMEM: read from 00000000800079c0 ut=383
HMEM: read from 00000000800079c8 ut=384
HMEM: read from 00000000800079d0 ut=385
HMEM: read from 00000000800079d8 ut=386
HMEM: read from 00000000800079e0 ut=387
HMEM: read from 00000000800079e8 ut=388
HMEM: read from 00000000800079f0 ut=389
HMEM: read from 00000000800079f8 ut=390
HMEM: read from 0000000080007a00 ut=391
HMEM: read from 0000000080007a08 ut=392
HMEM: read from 0000000080007a10 ut=393
HMEM: read from 0000000080007a18 ut=394
HMEM: read from 0000000080007a20 ut=395
HMEM: read from 0000000080007a28 ut=396
HMEM: read from 0000000080007a30 ut=397
HMEM: read from 0000000080007a38 ut=398
HMEM: read from 0000000080007a40 ut=399
HMEM: read from 0000000080007a48 ut=400
HMEM: read from 0000000080007a50 ut=401
HMEM: read from 0000000080007a58 ut=402
HMEM: read from 0000000080007a60 ut=403
HMEM: read from 0000000080007a68 ut=404
HMEM: read from 0000000080007a70 ut=405
HMEM: read from 0000000080007a78 ut=406
HMEM: read from 0000000080007a80 ut=407
HMEM: read from 0000000080007a88 ut=408
HMEM: read from 0000000080007a90 ut=409
HMEM: read from 0000000080007a98 ut=410
HMEM: read from 0000000080007aa0 ut=411
HMEM: read from 0000000080007aa8 ut=412
HMEM: read from 0000000080007ab0 ut=413
HMEM: read from 0000000080007ab8 ut=414
HMEM: read from 0000000080007ac0 ut=415
HMEM: read from 0000000080007ac8 ut=416
HMEM: read from 0000000080007ad0 ut=417
HMEM: read from 0000000080007ad8 ut=418
HMEM: read from 0000000080007ae0 ut=419
HMEM: read from 0000000080007ae8 ut=420
HMEM: read from 0000000080007af0 ut=421
HMEM: read from 0000000080007af8 ut=422
HMEM: read from 0000000080007b00 ut=423
HMEM: read from 0000000080007b08 ut=424
HMEM: read from 0000000080007b10 ut=425
HMEM: read from 0000000080007b18 ut=426
HMEM: read from 0000000080007b20 ut=427
HMEM: read from 0000000080007b28 ut=428
HMEM: read from 0000000080007b30 ut=429
HMEM: read from 0000000080007b38 ut=430
HMEM: read from 0000000080007b40 ut=431
HMEM: read from 0000000080007b48 ut=432
HMEM: read from 0000000080007b50 ut=433
HMEM: read from 0000000080007b58 ut=434
HMEM: read from 0000000080007b60 ut=435
HMEM: read from 0000000080007b68 ut=436
HMEM: read from 0000000080007b70 ut=437
HMEM: read from 0000000080007b78 ut=438
HMEM: read from 0000000080007b80 ut=439
HMEM: read from 0000000080007b88 ut=440
HMEM: read from 0000000080007b90 ut=441
HMEM: read from 0000000080007b98 ut=442
HMEM: read from 0000000080007ba0 ut=443
HMEM: read from 0000000080007ba8 ut=444
HMEM: read from 0000000080007bb0 ut=445
HMEM: read from 0000000080007bb8 ut=446
HMEM: read from 0000000080007bc0 ut=447
HMEM: read from 0000000080007bc8 ut=448
HMEM: read from 0000000080007bd0 ut=449
HMEM: read from 0000000080007bd8 ut=450
HMEM: read from 0000000080007be0 ut=451
HMEM: read from 0000000080007be8 ut=452
HMEM: read from 0000000080007bf0 ut=453
HMEM: read from 0000000080007bf8 ut=454
HMEM: read from 0000000080007c00 ut=455
HMEM: read from 0000000080007c08 ut=456
HMEM: read from 0000000080007c10 ut=457
HMEM: read from 0000000080007c18 ut=458
HMEM: read from 0000000080007c20 ut=459
HMEM: read from 0000000080007c28 ut=460
HMEM: read from 0000000080007c30 ut=461
HMEM: read from 0000000080007c38 ut=462
HMEM: read from 0000000080007c40 ut=463
HMEM: read from 0000000080007c48 ut=464
HMEM: read from 0000000080007c50 ut=465
HMEM: read from 0000000080007c58 ut=466
HMEM: read from 0000000080007c60 ut=467
HMEM: read from 0000000080007c68 ut=468
HMEM: read from 0000000080007c70 ut=469
HMEM: read from 0000000080007c78 ut=470
HMEM: read from 0000000080007c80 ut=471
HMEM: read from 0000000080007c88 ut=472
HMEM: read from 0000000080007c90 ut=473
HMEM: read from 0000000080007c98 ut=474
HMEM: read from 0000000080007ca0 ut=475
HMEM: read from 0000000080007ca8 ut=476
HMEM: read from 0000000080007cb0 ut=477
HMEM: read from 0000000080007cb8 ut=478
HMEM: read from 0000000080007cc0 ut=479
HMEM: read from 0000000080007cc8 ut=480
HMEM: read from 0000000080007cd0 ut=481
HMEM: read from 0000000080007cd8 ut=482
HMEM: read from 0000000080007ce0 ut=483
HMEM: read from 0000000080007ce8 ut=484
HMEM: read from 0000000080007cf0 ut=485
HMEM: read from 0000000080007cf8 ut=486
HMEM: read from 0000000080007d00 ut=487
HMEM: read from 0000000080007d08 ut=488
HMEM: read from 0000000080007d10 ut=489
HMEM: read from 0000000080007d18 ut=490
HMEM: read from 0000000080007d20 ut=491
HMEM: read from 0000000080007d28 ut=492
HMEM: read from 0000000080007d30 ut=493
HMEM: read from 0000000080007d38 ut=494
HMEM: read from 0000000080007d40 ut=495
HMEM: read from 0000000080007d48 ut=496
HMEM: read from 0000000080007d50 ut=497
HMEM: read from 0000000080007d58 ut=498
HMEM: read from 0000000080007d60 ut=499
HMEM: read from 0000000080007d68 ut=500
HMEM: read from 0000000080007d70 ut=501
HMEM: read from 0000000080007d78 ut=502
HMEM: read from 0000000080007d80 ut=503
HMEM: read from 0000000080007d88 ut=504
HMEM: read from 0000000080007d90 ut=505
HMEM: read from 0000000080007d98 ut=506
HMEM: read from 0000000080007da0 ut=507
HMEM: read from 0000000080007da8 ut=508
HMEM: read from 0000000080007db0 ut=509
HMEM: read from 0000000080007db8 ut=510
HMEM: read from 0000000080007dc0 ut=511
H: WT pc=0000000080002048 inst=80000a0600012b3f next=0000000080002050 vl=512 act=ffffffffffffffffffffffffffffffffffffffffffffffffffffffffffffffffffffffffffffffffffffffffffffffffffffffffffffffffffffffffffffffff
H: WT pc=0000000080002050 inst=a01c02023d022a3f next=0000000080002058 vl=512 act=ffffffffffffffffffffffffffffffffffffffffffffffffffffffffffffffffffffffffffffffffffffffffffffffffffffffffffffffffffffffffffffffff
HMEM: read from 0000000080006dcc ut=0
HMEM: read from 0000000080006dd4 ut=1
HMEM: read from 0000000080006ddc ut=2
HMEM: read from 0000000080006de4 ut=3
HMEM: read from 0000000080006dec ut=4
HMEM: read from 0000000080006df4 ut=5
HMEM: read from 0000000080006dfc ut=6
HMEM: read from 0000000080006e04 ut=7
HMEM: read from 0000000080006e0c ut=8
HMEM: read from 0000000080006e14 ut=9
HMEM: read from 0000000080006e1c ut=10
HMEM: read from 0000000080006e24 ut=11
HMEM: read from 0000000080006e2c ut=12
HMEM: read from 0000000080006e34 ut=13
HMEM: read from 0000000080006e3c ut=14
HMEM: read from 0000000080006e44 ut=15
HMEM: read from 0000000080006e4c ut=16
HMEM: read from 0000000080006e54 ut=17
HMEM: read from 0000000080006e5c ut=18
HMEM: read from 0000000080006e64 ut=19
HMEM: read from 0000000080006e6c ut=20
HMEM: read from 0000000080006e74 ut=21
HMEM: read from 0000000080006e7c ut=22
HMEM: read from 0000000080006e84 ut=23
HMEM: read from 0000000080006e8c ut=24
HMEM: read from 0000000080006e94 ut=25
HMEM: read from 0000000080006e9c ut=26
HMEM: read from 0000000080006ea4 ut=27
HMEM: read from 0000000080006eac ut=28
HMEM: read from 0000000080006eb4 ut=29
HMEM: read from 0000000080006ebc ut=30
HMEM: read from 0000000080006ec4 ut=31
HMEM: read from 0000000080006ecc ut=32
HMEM: read from 0000000080006ed4 ut=33
HMEM: read from 0000000080006edc ut=34
HMEM: read from 0000000080006ee4 ut=35
HMEM: read from 0000000080006eec ut=36
HMEM: read from 0000000080006ef4 ut=37
HMEM: read from 0000000080006efc ut=38
HMEM: read from 0000000080006f04 ut=39
HMEM: read from 0000000080006f0c ut=40
HMEM: read from 0000000080006f14 ut=41
HMEM: read from 0000000080006f1c ut=42
HMEM: read from 0000000080006f24 ut=43
HMEM: read from 0000000080006f2c ut=44
HMEM: read from 0000000080006f34 ut=45
HMEM: read from 0000000080006f3c ut=46
HMEM: read from 0000000080006f44 ut=47
HMEM: read from 0000000080006f4c ut=48
HMEM: read from 0000000080006f54 ut=49
HMEM: read from 0000000080006f5c ut=50
HMEM: read from 0000000080006f64 ut=51
HMEM: read from 0000000080006f6c ut=52
HMEM: read from 0000000080006f74 ut=53
HMEM: read from 0000000080006f7c ut=54
HMEM: read from 0000000080006f84 ut=55
HMEM: read from 0000000080006f8c ut=56
HMEM: read from 0000000080006f94 ut=57
HMEM: read from 0000000080006f9c ut=58
HMEM: read from 0000000080006fa4 ut=59
HMEM: read from 0000000080006fac ut=60
HMEM: read from 0000000080006fb4 ut=61
HMEM: read from 0000000080006fbc ut=62
HMEM: read from 0000000080006fc4 ut=63
HMEM: read from 0000000080006fcc ut=64
HMEM: read from 0000000080006fd4 ut=65
HMEM: read from 0000000080006fdc ut=66
HMEM: read from 0000000080006fe4 ut=67
HMEM: read from 0000000080006fec ut=68
HMEM: read from 0000000080006ff4 ut=69
HMEM: read from 0000000080006ffc ut=70
HMEM: read from 0000000080007004 ut=71
HMEM: read from 000000008000700c ut=72
HMEM: read from 0000000080007014 ut=73
HMEM: read from 000000008000701c ut=74
HMEM: read from 0000000080007024 ut=75
HMEM: read from 000000008000702c ut=76
HMEM: read from 0000000080007034 ut=77
HMEM: read from 000000008000703c ut=78
HMEM: read from 0000000080007044 ut=79
HMEM: read from 000000008000704c ut=80
HMEM: read from 0000000080007054 ut=81
HMEM: read from 000000008000705c ut=82
HMEM: read from 0000000080007064 ut=83
HMEM: read from 000000008000706c ut=84
HMEM: read from 0000000080007074 ut=85
HMEM: read from 000000008000707c ut=86
HMEM: read from 0000000080007084 ut=87
HMEM: read from 000000008000708c ut=88
HMEM: read from 0000000080007094 ut=89
HMEM: read from 000000008000709c ut=90
HMEM: read from 00000000800070a4 ut=91
HMEM: read from 00000000800070ac ut=92
HMEM: read from 00000000800070b4 ut=93
HMEM: read from 00000000800070bc ut=94
HMEM: read from 00000000800070c4 ut=95
HMEM: read from 00000000800070cc ut=96
HMEM: read from 00000000800070d4 ut=97
HMEM: read from 00000000800070dc ut=98
HMEM: read from 00000000800070e4 ut=99
HMEM: read from 00000000800070ec ut=100
HMEM: read from 00000000800070f4 ut=101
HMEM: read from 00000000800070fc ut=102
HMEM: read from 0000000080007104 ut=103
HMEM: read from 000000008000710c ut=104
HMEM: read from 0000000080007114 ut=105
HMEM: read from 000000008000711c ut=106
HMEM: read from 0000000080007124 ut=107
HMEM: read from 000000008000712c ut=108
HMEM: read from 0000000080007134 ut=109
HMEM: read from 000000008000713c ut=110
HMEM: read from 0000000080007144 ut=111
HMEM: read from 000000008000714c ut=112
HMEM: read from 0000000080007154 ut=113
HMEM: read from 000000008000715c ut=114
HMEM: read from 0000000080007164 ut=115
HMEM: read from 000000008000716c ut=116
HMEM: read from 0000000080007174 ut=117
HMEM: read from 000000008000717c ut=118
HMEM: read from 0000000080007184 ut=119
HMEM: read from 000000008000718c ut=120
HMEM: read from 0000000080007194 ut=121
HMEM: read from 000000008000719c ut=122
HMEM: read from 00000000800071a4 ut=123
HMEM: read from 00000000800071ac ut=124
HMEM: read from 00000000800071b4 ut=125
HMEM: read from 00000000800071bc ut=126
HMEM: read from 00000000800071c4 ut=127
HMEM: read from 00000000800071cc ut=128
HMEM: read from 00000000800071d4 ut=129
HMEM: read from 00000000800071dc ut=130
HMEM: read from 00000000800071e4 ut=131
HMEM: read from 00000000800071ec ut=132
HMEM: read from 00000000800071f4 ut=133
HMEM: read from 00000000800071fc ut=134
HMEM: read from 0000000080007204 ut=135
HMEM: read from 000000008000720c ut=136
HMEM: read from 0000000080007214 ut=137
HMEM: read from 000000008000721c ut=138
HMEM: read from 0000000080007224 ut=139
HMEM: read from 000000008000722c ut=140
HMEM: read from 0000000080007234 ut=141
HMEM: read from 000000008000723c ut=142
HMEM: read from 0000000080007244 ut=143
HMEM: read from 000000008000724c ut=144
HMEM: read from 0000000080007254 ut=145
HMEM: read from 000000008000725c ut=146
HMEM: read from 0000000080007264 ut=147
HMEM: read from 000000008000726c ut=148
HMEM: read from 0000000080007274 ut=149
HMEM: read from 000000008000727c ut=150
HMEM: read from 0000000080007284 ut=151
HMEM: read from 000000008000728c ut=152
HMEM: read from 0000000080007294 ut=153
HMEM: read from 000000008000729c ut=154
HMEM: read from 00000000800072a4 ut=155
HMEM: read from 00000000800072ac ut=156
HMEM: read from 00000000800072b4 ut=157
HMEM: read from 00000000800072bc ut=158
HMEM: read from 00000000800072c4 ut=159
HMEM: read from 00000000800072cc ut=160
HMEM: read from 00000000800072d4 ut=161
HMEM: read from 00000000800072dc ut=162
HMEM: read from 00000000800072e4 ut=163
HMEM: read from 00000000800072ec ut=164
HMEM: read from 00000000800072f4 ut=165
HMEM: read from 00000000800072fc ut=166
HMEM: read from 0000000080007304 ut=167
HMEM: read from 000000008000730c ut=168
HMEM: read from 0000000080007314 ut=169
HMEM: read from 000000008000731c ut=170
HMEM: read from 0000000080007324 ut=171
HMEM: read from 000000008000732c ut=172
HMEM: read from 0000000080007334 ut=173
HMEM: read from 000000008000733c ut=174
HMEM: read from 0000000080007344 ut=175
HMEM: read from 000000008000734c ut=176
HMEM: read from 0000000080007354 ut=177
HMEM: read from 000000008000735c ut=178
HMEM: read from 0000000080007364 ut=179
HMEM: read from 000000008000736c ut=180
HMEM: read from 0000000080007374 ut=181
HMEM: read from 000000008000737c ut=182
HMEM: read from 0000000080007384 ut=183
HMEM: read from 000000008000738c ut=184
HMEM: read from 0000000080007394 ut=185
HMEM: read from 000000008000739c ut=186
HMEM: read from 00000000800073a4 ut=187
HMEM: read from 00000000800073ac ut=188
HMEM: read from 00000000800073b4 ut=189
HMEM: read from 00000000800073bc ut=190
HMEM: read from 00000000800073c4 ut=191
HMEM: read from 00000000800073cc ut=192
HMEM: read from 00000000800073d4 ut=193
HMEM: read from 00000000800073dc ut=194
HMEM: read from 00000000800073e4 ut=195
HMEM: read from 00000000800073ec ut=196
HMEM: read from 00000000800073f4 ut=197
HMEM: read from 00000000800073fc ut=198
HMEM: read from 0000000080007404 ut=199
HMEM: read from 000000008000740c ut=200
HMEM: read from 0000000080007414 ut=201
HMEM: read from 000000008000741c ut=202
HMEM: read from 0000000080007424 ut=203
HMEM: read from 000000008000742c ut=204
HMEM: read from 0000000080007434 ut=205
HMEM: read from 000000008000743c ut=206
HMEM: read from 0000000080007444 ut=207
HMEM: read from 000000008000744c ut=208
HMEM: read from 0000000080007454 ut=209
HMEM: read from 000000008000745c ut=210
HMEM: read from 0000000080007464 ut=211
HMEM: read from 000000008000746c ut=212
HMEM: read from 0000000080007474 ut=213
HMEM: read from 000000008000747c ut=214
HMEM: read from 0000000080007484 ut=215
HMEM: read from 000000008000748c ut=216
HMEM: read from 0000000080007494 ut=217
HMEM: read from 000000008000749c ut=218
HMEM: read from 00000000800074a4 ut=219
HMEM: read from 00000000800074ac ut=220
HMEM: read from 00000000800074b4 ut=221
HMEM: read from 00000000800074bc ut=222
HMEM: read from 00000000800074c4 ut=223
HMEM: read from 00000000800074cc ut=224
HMEM: read from 00000000800074d4 ut=225
HMEM: read from 00000000800074dc ut=226
HMEM: read from 00000000800074e4 ut=227
HMEM: read from 00000000800074ec ut=228
HMEM: read from 00000000800074f4 ut=229
HMEM: read from 00000000800074fc ut=230
HMEM: read from 0000000080007504 ut=231
HMEM: read from 000000008000750c ut=232
HMEM: read from 0000000080007514 ut=233
HMEM: read from 000000008000751c ut=234
HMEM: read from 0000000080007524 ut=235
HMEM: read from 000000008000752c ut=236
HMEM: read from 0000000080007534 ut=237
HMEM: read from 000000008000753c ut=238
HMEM: read from 0000000080007544 ut=239
HMEM: read from 000000008000754c ut=240
HMEM: read from 0000000080007554 ut=241
HMEM: read from 000000008000755c ut=242
HMEM: read from 0000000080007564 ut=243
HMEM: read from 000000008000756c ut=244
HMEM: read from 0000000080007574 ut=245
HMEM: read from 000000008000757c ut=246
HMEM: read from 0000000080007584 ut=247
HMEM: read from 000000008000758c ut=248
HMEM: read from 0000000080007594 ut=249
HMEM: read from 000000008000759c ut=250
HMEM: read from 00000000800075a4 ut=251
HMEM: read from 00000000800075ac ut=252
HMEM: read from 00000000800075b4 ut=253
HMEM: read from 00000000800075bc ut=254
HMEM: read from 00000000800075c4 ut=255
HMEM: read from 00000000800075cc ut=256
HMEM: read from 00000000800075d4 ut=257
HMEM: read from 00000000800075dc ut=258
HMEM: read from 00000000800075e4 ut=259
HMEM: read from 00000000800075ec ut=260
HMEM: read from 00000000800075f4 ut=261
HMEM: read from 00000000800075fc ut=262
HMEM: read from 0000000080007604 ut=263
HMEM: read from 000000008000760c ut=264
HMEM: read from 0000000080007614 ut=265
HMEM: read from 000000008000761c ut=266
HMEM: read from 0000000080007624 ut=267
HMEM: read from 000000008000762c ut=268
HMEM: read from 0000000080007634 ut=269
HMEM: read from 000000008000763c ut=270
HMEM: read from 0000000080007644 ut=271
HMEM: read from 000000008000764c ut=272
HMEM: read from 0000000080007654 ut=273
HMEM: read from 000000008000765c ut=274
HMEM: read from 0000000080007664 ut=275
HMEM: read from 000000008000766c ut=276
HMEM: read from 0000000080007674 ut=277
HMEM: read from 000000008000767c ut=278
HMEM: read from 0000000080007684 ut=279
HMEM: read from 000000008000768c ut=280
HMEM: read from 0000000080007694 ut=281
HMEM: read from 000000008000769c ut=282
HMEM: read from 00000000800076a4 ut=283
HMEM: read from 00000000800076ac ut=284
HMEM: read from 00000000800076b4 ut=285
HMEM: read from 00000000800076bc ut=286
HMEM: read from 00000000800076c4 ut=287
HMEM: read from 00000000800076cc ut=288
HMEM: read from 00000000800076d4 ut=289
HMEM: read from 00000000800076dc ut=290
HMEM: read from 00000000800076e4 ut=291
HMEM: read from 00000000800076ec ut=292
HMEM: read from 00000000800076f4 ut=293
HMEM: read from 00000000800076fc ut=294
HMEM: read from 0000000080007704 ut=295
HMEM: read from 000000008000770c ut=296
HMEM: read from 0000000080007714 ut=297
HMEM: read from 000000008000771c ut=298
HMEM: read from 0000000080007724 ut=299
HMEM: read from 000000008000772c ut=300
HMEM: read from 0000000080007734 ut=301
HMEM: read from 000000008000773c ut=302
HMEM: read from 0000000080007744 ut=303
HMEM: read from 000000008000774c ut=304
HMEM: read from 0000000080007754 ut=305
HMEM: read from 000000008000775c ut=306
HMEM: read from 0000000080007764 ut=307
HMEM: read from 000000008000776c ut=308
HMEM: read from 0000000080007774 ut=309
HMEM: read from 000000008000777c ut=310
HMEM: read from 0000000080007784 ut=311
HMEM: read from 000000008000778c ut=312
HMEM: read from 0000000080007794 ut=313
HMEM: read from 000000008000779c ut=314
HMEM: read from 00000000800077a4 ut=315
HMEM: read from 00000000800077ac ut=316
HMEM: read from 00000000800077b4 ut=317
HMEM: read from 00000000800077bc ut=318
HMEM: read from 00000000800077c4 ut=319
HMEM: read from 00000000800077cc ut=320
HMEM: read from 00000000800077d4 ut=321
HMEM: read from 00000000800077dc ut=322
HMEM: read from 00000000800077e4 ut=323
HMEM: read from 00000000800077ec ut=324
HMEM: read from 00000000800077f4 ut=325
HMEM: read from 00000000800077fc ut=326
HMEM: read from 0000000080007804 ut=327
HMEM: read from 000000008000780c ut=328
HMEM: read from 0000000080007814 ut=329
HMEM: read from 000000008000781c ut=330
HMEM: read from 0000000080007824 ut=331
HMEM: read from 000000008000782c ut=332
HMEM: read from 0000000080007834 ut=333
HMEM: read from 000000008000783c ut=334
HMEM: read from 0000000080007844 ut=335
HMEM: read from 000000008000784c ut=336
HMEM: read from 0000000080007854 ut=337
HMEM: read from 000000008000785c ut=338
HMEM: read from 0000000080007864 ut=339
HMEM: read from 000000008000786c ut=340
HMEM: read from 0000000080007874 ut=341
HMEM: read from 000000008000787c ut=342
HMEM: read from 0000000080007884 ut=343
HMEM: read from 000000008000788c ut=344
HMEM: read from 0000000080007894 ut=345
HMEM: read from 000000008000789c ut=346
HMEM: read from 00000000800078a4 ut=347
HMEM: read from 00000000800078ac ut=348
HMEM: read from 00000000800078b4 ut=349
HMEM: read from 00000000800078bc ut=350
HMEM: read from 00000000800078c4 ut=351
HMEM: read from 00000000800078cc ut=352
HMEM: read from 00000000800078d4 ut=353
HMEM: read from 00000000800078dc ut=354
HMEM: read from 00000000800078e4 ut=355
HMEM: read from 00000000800078ec ut=356
HMEM: read from 00000000800078f4 ut=357
HMEM: read from 00000000800078fc ut=358
HMEM: read from 0000000080007904 ut=359
HMEM: read from 000000008000790c ut=360
HMEM: read from 0000000080007914 ut=361
HMEM: read from 000000008000791c ut=362
HMEM: read from 0000000080007924 ut=363
HMEM: read from 000000008000792c ut=364
HMEM: read from 0000000080007934 ut=365
HMEM: read from 000000008000793c ut=366
HMEM: read from 0000000080007944 ut=367
HMEM: read from 000000008000794c ut=368
HMEM: read from 0000000080007954 ut=369
HMEM: read from 000000008000795c ut=370
HMEM: read from 0000000080007964 ut=371
HMEM: read from 000000008000796c ut=372
HMEM: read from 0000000080007974 ut=373
HMEM: read from 000000008000797c ut=374
HMEM: read from 0000000080007984 ut=375
HMEM: read from 000000008000798c ut=376
HMEM: read from 0000000080007994 ut=377
HMEM: read from 000000008000799c ut=378
HMEM: read from 00000000800079a4 ut=379
HMEM: read from 00000000800079ac ut=380
HMEM: read from 00000000800079b4 ut=381
HMEM: read from 00000000800079bc ut=382
HMEM: read from 00000000800079c4 ut=383
HMEM: read from 00000000800079cc ut=384
HMEM: read from 00000000800079d4 ut=385
HMEM: read from 00000000800079dc ut=386
HMEM: read from 00000000800079e4 ut=387
HMEM: read from 00000000800079ec ut=388
HMEM: read from 00000000800079f4 ut=389
HMEM: read from 00000000800079fc ut=390
HMEM: read from 0000000080007a04 ut=391
HMEM: read from 0000000080007a0c ut=392
HMEM: read from 0000000080007a14 ut=393
HMEM: read from 0000000080007a1c ut=394
HMEM: read from 0000000080007a24 ut=395
HMEM: read from 0000000080007a2c ut=396
HMEM: read from 0000000080007a34 ut=397
HMEM: read from 0000000080007a3c ut=398
HMEM: read from 0000000080007a44 ut=399
HMEM: read from 0000000080007a4c ut=400
HMEM: read from 0000000080007a54 ut=401
HMEM: read from 0000000080007a5c ut=402
HMEM: read from 0000000080007a64 ut=403
HMEM: read from 0000000080007a6c ut=404
HMEM: read from 0000000080007a74 ut=405
HMEM: read from 0000000080007a7c ut=406
HMEM: read from 0000000080007a84 ut=407
HMEM: read from 0000000080007a8c ut=408
HMEM: read from 0000000080007a94 ut=409
HMEM: read from 0000000080007a9c ut=410
HMEM: read from 0000000080007aa4 ut=411
HMEM: read from 0000000080007aac ut=412
HMEM: read from 0000000080007ab4 ut=413
HMEM: read from 0000000080007abc ut=414
HMEM: read from 0000000080007ac4 ut=415
HMEM: read from 0000000080007acc ut=416
HMEM: read from 0000000080007ad4 ut=417
HMEM: read from 0000000080007adc ut=418
HMEM: read from 0000000080007ae4 ut=419
HMEM: read from 0000000080007aec ut=420
HMEM: read from 0000000080007af4 ut=421
HMEM: read from 0000000080007afc ut=422
HMEM: read from 0000000080007b04 ut=423
HMEM: read from 0000000080007b0c ut=424
HMEM: read from 0000000080007b14 ut=425
HMEM: read from 0000000080007b1c ut=426
HMEM: read from 0000000080007b24 ut=427
HMEM: read from 0000000080007b2c ut=428
HMEM: read from 0000000080007b34 ut=429
HMEM: read from 0000000080007b3c ut=430
HMEM: read from 0000000080007b44 ut=431
HMEM: read from 0000000080007b4c ut=432
HMEM: read from 0000000080007b54 ut=433
HMEM: read from 0000000080007b5c ut=434
HMEM: read from 0000000080007b64 ut=435
HMEM: read from 0000000080007b6c ut=436
HMEM: read from 0000000080007b74 ut=437
HMEM: read from 0000000080007b7c ut=438
HMEM: read from 0000000080007b84 ut=439
HMEM: read from 0000000080007b8c ut=440
HMEM: read from 0000000080007b94 ut=441
HMEM: read from 0000000080007b9c ut=442
HMEM: read from 0000000080007ba4 ut=443
HMEM: read from 0000000080007bac ut=444
HMEM: read from 0000000080007bb4 ut=445
HMEM: read from 0000000080007bbc ut=446
HMEM: read from 0000000080007bc4 ut=447
HMEM: read from 0000000080007bcc ut=448
HMEM: read from 0000000080007bd4 ut=449
HMEM: read from 0000000080007bdc ut=450
HMEM: read from 0000000080007be4 ut=451
HMEM: read from 0000000080007bec ut=452
HMEM: read from 0000000080007bf4 ut=453
HMEM: read from 0000000080007bfc ut=454
HMEM: read from 0000000080007c04 ut=455
HMEM: read from 0000000080007c0c ut=456
HMEM: read from 0000000080007c14 ut=457
HMEM: read from 0000000080007c1c ut=458
HMEM: read from 0000000080007c24 ut=459
HMEM: read from 0000000080007c2c ut=460
HMEM: read from 0000000080007c34 ut=461
HMEM: read from 0000000080007c3c ut=462
HMEM: read from 0000000080007c44 ut=463
HMEM: read from 0000000080007c4c ut=464
HMEM: read from 0000000080007c54 ut=465
HMEM: read from 0000000080007c5c ut=466
HMEM: read from 0000000080007c64 ut=467
HMEM: read from 0000000080007c6c ut=468
HMEM: read from 0000000080007c74 ut=469
HMEM: read from 0000000080007c7c ut=470
HMEM: read from 0000000080007c84 ut=471
HMEM: read from 0000000080007c8c ut=472
HMEM: read from 0000000080007c94 ut=473
HMEM: read from 0000000080007c9c ut=474
HMEM: read from 0000000080007ca4 ut=475
HMEM: read from 0000000080007cac ut=476
HMEM: read from 0000000080007cb4 ut=477
HMEM: read from 0000000080007cbc ut=478
HMEM: read from 0000000080007cc4 ut=479
HMEM: read from 0000000080007ccc ut=480
HMEM: read from 0000000080007cd4 ut=481
HMEM: read from 0000000080007cdc ut=482
HMEM: read from 0000000080007ce4 ut=483
HMEM: read from 0000000080007cec ut=484
HMEM: read from 0000000080007cf4 ut=485
HMEM: read from 0000000080007cfc ut=486
HMEM: read from 0000000080007d04 ut=487
HMEM: read from 0000000080007d0c ut=488
HMEM: read from 0000000080007d14 ut=489
HMEM: read from 0000000080007d1c ut=490
HMEM: read from 0000000080007d24 ut=491
HMEM: read from 0000000080007d2c ut=492
HMEM: read from 0000000080007d34 ut=493
HMEM: read from 0000000080007d3c ut=494
HMEM: read from 0000000080007d44 ut=495
HMEM: read from 0000000080007d4c ut=496
HMEM: read from 0000000080007d54 ut=497
HMEM: read from 0000000080007d5c ut=498
HMEM: read from 0000000080007d64 ut=499
HMEM: read from 0000000080007d6c ut=500
HMEM: read from 0000000080007d74 ut=501
HMEM: read from 0000000080007d7c ut=502
HMEM: read from 0000000080007d84 ut=503
HMEM: read from 0000000080007d8c ut=504
HMEM: read from 0000000080007d94 ut=505
HMEM: read from 0000000080007d9c ut=506
HMEM: read from 0000000080007da4 ut=507
HMEM: read from 0000000080007dac ut=508
HMEM: read from 0000000080007db4 ut=509
HMEM: read from 0000000080007dbc ut=510
HMEM: read from 0000000080007dc4 ut=511
H: WT pc=0000000080002058 inst=80000a0801012b3f next=0000000080002060 vl=512 act=ffffffffffffffffffffffffffffffffffffffffffffffffffffffffffffffffffffffffffffffffffffffffffffffffffffffffffffffffffffffffffffffff
H: WT pc=0000000080002060 inst=a01c02023c032a3f next=0000000080002068 vl=512 act=ffffffffffffffffffffffffffffffffffffffffffffffffffffffffffffffffffffffffffffffffffffffffffffffffffffffffffffffffffffffffffffffff
H: WT pc=0000000080002068 inst=e01c040603032a3f next=0000000080002070 vl=512 act=ffffffffffffffffffffffffffffffffffffffffffffffffffffffffffffffffffffffffffffffffffffffffffffffffffffffffffffffffffffffffffffffff
H: WT pc=0000000080002070 inst=f01c06040202283f next=0000000080002078 vl=512 act=ffffffffffffffffffffffffffffffffffffffffffffffffffffffffffffffffffffffffffffffffffffffffffffffffffffffffffffffffffffffffffffffff
H: WT pc=0000000080002078 inst=c01c160002022a3f next=0000000080002080 vl=512 act=ffffffffffffffffffffffffffffffffffffffffffffffffffffffffffffffffffffffffffffffffffffffffffffffffffffffffffffffffffffffffffffffff
HMEM: write 0000000080004dc8 with 0000000041c7be01 ut=0
HMEM: write 0000000080004dcc with 0000000042a13205 ut=1
HMEM: write 0000000080004dd0 with 0000000042cd7ff0 ut=2
HMEM: write 0000000080004dd4 with 000000004350bd63 ut=3
HMEM: write 0000000080004dd8 with 000000004357034b ut=4
HMEM: write 0000000080004ddc with 0000000043159e71 ut=5
HMEM: write 0000000080004de0 with 000000004382a6ba ut=6
HMEM: write 0000000080004de4 with 0000000042c76177 ut=7
HMEM: write 0000000080004de8 with 0000000043048cc0 ut=8
HMEM: write 0000000080004dec with 00000000436a1f6d ut=9
HMEM: write 0000000080004df0 with 00000000434faa03 ut=10
HMEM: write 0000000080004df4 with 00000000428cc2e4 ut=11
HMEM: write 0000000080004df8 with 0000000041ce7c97 ut=12
HMEM: write 0000000080004dfc with 00000000430b2d00 ut=13
HMEM: write 0000000080004e00 with 000000004184a32e ut=14
HMEM: write 0000000080004e04 with 0000000042ce7686 ut=15
HMEM: write 0000000080004e08 with 0000000041ebe0d4 ut=16
HMEM: write 0000000080004e0c with 0000000042b1bd44 ut=17
HMEM: write 0000000080004e10 with 0000000043681240 ut=18
HMEM: write 0000000080004e14 with 000000004377df7f ut=19
HMEM: write 0000000080004e18 with 0000000042aecde2 ut=20
HMEM: write 0000000080004e1c with 000000004319e9b0 ut=21
HMEM: write 0000000080004e20 with 0000000042c37197 ut=22
HMEM: write 0000000080004e24 with 000000004255664b ut=23
HMEM: write 0000000080004e28 with 0000000042118616 ut=24
HMEM: write 0000000080004e2c with 0000000042b1e020 ut=25
HMEM: write 0000000080004e30 with 000000004209a0d4 ut=26
HMEM: write 0000000080004e34 with 000000004332c099 ut=27
HMEM: write 0000000080004e38 with 0000000041cb1862 ut=28
HMEM: write 0000000080004e3c with 00000000437345b3 ut=29
HMEM: write 0000000080004e40 with 00000000429710ca ut=30
HMEM: write 0000000080004e44 with 00000000435f1666 ut=31
HMEM: write 0000000080004e48 with 00000000425e55c2 ut=32
HMEM: write 0000000080004e4c with 000000004385d618 ut=33
HMEM: write 0000000080004e50 with 000000004343f66d ut=34
HMEM: write 0000000080004e54 with 00000000426cc2bc ut=35
HMEM: write 0000000080004e58 with 0000000042535880 ut=36
HMEM: write 0000000080004e5c with 00000000426636be ut=37
HMEM: write 0000000080004e60 with 00000000438118e9 ut=38
HMEM: write 0000000080004e64 with 00000000431cf7cc ut=39
HMEM: write 0000000080004e68 with 0000000042a2feee ut=40
HMEM: write 0000000080004e6c with 00000000434107e1 ut=41
HMEM: write 0000000080004e70 with 000000004312c1bf ut=42
HMEM: write 0000000080004e74 with 00000000432ff7b6 ut=43
HMEM: write 0000000080004e78 with 0000000043809b20 ut=44
HMEM: write 0000000080004e7c with 000000004313b9a1 ut=45
HMEM: write 0000000080004e80 with 00000000438124de ut=46
HMEM: write 0000000080004e84 with 0000000042223905 ut=47
HMEM: write 0000000080004e88 with 0000000042673355 ut=48
HMEM: write 0000000080004e8c with 000000004285b731 ut=49
HMEM: write 0000000080004e90 with 000000004292a80b ut=50
HMEM: write 0000000080004e94 with 0000000041870bf1 ut=51
HMEM: write 0000000080004e98 with 00000000421f274e ut=52
HMEM: write 0000000080004e9c with 00000000421cc029 ut=53
HMEM: write 0000000080004ea0 with 000000004305b075 ut=54
HMEM: write 0000000080004ea4 with 00000000431499d1 ut=55
HMEM: write 0000000080004ea8 with 000000004375ad0d ut=56
HMEM: write 0000000080004eac with 0000000041dae48f ut=57
HMEM: write 0000000080004eb0 with 0000000042c9bd15 ut=58
HMEM: write 0000000080004eb4 with 00000000428c60e6 ut=59
HMEM: write 0000000080004eb8 with 0000000042cbc00e ut=60
HMEM: write 0000000080004ebc with 00000000413ecb13 ut=61
HMEM: write 0000000080004ec0 with 0000000042089951 ut=62
HMEM: write 0000000080004ec4 with 00000000422f85ad ut=63
HMEM: write 0000000080004ec8 with 00000000434b3cdb ut=64
HMEM: write 0000000080004ecc with 000000004228b322 ut=65
HMEM: write 0000000080004ed0 with 0000000042803173 ut=66
HMEM: write 0000000080004ed4 with 0000000041a869e1 ut=67
HMEM: write 0000000080004ed8 with 00000000435e6e11 ut=68
HMEM: write 0000000080004edc with 00000000432f9fad ut=69
HMEM: write 0000000080004ee0 with 0000000043266675 ut=70
HMEM: write 0000000080004ee4 with 00000000428ed404 ut=71
HMEM: write 0000000080004ee8 with 0000000042a756a1 ut=72
HMEM: write 0000000080004eec with 0000000041c5cf7d ut=73
HMEM: write 0000000080004ef0 with 000000004388bf1c ut=74
HMEM: write 0000000080004ef4 with 00000000431a4212 ut=75
HMEM: write 0000000080004ef8 with 00000000422633f7 ut=76
HMEM: write 0000000080004efc with 0000000041b8c06e ut=77
HMEM: write 0000000080004f00 with 0000000043725deb ut=78
HMEM: write 0000000080004f04 with 0000000042a5132b ut=79
HMEM: write 0000000080004f08 with 00000000422a2793 ut=80
HMEM: write 0000000080004f0c with 000000004380adf9 ut=81
HMEM: write 0000000080004f10 with 000000004371431e ut=82
HMEM: write 0000000080004f14 with 00000000431974ea ut=83
HMEM: write 0000000080004f18 with 000000004377da79 ut=84
HMEM: write 0000000080004f1c with 000000004272a800 ut=85
HMEM: write 0000000080004f20 with 00000000429d425d ut=86
HMEM: write 0000000080004f24 with 000000004366b315 ut=87
HMEM: write 0000000080004f28 with 00000000433b2e64 ut=88
HMEM: write 0000000080004f2c with 0000000042cb51d9 ut=89
HMEM: write 0000000080004f30 with 0000000041dd75f5 ut=90
HMEM: write 0000000080004f34 with 0000000042e03f7b ut=91
HMEM: write 0000000080004f38 with 000000004286d7c1 ut=92
HMEM: write 0000000080004f3c with 00000000424b1761 ut=93
HMEM: write 0000000080004f40 with 00000000426954b6 ut=94
HMEM: write 0000000080004f44 with 00000000429287df ut=95
HMEM: write 0000000080004f48 with 000000004296b9a2 ut=96
HMEM: write 0000000080004f4c with 000000004388aff6 ut=97
HMEM: write 0000000080004f50 with 000000004260d377 ut=98
HMEM: write 0000000080004f54 with 000000004209295f ut=99
HMEM: write 0000000080004f58 with 000000004206573a ut=100
HMEM: write 0000000080004f5c with 0000000042d9242d ut=101
HMEM: write 0000000080004f60 with 00000000437e0bf8 ut=102
HMEM: write 0000000080004f64 with 00000000429a294c ut=103
HMEM: write 0000000080004f68 with 0000000042cab0a1 ut=104
HMEM: write 0000000080004f6c with 0000000041b81718 ut=105
HMEM: write 0000000080004f70 with 0000000042e0284b ut=106
HMEM: write 0000000080004f74 with 0000000043073b52 ut=107
HMEM: write 0000000080004f78 with 0000000042f2fa13 ut=108
HMEM: write 0000000080004f7c with 0000000041e4689f ut=109
HMEM: write 0000000080004f80 with 0000000043546d78 ut=110
HMEM: write 0000000080004f84 with 000000004146efe4 ut=111
HMEM: write 0000000080004f88 with 00000000421d9a27 ut=112
HMEM: write 0000000080004f8c with 0000000043505ef0 ut=113
HMEM: write 0000000080004f90 with 0000000042a515c6 ut=114
HMEM: write 0000000080004f94 with 00000000428ad7b4 ut=115
HMEM: write 0000000080004f98 with 00000000416bf224 ut=116
HMEM: write 0000000080004f9c with 000000004341a88a ut=117
HMEM: write 0000000080004fa0 with 0000000042ec252b ut=118
HMEM: write 0000000080004fa4 with 0000000042de54cb ut=119
HMEM: write 0000000080004fa8 with 0000000042bb3aa0 ut=120
HMEM: write 0000000080004fac with 0000000042b4ae11 ut=121
HMEM: write 0000000080004fb0 with 000000004256687d ut=122
HMEM: write 0000000080004fb4 with 00000000436d0d8f ut=123
HMEM: write 0000000080004fb8 with 0000000041d62a13 ut=124
HMEM: write 0000000080004fbc with 0000000041995b85 ut=125
HMEM: write 0000000080004fc0 with 0000000042abe579 ut=126
HMEM: write 0000000080004fc4 with 00000000436ada5d ut=127
HMEM: write 0000000080004fc8 with 000000004312e35f ut=128
HMEM: write 0000000080004fcc with 000000004376c308 ut=129
HMEM: write 0000000080004fd0 with 00000000434e527f ut=130
HMEM: write 0000000080004fd4 with 00000000428b996f ut=131
HMEM: write 0000000080004fd8 with 0000000042b4bbdf ut=132
HMEM: write 0000000080004fdc with 0000000042cf711d ut=133
HMEM: write 0000000080004fe0 with 0000000042a38a8d ut=134
HMEM: write 0000000080004fe4 with 0000000042545a2a ut=135
HMEM: write 0000000080004fe8 with 0000000042211b8c ut=136
HMEM: write 0000000080004fec with 00000000428445d7 ut=137
HMEM: write 0000000080004ff0 with 0000000042452e00 ut=138
HMEM: write 0000000080004ff4 with 0000000042202abf ut=139
HMEM: write 0000000080004ff8 with 00000000436ec384 ut=140
HMEM: write 0000000080004ffc with 000000004265177d ut=141
HMEM: write 0000000080005000 with 00000000428bd9e5 ut=142
HMEM: write 0000000080005004 with 0000000042513cab ut=143
HMEM: write 0000000080005008 with 0000000043328398 ut=144
HMEM: write 000000008000500c with 00000000433f10ba ut=145
HMEM: write 0000000080005010 with 00000000430e8f4d ut=146
HMEM: write 0000000080005014 with 0000000042138dee ut=147
HMEM: write 0000000080005018 with 0000000042959ab2 ut=148
HMEM: write 000000008000501c with 000000004201b8d6 ut=149
HMEM: write 0000000080005020 with 0000000043628d4b ut=150
HMEM: write 0000000080005024 with 00000000425fa31c ut=151
HMEM: write 0000000080005028 with 00000000434fec62 ut=152
HMEM: write 000000008000502c with 0000000042f77fb0 ut=153
HMEM: write 0000000080005030 with 00000000434ab442 ut=154
HMEM: write 0000000080005034 with 00000000436a7693 ut=155
HMEM: write 0000000080005038 with 000000004219c9ef ut=156
HMEM: write 000000008000503c with 000000004113568c ut=157
HMEM: write 0000000080005040 with 00000000429fa25d ut=158
HMEM: write 0000000080005044 with 0000000042930d4a ut=159
HMEM: write 0000000080005048 with 000000004191bd82 ut=160
HMEM: write 000000008000504c with 000000004351be20 ut=161
HMEM: write 0000000080005050 with 00000000433706f0 ut=162
HMEM: write 0000000080005054 with 00000000427a5815 ut=163
HMEM: write 0000000080005058 with 000000004259dac6 ut=164
HMEM: write 000000008000505c with 0000000042a1c8f9 ut=165
HMEM: write 0000000080005060 with 0000000042b7c497 ut=166
HMEM: write 0000000080005064 with 0000000042f5c418 ut=167
HMEM: write 0000000080005068 with 00000000430dedd9 ut=168
HMEM: write 000000008000506c with 00000000419a0ae4 ut=169
HMEM: write 0000000080005070 with 0000000042644081 ut=170
HMEM: write 0000000080005074 with 0000000042d33e16 ut=171
HMEM: write 0000000080005078 with 00000000438737db ut=172
HMEM: write 000000008000507c with 000000004224378f ut=173
HMEM: write 0000000080005080 with 0000000042c07508 ut=174
HMEM: write 0000000080005084 with 0000000041b0b96a ut=175
HMEM: write 0000000080005088 with 0000000042940fbe ut=176
HMEM: write 000000008000508c with 0000000042e41127 ut=177
HMEM: write 0000000080005090 with 0000000042817314 ut=178
HMEM: write 0000000080005094 with 000000004332bdea ut=179
HMEM: write 0000000080005098 with 000000004380d507 ut=180
HMEM: write 000000008000509c with 0000000042d71c14 ut=181
HMEM: write 00000000800050a0 with 0000000042a67dce ut=182
HMEM: write 00000000800050a4 with 00000000429eea39 ut=183
HMEM: write 00000000800050a8 with 0000000042d2f705 ut=184
HMEM: write 00000000800050ac with 0000000043734571 ut=185
HMEM: write 00000000800050b0 with 00000000428e3b51 ut=186
HMEM: write 00000000800050b4 with 00000000421cb37c ut=187
HMEM: write 00000000800050b8 with 00000000435ba0fb ut=188
HMEM: write 00000000800050bc with 00000000426f4775 ut=189
HMEM: write 00000000800050c0 with 0000000042d000d1 ut=190
HMEM: write 00000000800050c4 with 00000000435a3faa ut=191
HMEM: write 00000000800050c8 with 000000004335dbce ut=192
HMEM: write 00000000800050cc with 00000000428cfdce ut=193
HMEM: write 00000000800050d0 with 0000000043313bb3 ut=194
HMEM: write 00000000800050d4 with 000000004296094d ut=195
HMEM: write 00000000800050d8 with 0000000041d8b856 ut=196
HMEM: write 00000000800050dc with 0000000042c44c16 ut=197
HMEM: write 00000000800050e0 with 0000000041a9166f ut=198
HMEM: write 00000000800050e4 with 0000000043101c5b ut=199
HMEM: write 00000000800050e8 with 0000000041cdfc93 ut=200
HMEM: write 00000000800050ec with 0000000043737c0d ut=201
HMEM: write 00000000800050f0 with 0000000042655f5c ut=202
HMEM: write 00000000800050f4 with 0000000042b0dab9 ut=203
HMEM: write 00000000800050f8 with 0000000042d873b0 ut=204
HMEM: write 00000000800050fc with 00000000437ee2e4 ut=205
HMEM: write 0000000080005100 with 00000000433ed3ac ut=206
HMEM: write 0000000080005104 with 000000004295a07a ut=207
HMEM: write 0000000080005108 with 00000000427361fe ut=208
HMEM: write 000000008000510c with 000000004379ecab ut=209
HMEM: write 0000000080005110 with 0000000042a6a4b0 ut=210
HMEM: write 0000000080005114 with 0000000042afaa42 ut=211
HMEM: write 0000000080005118 with 00000000433ee51a ut=212
HMEM: write 000000008000511c with 00000000421b937e ut=213
HMEM: write 0000000080005120 with 00000000437037d6 ut=214
HMEM: write 0000000080005124 with 00000000429f2b3d ut=215
HMEM: write 0000000080005128 with 000000004228d942 ut=216
HMEM: write 000000008000512c with 000000004345ca8d ut=217
HMEM: write 0000000080005130 with 0000000043405507 ut=218
HMEM: write 0000000080005134 with 000000004337ee6a ut=219
HMEM: write 0000000080005138 with 000000004345b986 ut=220
HMEM: write 000000008000513c with 000000004268d16f ut=221
HMEM: write 0000000080005140 with 0000000042a554da ut=222
HMEM: write 0000000080005144 with 00000000435d234d ut=223
HMEM: write 0000000080005148 with 00000000433ce086 ut=224
HMEM: write 000000008000514c with 0000000042c589a4 ut=225
HMEM: write 0000000080005150 with 0000000042c95d2c ut=226
HMEM: write 0000000080005154 with 00000000435af689 ut=227
HMEM: write 0000000080005158 with 0000000041aef8d4 ut=228
HMEM: write 000000008000515c with 0000000042a40604 ut=229
HMEM: write 0000000080005160 with 00000000428d8b7a ut=230
HMEM: write 0000000080005164 with 0000000042119dcd ut=231
HMEM: write 0000000080005168 with 000000004337167f ut=232
HMEM: write 000000008000516c with 00000000437bd8b1 ut=233
HMEM: write 0000000080005170 with 00000000421b49a5 ut=234
HMEM: write 0000000080005174 with 0000000042ba3af9 ut=235
HMEM: write 0000000080005178 with 0000000041d87432 ut=236
HMEM: write 000000008000517c with 00000000436ce182 ut=237
HMEM: write 0000000080005180 with 000000004384e292 ut=238
HMEM: write 0000000080005184 with 000000004176a625 ut=239
HMEM: write 0000000080005188 with 0000000042cd8490 ut=240
HMEM: write 000000008000518c with 00000000430d8fef ut=241
HMEM: write 0000000080005190 with 00000000427563f6 ut=242
HMEM: write 0000000080005194 with 0000000041fab33f ut=243
HMEM: write 0000000080005198 with 0000000041ffa426 ut=244
HMEM: write 000000008000519c with 0000000042acacbd ut=245
HMEM: write 00000000800051a0 with 0000000042166f77 ut=246
HMEM: write 00000000800051a4 with 0000000041f949be ut=247
HMEM: write 00000000800051a8 with 00000000428879d6 ut=248
HMEM: write 00000000800051ac with 00000000436b962a ut=249
HMEM: write 00000000800051b0 with 0000000042dd4907 ut=250
HMEM: write 00000000800051b4 with 00000000423f5ac8 ut=251
HMEM: write 00000000800051b8 with 000000004354810c ut=252
HMEM: write 00000000800051bc with 00000000437adb46 ut=253
HMEM: write 00000000800051c0 with 000000004361e7cf ut=254
HMEM: write 00000000800051c4 with 00000000419a0dc2 ut=255
HMEM: write 00000000800051c8 with 0000000042693bee ut=256
HMEM: write 00000000800051cc with 00000000434456cd ut=257
HMEM: write 00000000800051d0 with 00000000435729a3 ut=258
HMEM: write 00000000800051d4 with 000000004288bcdb ut=259
HMEM: write 00000000800051d8 with 0000000043164564 ut=260
HMEM: write 00000000800051dc with 0000000041eae3d8 ut=261
HMEM: write 00000000800051e0 with 0000000041b07a94 ut=262
HMEM: write 00000000800051e4 with 0000000041fe9d2c ut=263
HMEM: write 00000000800051e8 with 0000000042a4b247 ut=264
HMEM: write 00000000800051ec with 000000004257a3d4 ut=265
HMEM: write 00000000800051f0 with 00000000424ef83c ut=266
HMEM: write 00000000800051f4 with 00000000432b4c93 ut=267
HMEM: write 00000000800051f8 with 00000000428cb474 ut=268
HMEM: write 00000000800051fc with 000000004385b00c ut=269
HMEM: write 0000000080005200 with 0000000043721aab ut=270
HMEM: write 0000000080005204 with 0000000043217d21 ut=271
HMEM: write 0000000080005208 with 0000000041f12a69 ut=272
HMEM: write 000000008000520c with 000000004282be6d ut=273
HMEM: write 0000000080005210 with 00000000422e0f6c ut=274
HMEM: write 0000000080005214 with 0000000042d8c780 ut=275
HMEM: write 0000000080005218 with 00000000423d7270 ut=276
HMEM: write 000000008000521c with 00000000431a3411 ut=277
HMEM: write 0000000080005220 with 0000000042c55310 ut=278
HMEM: write 0000000080005224 with 0000000042849c73 ut=279
HMEM: write 0000000080005228 with 00000000426e7c52 ut=280
HMEM: write 000000008000522c with 000000004297de75 ut=281
HMEM: write 0000000080005230 with 0000000041c026ed ut=282
HMEM: write 0000000080005234 with 000000004263acb9 ut=283
HMEM: write 0000000080005238 with 000000004326cfb8 ut=284
HMEM: write 000000008000523c with 0000000042aa1186 ut=285
HMEM: write 0000000080005240 with 00000000420b83b5 ut=286
HMEM: write 0000000080005244 with 000000004314f0a7 ut=287
HMEM: write 0000000080005248 with 0000000042c09e29 ut=288
HMEM: write 000000008000524c with 0000000042af1b04 ut=289
HMEM: write 0000000080005250 with 00000000429e6abc ut=290
HMEM: write 0000000080005254 with 0000000042d5c7b6 ut=291
HMEM: write 0000000080005258 with 000000004257f3c0 ut=292
HMEM: write 000000008000525c with 00000000425f98df ut=293
HMEM: write 0000000080005260 with 00000000422e6f13 ut=294
HMEM: write 0000000080005264 with 000000004265f166 ut=295
HMEM: write 0000000080005268 with 00000000435ac83a ut=296
HMEM: write 000000008000526c with 0000000041dc8a73 ut=297
HMEM: write 0000000080005270 with 000000004365cdf8 ut=298
HMEM: write 0000000080005274 with 000000004294f97e ut=299
HMEM: write 0000000080005278 with 0000000042d32757 ut=300
HMEM: write 000000008000527c with 0000000043740530 ut=301
HMEM: write 0000000080005280 with 00000000418bac07 ut=302
HMEM: write 0000000080005284 with 000000004291e203 ut=303
HMEM: write 0000000080005288 with 000000004334b424 ut=304
HMEM: write 000000008000528c with 00000000428f2e83 ut=305
HMEM: write 0000000080005290 with 00000000429ad841 ut=306
HMEM: write 0000000080005294 with 000000004235a4eb ut=307
HMEM: write 0000000080005298 with 0000000042013f88 ut=308
HMEM: write 000000008000529c with 00000000431c5341 ut=309
HMEM: write 00000000800052a0 with 00000000433db8f7 ut=310
HMEM: write 00000000800052a4 with 0000000042be95b2 ut=311
HMEM: write 00000000800052a8 with 000000004269c2ff ut=312
HMEM: write 00000000800052ac with 000000004384dfa7 ut=313
HMEM: write 00000000800052b0 with 0000000042941953 ut=314
HMEM: write 00000000800052b4 with 0000000042e072df ut=315
HMEM: write 00000000800052b8 with 0000000041da19de ut=316
HMEM: write 00000000800052bc with 00000000433a4041 ut=317
HMEM: write 00000000800052c0 with 00000000428e5e36 ut=318
HMEM: write 00000000800052c4 with 000000004380995c ut=319
HMEM: write 00000000800052c8 with 00000000431bf5cf ut=320
HMEM: write 00000000800052cc with 000000004385810e ut=321
HMEM: write 00000000800052d0 with 00000000423d3f6c ut=322
HMEM: write 00000000800052d4 with 0000000042b85195 ut=323
HMEM: write 00000000800052d8 with 00000000421bae15 ut=324
HMEM: write 00000000800052dc with 000000004220503a ut=325
HMEM: write 00000000800052e0 with 00000000421a1fb7 ut=326
HMEM: write 00000000800052e4 with 0000000043524506 ut=327
HMEM: write 00000000800052e8 with 00000000436ded13 ut=328
HMEM: write 00000000800052ec with 000000004367c92d ut=329
HMEM: write 00000000800052f0 with 0000000042a665fb ut=330
HMEM: write 00000000800052f4 with 0000000042a18d7b ut=331
HMEM: write 00000000800052f8 with 0000000042b55451 ut=332
HMEM: write 00000000800052fc with 0000000042ba1b95 ut=333
HMEM: write 0000000080005300 with 00000000435bfe62 ut=334
HMEM: write 0000000080005304 with 00000000414c5b0d ut=335
HMEM: write 0000000080005308 with 0000000042b00e50 ut=336
HMEM: write 000000008000530c with 00000000411d2b28 ut=337
HMEM: write 0000000080005310 with 00000000436dc68f ut=338
HMEM: write 0000000080005314 with 000000004255a658 ut=339
HMEM: write 0000000080005318 with 0000000042584e54 ut=340
HMEM: write 000000008000531c with 000000004140e8de ut=341
HMEM: write 0000000080005320 with 00000000431738a5 ut=342
HMEM: write 0000000080005324 with 0000000042db1722 ut=343
HMEM: write 0000000080005328 with 00000000437d1cfb ut=344
HMEM: write 000000008000532c with 00000000426c1371 ut=345
HMEM: write 0000000080005330 with 0000000042a65b7c ut=346
HMEM: write 0000000080005334 with 000000004289a191 ut=347
HMEM: write 0000000080005338 with 000000004388ee55 ut=348
HMEM: write 000000008000533c with 0000000042d0c3e4 ut=349
HMEM: write 0000000080005340 with 000000004365545f ut=350
HMEM: write 0000000080005344 with 0000000043637093 ut=351
HMEM: write 0000000080005348 with 0000000042aee842 ut=352
HMEM: write 000000008000534c with 000000004269d19f ut=353
HMEM: write 0000000080005350 with 0000000042fe48aa ut=354
HMEM: write 0000000080005354 with 0000000042e60e07 ut=355
HMEM: write 0000000080005358 with 000000004329de7c ut=356
HMEM: write 000000008000535c with 0000000042486028 ut=357
HMEM: write 0000000080005360 with 0000000042cd70dd ut=358
HMEM: write 0000000080005364 with 000000004294ba6e ut=359
HMEM: write 0000000080005368 with 00000000437fe14b ut=360
HMEM: write 000000008000536c with 0000000042cc6d11 ut=361
HMEM: write 0000000080005370 with 0000000042d90b89 ut=362
HMEM: write 0000000080005374 with 00000000428fa3d4 ut=363
HMEM: write 0000000080005378 with 0000000042eeac5b ut=364
HMEM: write 000000008000537c with 000000004287eaae ut=365
HMEM: write 0000000080005380 with 00000000423af2dc ut=366
HMEM: write 0000000080005384 with 000000004353ac82 ut=367
HMEM: write 0000000080005388 with 0000000043249c58 ut=368
HMEM: write 000000008000538c with 00000000434b217d ut=369
HMEM: write 0000000080005390 with 0000000042994680 ut=370
HMEM: write 0000000080005394 with 0000000042604f79 ut=371
HMEM: write 0000000080005398 with 00000000432af99f ut=372
HMEM: write 000000008000539c with 00000000429457b1 ut=373
HMEM: write 00000000800053a0 with 00000000437ed170 ut=374
HMEM: write 00000000800053a4 with 0000000042b43353 ut=375
HMEM: write 00000000800053a8 with 000000004319ff21 ut=376
HMEM: write 00000000800053ac with 0000000042362912 ut=377
HMEM: write 00000000800053b0 with 0000000043364437 ut=378
HMEM: write 00000000800053b4 with 0000000042b4088f ut=379
HMEM: write 00000000800053b8 with 00000000436c4284 ut=380
HMEM: write 00000000800053bc with 0000000042de3970 ut=381
HMEM: write 00000000800053c0 with 0000000042dc3362 ut=382
HMEM: write 00000000800053c4 with 0000000042451e00 ut=383
HMEM: write 00000000800053c8 with 0000000042c2f405 ut=384
HMEM: write 00000000800053cc with 0000000042cc4640 ut=385
HMEM: write 00000000800053d0 with 000000004301de94 ut=386
HMEM: write 00000000800053d4 with 00000000435e5b37 ut=387
HMEM: write 00000000800053d8 with 000000004344e8eb ut=388
HMEM: write 00000000800053dc with 00000000434133f8 ut=389
HMEM: write 00000000800053e0 with 0000000042059a79 ut=390
HMEM: write 00000000800053e4 with 00000000430e3835 ut=391
HMEM: write 00000000800053e8 with 0000000043401316 ut=392
HMEM: write 00000000800053ec with 0000000041387dd8 ut=393
HMEM: write 00000000800053f0 with 000000004376a4b2 ut=394
HMEM: write 00000000800053f4 with 0000000041b99c06 ut=395
HMEM: write 00000000800053f8 with 000000004324560a ut=396
HMEM: write 00000000800053fc with 00000000429ced92 ut=397
HMEM: write 0000000080005400 with 0000000043007e10 ut=398
HMEM: write 0000000080005404 with 000000004318c351 ut=399
HMEM: write 0000000080005408 with 0000000042f892e6 ut=400
HMEM: write 000000008000540c with 00000000428def97 ut=401
HMEM: write 0000000080005410 with 00000000423edf6d ut=402
HMEM: write 0000000080005414 with 0000000042b61808 ut=403
HMEM: write 0000000080005418 with 0000000043235f4f ut=404
HMEM: write 000000008000541c with 000000004384d4a5 ut=405
HMEM: write 0000000080005420 with 00000000424865e5 ut=406
HMEM: write 0000000080005424 with 0000000042ed195f ut=407
HMEM: write 0000000080005428 with 000000004384fda2 ut=408
HMEM: write 000000008000542c with 00000000435ec5df ut=409
HMEM: write 0000000080005430 with 00000000425b8d73 ut=410
HMEM: write 0000000080005434 with 0000000042e961a6 ut=411
HMEM: write 0000000080005438 with 000000004319af0b ut=412
HMEM: write 000000008000543c with 0000000042e1e626 ut=413
HMEM: write 0000000080005440 with 00000000433f45e8 ut=414
HMEM: write 0000000080005444 with 0000000042a1e291 ut=415
HMEM: write 0000000080005448 with 0000000043172eba ut=416
HMEM: write 000000008000544c with 0000000042f3d421 ut=417
HMEM: write 0000000080005450 with 00000000436ff0dc ut=418
HMEM: write 0000000080005454 with 0000000043400dff ut=419
HMEM: write 0000000080005458 with 0000000042187e00 ut=420
HMEM: write 000000008000545c with 00000000424b37c3 ut=421
HMEM: write 0000000080005460 with 00000000434e34e4 ut=422
HMEM: write 0000000080005464 with 0000000041ebbd10 ut=423
HMEM: write 0000000080005468 with 0000000042912a6e ut=424
HMEM: write 000000008000546c with 00000000429e0287 ut=425
HMEM: write 0000000080005470 with 00000000426aa7ac ut=426
HMEM: write 0000000080005474 with 0000000042a2ca11 ut=427
HMEM: write 0000000080005478 with 0000000042dfbd38 ut=428
HMEM: write 000000008000547c with 0000000042151fc2 ut=429
HMEM: write 0000000080005480 with 000000004201fdee ut=430
HMEM: write 0000000080005484 with 0000000042c98519 ut=431
HMEM: write 0000000080005488 with 0000000042945354 ut=432
HMEM: write 000000008000548c with 00000000436ea3fe ut=433
HMEM: write 0000000080005490 with 0000000042bead74 ut=434
HMEM: write 0000000080005494 with 00000000427f4a7b ut=435
HMEM: write 0000000080005498 with 000000004359ea12 ut=436
HMEM: write 000000008000549c with 00000000431c89b4 ut=437
HMEM: write 00000000800054a0 with 0000000043285b9b ut=438
HMEM: write 00000000800054a4 with 0000000042fff0c7 ut=439
HMEM: write 00000000800054a8 with 00000000431e7864 ut=440
HMEM: write 00000000800054ac with 00000000424d2e2f ut=441
HMEM: write 00000000800054b0 with 0000000042b54ad6 ut=442
HMEM: write 00000000800054b4 with 0000000043814d7f ut=443
HMEM: write 00000000800054b8 with 000000004387642a ut=444
HMEM: write 00000000800054bc with 0000000041c6f686 ut=445
HMEM: write 00000000800054c0 with 00000000423e0e9f ut=446
HMEM: write 00000000800054c4 with 00000000431bb2bc ut=447
HMEM: write 00000000800054c8 with 000000004301f881 ut=448
HMEM: write 00000000800054cc with 0000000043664b08 ut=449
HMEM: write 00000000800054d0 with 0000000041bd7c04 ut=450
HMEM: write 00000000800054d4 with 0000000042ac4a2f ut=451
HMEM: write 00000000800054d8 with 0000000042d497ee ut=452
HMEM: write 00000000800054dc with 000000004278f523 ut=453
HMEM: write 00000000800054e0 with 0000000040e7c39f ut=454
HMEM: write 00000000800054e4 with 000000004303ec73 ut=455
HMEM: write 00000000800054e8 with 0000000042ff4690 ut=456
HMEM: write 00000000800054ec with 0000000041fe4507 ut=457
HMEM: write 00000000800054f0 with 00000000432b0583 ut=458
HMEM: write 00000000800054f4 with 000000004386d7e7 ut=459
HMEM: write 00000000800054f8 with 00000000434c0a51 ut=460
HMEM: write 00000000800054fc with 000000004361da1b ut=461
HMEM: write 0000000080005500 with 0000000041f2f261 ut=462
HMEM: write 0000000080005504 with 0000000042a6a140 ut=463
HMEM: write 0000000080005508 with 000000004372196c ut=464
HMEM: write 000000008000550c with 000000004380aa42 ut=465
HMEM: write 0000000080005510 with 0000000042d6dc33 ut=466
HMEM: write 0000000080005514 with 000000004291f8ed ut=467
HMEM: write 0000000080005518 with 00000000436f5d9a ut=468
HMEM: write 000000008000551c with 00000000437b2c81 ut=469
HMEM: write 0000000080005520 with 0000000043150f6b ut=470
HMEM: write 0000000080005524 with 000000004198ca98 ut=471
HMEM: write 0000000080005528 with 0000000042c4109e ut=472
HMEM: write 000000008000552c with 00000000427f82bc ut=473
HMEM: write 0000000080005530 with 0000000042c4b221 ut=474
HMEM: write 0000000080005534 with 0000000042c663f6 ut=475
HMEM: write 0000000080005538 with 00000000431b9ef9 ut=476
HMEM: write 000000008000553c with 0000000042d35b9d ut=477
HMEM: write 0000000080005540 with 000000004383eccb ut=478
HMEM: write 0000000080005544 with 0000000042af9018 ut=479
HMEM: write 0000000080005548 with 000000004268709b ut=480
HMEM: write 000000008000554c with 0000000043130a5d ut=481
HMEM: write 0000000080005550 with 000000004279b18f ut=482
HMEM: write 0000000080005554 with 0000000041ca207d ut=483
HMEM: write 0000000080005558 with 00000000432cd528 ut=484
HMEM: write 000000008000555c with 0000000042f878e5 ut=485
HMEM: write 0000000080005560 with 00000000424ec94b ut=486
HMEM: write 0000000080005564 with 0000000042ce4eb8 ut=487
HMEM: write 0000000080005568 with 00000000422daf8a ut=488
HMEM: write 000000008000556c with 00000000427a40b9 ut=489
HMEM: write 0000000080005570 with 0000000043077376 ut=490
HMEM: write 0000000080005574 with 0000000042dbbe3f ut=491
HMEM: write 0000000080005578 with 0000000041f8c593 ut=492
HMEM: write 000000008000557c with 00000000433aa68e ut=493
HMEM: write 0000000080005580 with 0000000042b22ea8 ut=494
HMEM: write 0000000080005584 with 0000000042a82981 ut=495
HMEM: write 0000000080005588 with 000000004360a76c ut=496
HMEM: write 000000008000558c with 00000000422fe59a ut=497
HMEM: write 0000000080005590 with 0000000042041c98 ut=498
HMEM: write 0000000080005594 with 000000004313d924 ut=499
HMEM: write 0000000080005598 with 000000004309f85e ut=500
HMEM: write 000000008000559c with 0000000042d0b427 ut=501
HMEM: write 00000000800055a0 with 0000000042c8056d ut=502
HMEM: write 00000000800055a4 with 0000000042331aa6 ut=503
HMEM: write 00000000800055a8 with 0000000041bb662b ut=504
HMEM: write 00000000800055ac with 00000000432b81e6 ut=505
HMEM: write 00000000800055b0 with 000000004314a8ea ut=506
HMEM: write 00000000800055b4 with 000000004381200d ut=507
HMEM: write 00000000800055b8 with 0000000042a1ab23 ut=508
HMEM: write 00000000800055bc with 0000000042b377e7 ut=509
HMEM: write 00000000800055c0 with 000000004295c449 ut=510
HMEM: write 00000000800055c4 with 00000000430ccb8f ut=511
H: WT pc=0000000080002080 inst=8000080002022f3f next=0000000080002088 vl=512 act=ffffffffffffffffffffffffffffffffffffffffffffffffffffffffffffffffffffffffffffffffffffffffffffffffffffffffffffffffffffffffffffffff
H: WT pc=0000000080002088 inst=86aa04040201063f next=0000000080002090 vl=512 act=ffffffffffffffffffffffffffffffffffffffffffffffffffffffffffffffffffffffffffffffffffffffffffffffffffffffffffffffffffffffffffffffff
H: WT pc=0000000080002090 inst=87ba06060101063f next=0000000080002098 vl=512 act=ffffffffffffffffffffffffffffffffffffffffffffffffffffffffffffffffffffffffffffffffffffffffffffffffffffffffffffffffffffffffffffffff
H: WT pc=0000000080002098 inst=0000000000000c3f next=00000000800020a0 vl=512 act=-
H: WT pc=0000000080002010 inst=87fe00000000063f next=0000000080002018 vl=512 act=ffffffffffffffffffffffffffffffffffffffffffffffffffffffffffffffffffffffffffffffffffffffffffffffffffffffffffffffffffffffffffffffff
H: WT pc=0000000080002018 inst=805800000000063f next=0000000080002020 vl=512 act=ffffffffffffffffffffffffffffffffffffffffffffffffffffffffffffffffffffffffffffffffffffffffffffffffffffffffffffffffffffffffffffffff
H: WT pc=0000000080002020 inst=c000007e0000063f next=0000000080002028 vl=512 act=ffffffffffffffffffffffffffffffffffffffffffffffffffffffffffffffffffffffffffffffffffffffffffffffffffffffffffffffffffffffffffffffff
H: WT pc=0000000080002028 inst=c012007c0001063f next=0000000080002030 vl=512 act=ffffffffffffffffffffffffffffffffffffffffffffffffffffffffffffffffffffffffffffffffffffffffffffffffffffffffffffffffffffffffffffffff
H: WT pc=0000000080002030 inst=860202020002063f next=0000000080002038 vl=512 act=ffffffffffffffffffffffffffffffffffffffffffffffffffffffffffffffffffffffffffffffffffffffffffffffffffffffffffffffffffffffffffffffff
H: WT pc=0000000080002038 inst=840a02020003063f next=0000000080002040 vl=512 act=ffffffffffffffffffffffffffffffffffffffffffffffffffffffffffffffffffffffffffffffffffffffffffffffffffffffffffffffffffffffffffffffff
H: WT pc=0000000080002040 inst=0000004900012dbf next=0000000080002048 vl=512 act=-
HMEM: read from 0000000080007dc8 ut=0
HMEM: read from 0000000080007dd0 ut=1
HMEM: read from 0000000080007dd8 ut=2
HMEM: read from 0000000080007de0 ut=3
HMEM: read from 0000000080007de8 ut=4
HMEM: read from 0000000080007df0 ut=5
HMEM: read from 0000000080007df8 ut=6
HMEM: read from 0000000080007e00 ut=7
HMEM: read from 0000000080007e08 ut=8
HMEM: read from 0000000080007e10 ut=9
HMEM: read from 0000000080007e18 ut=10
HMEM: read from 0000000080007e20 ut=11
HMEM: read from 0000000080007e28 ut=12
HMEM: read from 0000000080007e30 ut=13
HMEM: read from 0000000080007e38 ut=14
HMEM: read from 0000000080007e40 ut=15
HMEM: read from 0000000080007e48 ut=16
HMEM: read from 0000000080007e50 ut=17
HMEM: read from 0000000080007e58 ut=18
HMEM: read from 0000000080007e60 ut=19
HMEM: read from 0000000080007e68 ut=20
HMEM: read from 0000000080007e70 ut=21
HMEM: read from 0000000080007e78 ut=22
HMEM: read from 0000000080007e80 ut=23
HMEM: read from 0000000080007e88 ut=24
HMEM: read from 0000000080007e90 ut=25
HMEM: read from 0000000080007e98 ut=26
HMEM: read from 0000000080007ea0 ut=27
HMEM: read from 0000000080007ea8 ut=28
HMEM: read from 0000000080007eb0 ut=29
HMEM: read from 0000000080007eb8 ut=30
HMEM: read from 0000000080007ec0 ut=31
HMEM: read from 0000000080007ec8 ut=32
HMEM: read from 0000000080007ed0 ut=33
HMEM: read from 0000000080007ed8 ut=34
HMEM: read from 0000000080007ee0 ut=35
HMEM: read from 0000000080007ee8 ut=36
HMEM: read from 0000000080007ef0 ut=37
HMEM: read from 0000000080007ef8 ut=38
HMEM: read from 0000000080007f00 ut=39
HMEM: read from 0000000080007f08 ut=40
HMEM: read from 0000000080007f10 ut=41
HMEM: read from 0000000080007f18 ut=42
HMEM: read from 0000000080007f20 ut=43
HMEM: read from 0000000080007f28 ut=44
HMEM: read from 0000000080007f30 ut=45
HMEM: read from 0000000080007f38 ut=46
HMEM: read from 0000000080007f40 ut=47
HMEM: read from 0000000080007f48 ut=48
HMEM: read from 0000000080007f50 ut=49
HMEM: read from 0000000080007f58 ut=50
HMEM: read from 0000000080007f60 ut=51
HMEM: read from 0000000080007f68 ut=52
HMEM: read from 0000000080007f70 ut=53
HMEM: read from 0000000080007f78 ut=54
HMEM: read from 0000000080007f80 ut=55
HMEM: read from 0000000080007f88 ut=56
HMEM: read from 0000000080007f90 ut=57
HMEM: read from 0000000080007f98 ut=58
HMEM: read from 0000000080007fa0 ut=59
HMEM: read from 0000000080007fa8 ut=60
HMEM: read from 0000000080007fb0 ut=61
HMEM: read from 0000000080007fb8 ut=62
HMEM: read from 0000000080007fc0 ut=63
HMEM: read from 0000000080007fc8 ut=64
HMEM: read from 0000000080007fd0 ut=65
HMEM: read from 0000000080007fd8 ut=66
HMEM: read from 0000000080007fe0 ut=67
HMEM: read from 0000000080007fe8 ut=68
HMEM: read from 0000000080007ff0 ut=69
HMEM: read from 0000000080007ff8 ut=70
HMEM: read from 0000000080008000 ut=71
HMEM: read from 0000000080008008 ut=72
HMEM: read from 0000000080008010 ut=73
HMEM: read from 0000000080008018 ut=74
HMEM: read from 0000000080008020 ut=75
HMEM: read from 0000000080008028 ut=76
HMEM: read from 0000000080008030 ut=77
HMEM: read from 0000000080008038 ut=78
HMEM: read from 0000000080008040 ut=79
HMEM: read from 0000000080008048 ut=80
HMEM: read from 0000000080008050 ut=81
HMEM: read from 0000000080008058 ut=82
HMEM: read from 0000000080008060 ut=83
HMEM: read from 0000000080008068 ut=84
HMEM: read from 0000000080008070 ut=85
HMEM: read from 0000000080008078 ut=86
HMEM: read from 0000000080008080 ut=87
HMEM: read from 0000000080008088 ut=88
HMEM: read from 0000000080008090 ut=89
HMEM: read from 0000000080008098 ut=90
HMEM: read from 00000000800080a0 ut=91
HMEM: read from 00000000800080a8 ut=92
HMEM: read from 00000000800080b0 ut=93
HMEM: read from 00000000800080b8 ut=94
HMEM: read from 00000000800080c0 ut=95
HMEM: read from 00000000800080c8 ut=96
HMEM: read from 00000000800080d0 ut=97
HMEM: read from 00000000800080d8 ut=98
HMEM: read from 00000000800080e0 ut=99
HMEM: read from 00000000800080e8 ut=100
HMEM: read from 00000000800080f0 ut=101
HMEM: read from 00000000800080f8 ut=102
HMEM: read from 0000000080008100 ut=103
HMEM: read from 0000000080008108 ut=104
HMEM: read from 0000000080008110 ut=105
HMEM: read from 0000000080008118 ut=106
HMEM: read from 0000000080008120 ut=107
HMEM: read from 0000000080008128 ut=108
HMEM: read from 0000000080008130 ut=109
HMEM: read from 0000000080008138 ut=110
HMEM: read from 0000000080008140 ut=111
HMEM: read from 0000000080008148 ut=112
HMEM: read from 0000000080008150 ut=113
HMEM: read from 0000000080008158 ut=114
HMEM: read from 0000000080008160 ut=115
HMEM: read from 0000000080008168 ut=116
HMEM: read from 0000000080008170 ut=117
HMEM: read from 0000000080008178 ut=118
HMEM: read from 0000000080008180 ut=119
HMEM: read from 0000000080008188 ut=120
HMEM: read from 0000000080008190 ut=121
HMEM: read from 0000000080008198 ut=122
HMEM: read from 00000000800081a0 ut=123
HMEM: read from 00000000800081a8 ut=124
HMEM: read from 00000000800081b0 ut=125
HMEM: read from 00000000800081b8 ut=126
HMEM: read from 00000000800081c0 ut=127
HMEM: read from 00000000800081c8 ut=128
HMEM: read from 00000000800081d0 ut=129
HMEM: read from 00000000800081d8 ut=130
HMEM: read from 00000000800081e0 ut=131
HMEM: read from 00000000800081e8 ut=132
HMEM: read from 00000000800081f0 ut=133
HMEM: read from 00000000800081f8 ut=134
HMEM: read from 0000000080008200 ut=135
HMEM: read from 0000000080008208 ut=136
HMEM: read from 0000000080008210 ut=137
HMEM: read from 0000000080008218 ut=138
HMEM: read from 0000000080008220 ut=139
HMEM: read from 0000000080008228 ut=140
HMEM: read from 0000000080008230 ut=141
HMEM: read from 0000000080008238 ut=142
HMEM: read from 0000000080008240 ut=143
HMEM: read from 0000000080008248 ut=144
HMEM: read from 0000000080008250 ut=145
HMEM: read from 0000000080008258 ut=146
HMEM: read from 0000000080008260 ut=147
HMEM: read from 0000000080008268 ut=148
HMEM: read from 0000000080008270 ut=149
HMEM: read from 0000000080008278 ut=150
HMEM: read from 0000000080008280 ut=151
HMEM: read from 0000000080008288 ut=152
HMEM: read from 0000000080008290 ut=153
HMEM: read from 0000000080008298 ut=154
HMEM: read from 00000000800082a0 ut=155
HMEM: read from 00000000800082a8 ut=156
HMEM: read from 00000000800082b0 ut=157
HMEM: read from 00000000800082b8 ut=158
HMEM: read from 00000000800082c0 ut=159
HMEM: read from 00000000800082c8 ut=160
HMEM: read from 00000000800082d0 ut=161
HMEM: read from 00000000800082d8 ut=162
HMEM: read from 00000000800082e0 ut=163
HMEM: read from 00000000800082e8 ut=164
HMEM: read from 00000000800082f0 ut=165
HMEM: read from 00000000800082f8 ut=166
HMEM: read from 0000000080008300 ut=167
HMEM: read from 0000000080008308 ut=168
HMEM: read from 0000000080008310 ut=169
HMEM: read from 0000000080008318 ut=170
HMEM: read from 0000000080008320 ut=171
HMEM: read from 0000000080008328 ut=172
HMEM: read from 0000000080008330 ut=173
HMEM: read from 0000000080008338 ut=174
HMEM: read from 0000000080008340 ut=175
HMEM: read from 0000000080008348 ut=176
HMEM: read from 0000000080008350 ut=177
HMEM: read from 0000000080008358 ut=178
HMEM: read from 0000000080008360 ut=179
HMEM: read from 0000000080008368 ut=180
HMEM: read from 0000000080008370 ut=181
HMEM: read from 0000000080008378 ut=182
HMEM: read from 0000000080008380 ut=183
HMEM: read from 0000000080008388 ut=184
HMEM: read from 0000000080008390 ut=185
HMEM: read from 0000000080008398 ut=186
HMEM: read from 00000000800083a0 ut=187
HMEM: read from 00000000800083a8 ut=188
HMEM: read from 00000000800083b0 ut=189
HMEM: read from 00000000800083b8 ut=190
HMEM: read from 00000000800083c0 ut=191
HMEM: read from 00000000800083c8 ut=192
HMEM: read from 00000000800083d0 ut=193
HMEM: read from 00000000800083d8 ut=194
HMEM: read from 00000000800083e0 ut=195
HMEM: read from 00000000800083e8 ut=196
HMEM: read from 00000000800083f0 ut=197
HMEM: read from 00000000800083f8 ut=198
HMEM: read from 0000000080008400 ut=199
HMEM: read from 0000000080008408 ut=200
HMEM: read from 0000000080008410 ut=201
HMEM: read from 0000000080008418 ut=202
HMEM: read from 0000000080008420 ut=203
HMEM: read from 0000000080008428 ut=204
HMEM: read from 0000000080008430 ut=205
HMEM: read from 0000000080008438 ut=206
HMEM: read from 0000000080008440 ut=207
HMEM: read from 0000000080008448 ut=208
HMEM: read from 0000000080008450 ut=209
HMEM: read from 0000000080008458 ut=210
HMEM: read from 0000000080008460 ut=211
HMEM: read from 0000000080008468 ut=212
HMEM: read from 0000000080008470 ut=213
HMEM: read from 0000000080008478 ut=214
HMEM: read from 0000000080008480 ut=215
HMEM: read from 0000000080008488 ut=216
HMEM: read from 0000000080008490 ut=217
HMEM: read from 0000000080008498 ut=218
HMEM: read from 00000000800084a0 ut=219
HMEM: read from 00000000800084a8 ut=220
HMEM: read from 00000000800084b0 ut=221
HMEM: read from 00000000800084b8 ut=222
HMEM: read from 00000000800084c0 ut=223
HMEM: read from 00000000800084c8 ut=224
HMEM: read from 00000000800084d0 ut=225
HMEM: read from 00000000800084d8 ut=226
HMEM: read from 00000000800084e0 ut=227
HMEM: read from 00000000800084e8 ut=228
HMEM: read from 00000000800084f0 ut=229
HMEM: read from 00000000800084f8 ut=230
HMEM: read from 0000000080008500 ut=231
HMEM: read from 0000000080008508 ut=232
HMEM: read from 0000000080008510 ut=233
HMEM: read from 0000000080008518 ut=234
HMEM: read from 0000000080008520 ut=235
HMEM: read from 0000000080008528 ut=236
HMEM: read from 0000000080008530 ut=237
HMEM: read from 0000000080008538 ut=238
HMEM: read from 0000000080008540 ut=239
HMEM: read from 0000000080008548 ut=240
HMEM: read from 0000000080008550 ut=241
HMEM: read from 0000000080008558 ut=242
HMEM: read from 0000000080008560 ut=243
HMEM: read from 0000000080008568 ut=244
HMEM: read from 0000000080008570 ut=245
HMEM: read from 0000000080008578 ut=246
HMEM: read from 0000000080008580 ut=247
HMEM: read from 0000000080008588 ut=248
HMEM: read from 0000000080008590 ut=249
HMEM: read from 0000000080008598 ut=250
HMEM: read from 00000000800085a0 ut=251
HMEM: read from 00000000800085a8 ut=252
HMEM: read from 00000000800085b0 ut=253
HMEM: read from 00000000800085b8 ut=254
HMEM: read from 00000000800085c0 ut=255
HMEM: read from 00000000800085c8 ut=256
HMEM: read from 00000000800085d0 ut=257
HMEM: read from 00000000800085d8 ut=258
HMEM: read from 00000000800085e0 ut=259
HMEM: read from 00000000800085e8 ut=260
HMEM: read from 00000000800085f0 ut=261
HMEM: read from 00000000800085f8 ut=262
HMEM: read from 0000000080008600 ut=263
HMEM: read from 0000000080008608 ut=264
HMEM: read from 0000000080008610 ut=265
HMEM: read from 0000000080008618 ut=266
HMEM: read from 0000000080008620 ut=267
HMEM: read from 0000000080008628 ut=268
HMEM: read from 0000000080008630 ut=269
HMEM: read from 0000000080008638 ut=270
HMEM: read from 0000000080008640 ut=271
HMEM: read from 0000000080008648 ut=272
HMEM: read from 0000000080008650 ut=273
HMEM: read from 0000000080008658 ut=274
HMEM: read from 0000000080008660 ut=275
HMEM: read from 0000000080008668 ut=276
HMEM: read from 0000000080008670 ut=277
HMEM: read from 0000000080008678 ut=278
HMEM: read from 0000000080008680 ut=279
HMEM: read from 0000000080008688 ut=280
HMEM: read from 0000000080008690 ut=281
HMEM: read from 0000000080008698 ut=282
HMEM: read from 00000000800086a0 ut=283
HMEM: read from 00000000800086a8 ut=284
HMEM: read from 00000000800086b0 ut=285
HMEM: read from 00000000800086b8 ut=286
HMEM: read from 00000000800086c0 ut=287
HMEM: read from 00000000800086c8 ut=288
HMEM: read from 00000000800086d0 ut=289
HMEM: read from 00000000800086d8 ut=290
HMEM: read from 00000000800086e0 ut=291
HMEM: read from 00000000800086e8 ut=292
HMEM: read from 00000000800086f0 ut=293
HMEM: read from 00000000800086f8 ut=294
HMEM: read from 0000000080008700 ut=295
HMEM: read from 0000000080008708 ut=296
HMEM: read from 0000000080008710 ut=297
HMEM: read from 0000000080008718 ut=298
HMEM: read from 0000000080008720 ut=299
HMEM: read from 0000000080008728 ut=300
HMEM: read from 0000000080008730 ut=301
HMEM: read from 0000000080008738 ut=302
HMEM: read from 0000000080008740 ut=303
HMEM: read from 0000000080008748 ut=304
HMEM: read from 0000000080008750 ut=305
HMEM: read from 0000000080008758 ut=306
HMEM: read from 0000000080008760 ut=307
HMEM: read from 0000000080008768 ut=308
HMEM: read from 0000000080008770 ut=309
HMEM: read from 0000000080008778 ut=310
HMEM: read from 0000000080008780 ut=311
HMEM: read from 0000000080008788 ut=312
HMEM: read from 0000000080008790 ut=313
HMEM: read from 0000000080008798 ut=314
HMEM: read from 00000000800087a0 ut=315
HMEM: read from 00000000800087a8 ut=316
HMEM: read from 00000000800087b0 ut=317
HMEM: read from 00000000800087b8 ut=318
HMEM: read from 00000000800087c0 ut=319
HMEM: read from 00000000800087c8 ut=320
HMEM: read from 00000000800087d0 ut=321
HMEM: read from 00000000800087d8 ut=322
HMEM: read from 00000000800087e0 ut=323
HMEM: read from 00000000800087e8 ut=324
HMEM: read from 00000000800087f0 ut=325
HMEM: read from 00000000800087f8 ut=326
HMEM: read from 0000000080008800 ut=327
HMEM: read from 0000000080008808 ut=328
HMEM: read from 0000000080008810 ut=329
HMEM: read from 0000000080008818 ut=330
HMEM: read from 0000000080008820 ut=331
HMEM: read from 0000000080008828 ut=332
HMEM: read from 0000000080008830 ut=333
HMEM: read from 0000000080008838 ut=334
HMEM: read from 0000000080008840 ut=335
HMEM: read from 0000000080008848 ut=336
HMEM: read from 0000000080008850 ut=337
HMEM: read from 0000000080008858 ut=338
HMEM: read from 0000000080008860 ut=339
HMEM: read from 0000000080008868 ut=340
HMEM: read from 0000000080008870 ut=341
HMEM: read from 0000000080008878 ut=342
HMEM: read from 0000000080008880 ut=343
HMEM: read from 0000000080008888 ut=344
HMEM: read from 0000000080008890 ut=345
HMEM: read from 0000000080008898 ut=346
HMEM: read from 00000000800088a0 ut=347
HMEM: read from 00000000800088a8 ut=348
HMEM: read from 00000000800088b0 ut=349
HMEM: read from 00000000800088b8 ut=350
HMEM: read from 00000000800088c0 ut=351
HMEM: read from 00000000800088c8 ut=352
HMEM: read from 00000000800088d0 ut=353
HMEM: read from 00000000800088d8 ut=354
HMEM: read from 00000000800088e0 ut=355
HMEM: read from 00000000800088e8 ut=356
HMEM: read from 00000000800088f0 ut=357
HMEM: read from 00000000800088f8 ut=358
HMEM: read from 0000000080008900 ut=359
HMEM: read from 0000000080008908 ut=360
HMEM: read from 0000000080008910 ut=361
HMEM: read from 0000000080008918 ut=362
HMEM: read from 0000000080008920 ut=363
HMEM: read from 0000000080008928 ut=364
HMEM: read from 0000000080008930 ut=365
HMEM: read from 0000000080008938 ut=366
HMEM: read from 0000000080008940 ut=367
HMEM: read from 0000000080008948 ut=368
HMEM: read from 0000000080008950 ut=369
HMEM: read from 0000000080008958 ut=370
HMEM: read from 0000000080008960 ut=371
HMEM: read from 0000000080008968 ut=372
HMEM: read from 0000000080008970 ut=373
HMEM: read from 0000000080008978 ut=374
HMEM: read from 0000000080008980 ut=375
HMEM: read from 0000000080008988 ut=376
HMEM: read from 0000000080008990 ut=377
HMEM: read from 0000000080008998 ut=378
HMEM: read from 00000000800089a0 ut=379
HMEM: read from 00000000800089a8 ut=380
HMEM: read from 00000000800089b0 ut=381
HMEM: read from 00000000800089b8 ut=382
HMEM: read from 00000000800089c0 ut=383
HMEM: read from 00000000800089c8 ut=384
HMEM: read from 00000000800089d0 ut=385
HMEM: read from 00000000800089d8 ut=386
HMEM: read from 00000000800089e0 ut=387
HMEM: read from 00000000800089e8 ut=388
HMEM: read from 00000000800089f0 ut=389
HMEM: read from 00000000800089f8 ut=390
HMEM: read from 0000000080008a00 ut=391
HMEM: read from 0000000080008a08 ut=392
HMEM: read from 0000000080008a10 ut=393
HMEM: read from 0000000080008a18 ut=394
HMEM: read from 0000000080008a20 ut=395
HMEM: read from 0000000080008a28 ut=396
HMEM: read from 0000000080008a30 ut=397
HMEM: read from 0000000080008a38 ut=398
HMEM: read from 0000000080008a40 ut=399
HMEM: read from 0000000080008a48 ut=400
HMEM: read from 0000000080008a50 ut=401
HMEM: read from 0000000080008a58 ut=402
HMEM: read from 0000000080008a60 ut=403
HMEM: read from 0000000080008a68 ut=404
HMEM: read from 0000000080008a70 ut=405
HMEM: read from 0000000080008a78 ut=406
HMEM: read from 0000000080008a80 ut=407
HMEM: read from 0000000080008a88 ut=408
HMEM: read from 0000000080008a90 ut=409
HMEM: read from 0000000080008a98 ut=410
HMEM: read from 0000000080008aa0 ut=411
HMEM: read from 0000000080008aa8 ut=412
HMEM: read from 0000000080008ab0 ut=413
HMEM: read from 0000000080008ab8 ut=414
HMEM: read from 0000000080008ac0 ut=415
HMEM: read from 0000000080008ac8 ut=416
HMEM: read from 0000000080008ad0 ut=417
HMEM: read from 0000000080008ad8 ut=418
HMEM: read from 0000000080008ae0 ut=419
HMEM: read from 0000000080008ae8 ut=420
HMEM: read from 0000000080008af0 ut=421
HMEM: read from 0000000080008af8 ut=422
HMEM: read from 0000000080008b00 ut=423
HMEM: read from 0000000080008b08 ut=424
HMEM: read from 0000000080008b10 ut=425
HMEM: read from 0000000080008b18 ut=426
HMEM: read from 0000000080008b20 ut=427
HMEM: read from 0000000080008b28 ut=428
HMEM: read from 0000000080008b30 ut=429
HMEM: read from 0000000080008b38 ut=430
HMEM: read from 0000000080008b40 ut=431
HMEM: read from 0000000080008b48 ut=432
HMEM: read from 0000000080008b50 ut=433
HMEM: read from 0000000080008b58 ut=434
HMEM: read from 0000000080008b60 ut=435
HMEM: read from 0000000080008b68 ut=436
HMEM: read from 0000000080008b70 ut=437
HMEM: read from 0000000080008b78 ut=438
HMEM: read from 0000000080008b80 ut=439
HMEM: read from 0000000080008b88 ut=440
HMEM: read from 0000000080008b90 ut=441
HMEM: read from 0000000080008b98 ut=442
HMEM: read from 0000000080008ba0 ut=443
HMEM: read from 0000000080008ba8 ut=444
HMEM: read from 0000000080008bb0 ut=445
HMEM: read from 0000000080008bb8 ut=446
HMEM: read from 0000000080008bc0 ut=447
HMEM: read from 0000000080008bc8 ut=448
HMEM: read from 0000000080008bd0 ut=449
HMEM: read from 0000000080008bd8 ut=450
HMEM: read from 0000000080008be0 ut=451
HMEM: read from 0000000080008be8 ut=452
HMEM: read from 0000000080008bf0 ut=453
HMEM: read from 0000000080008bf8 ut=454
HMEM: read from 0000000080008c00 ut=455
HMEM: read from 0000000080008c08 ut=456
HMEM: read from 0000000080008c10 ut=457
HMEM: read from 0000000080008c18 ut=458
HMEM: read from 0000000080008c20 ut=459
HMEM: read from 0000000080008c28 ut=460
HMEM: read from 0000000080008c30 ut=461
HMEM: read from 0000000080008c38 ut=462
HMEM: read from 0000000080008c40 ut=463
HMEM: read from 0000000080008c48 ut=464
HMEM: read from 0000000080008c50 ut=465
HMEM: read from 0000000080008c58 ut=466
HMEM: read from 0000000080008c60 ut=467
HMEM: read from 0000000080008c68 ut=468
HMEM: read from 0000000080008c70 ut=469
HMEM: read from 0000000080008c78 ut=470
HMEM: read from 0000000080008c80 ut=471
HMEM: read from 0000000080008c88 ut=472
HMEM: read from 0000000080008c90 ut=473
HMEM: read from 0000000080008c98 ut=474
HMEM: read from 0000000080008ca0 ut=475
HMEM: read from 0000000080008ca8 ut=476
HMEM: read from 0000000080008cb0 ut=477
HMEM: read from 0000000080008cb8 ut=478
HMEM: read from 0000000080008cc0 ut=479
HMEM: read from 0000000080008cc8 ut=480
HMEM: read from 0000000080008cd0 ut=481
HMEM: read from 0000000080008cd8 ut=482
HMEM: read from 0000000080008ce0 ut=483
HMEM: read from 0000000080008ce8 ut=484
HMEM: read from 0000000080008cf0 ut=485
HMEM: read from 0000000080008cf8 ut=486
HMEM: read from 0000000080008d00 ut=487
HMEM: read from 0000000080008d08 ut=488
HMEM: read from 0000000080008d10 ut=489
HMEM: read from 0000000080008d18 ut=490
HMEM: read from 0000000080008d20 ut=491
HMEM: read from 0000000080008d28 ut=492
HMEM: read from 0000000080008d30 ut=493
HMEM: read from 0000000080008d38 ut=494
HMEM: read from 0000000080008d40 ut=495
HMEM: read from 0000000080008d48 ut=496
HMEM: read from 0000000080008d50 ut=497
HMEM: read from 0000000080008d58 ut=498
HMEM: read from 0000000080008d60 ut=499
HMEM: read from 0000000080008d68 ut=500
HMEM: read from 0000000080008d70 ut=501
HMEM: read from 0000000080008d78 ut=502
HMEM: read from 0000000080008d80 ut=503
HMEM: read from 0000000080008d88 ut=504
HMEM: read from 0000000080008d90 ut=505
HMEM: read from 0000000080008d98 ut=506
HMEM: read from 0000000080008da0 ut=507
HMEM: read from 0000000080008da8 ut=508
HMEM: read from 0000000080008db0 ut=509
HMEM: read from 0000000080008db8 ut=510
HMEM: read from 0000000080008dc0 ut=511
H: WT pc=0000000080002048 inst=80000a0600012b3f next=0000000080002050 vl=512 act=ffffffffffffffffffffffffffffffffffffffffffffffffffffffffffffffffffffffffffffffffffffffffffffffffffffffffffffffffffffffffffffffff
H: WT pc=0000000080002050 inst=a01c02023d022a3f next=0000000080002058 vl=512 act=ffffffffffffffffffffffffffffffffffffffffffffffffffffffffffffffffffffffffffffffffffffffffffffffffffffffffffffffffffffffffffffffff
HMEM: read from 0000000080007dcc ut=0
HMEM: read from 0000000080007dd4 ut=1
HMEM: read from 0000000080007ddc ut=2
HMEM: read from 0000000080007de4 ut=3
HMEM: read from 0000000080007dec ut=4
HMEM: read from 0000000080007df4 ut=5
HMEM: read from 0000000080007dfc ut=6
HMEM: read from 0000000080007e04 ut=7
HMEM: read from 0000000080007e0c ut=8
HMEM: read from 0000000080007e14 ut=9
HMEM: read from 0000000080007e1c ut=10
HMEM: read from 0000000080007e24 ut=11
HMEM: read from 0000000080007e2c ut=12
HMEM: read from 0000000080007e34 ut=13
HMEM: read from 0000000080007e3c ut=14
HMEM: read from 0000000080007e44 ut=15
HMEM: read from 0000000080007e4c ut=16
HMEM: read from 0000000080007e54 ut=17
HMEM: read from 0000000080007e5c ut=18
HMEM: read from 0000000080007e64 ut=19
HMEM: read from 0000000080007e6c ut=20
HMEM: read from 0000000080007e74 ut=21
HMEM: read from 0000000080007e7c ut=22
HMEM: read from 0000000080007e84 ut=23
HMEM: read from 0000000080007e8c ut=24
HMEM: read from 0000000080007e94 ut=25
HMEM: read from 0000000080007e9c ut=26
HMEM: read from 0000000080007ea4 ut=27
HMEM: read from 0000000080007eac ut=28
HMEM: read from 0000000080007eb4 ut=29
HMEM: read from 0000000080007ebc ut=30
HMEM: read from 0000000080007ec4 ut=31
HMEM: read from 0000000080007ecc ut=32
HMEM: read from 0000000080007ed4 ut=33
HMEM: read from 0000000080007edc ut=34
HMEM: read from 0000000080007ee4 ut=35
HMEM: read from 0000000080007eec ut=36
HMEM: read from 0000000080007ef4 ut=37
HMEM: read from 0000000080007efc ut=38
HMEM: read from 0000000080007f04 ut=39
HMEM: read from 0000000080007f0c ut=40
HMEM: read from 0000000080007f14 ut=41
HMEM: read from 0000000080007f1c ut=42
HMEM: read from 0000000080007f24 ut=43
HMEM: read from 0000000080007f2c ut=44
HMEM: read from 0000000080007f34 ut=45
HMEM: read from 0000000080007f3c ut=46
HMEM: read from 0000000080007f44 ut=47
HMEM: read from 0000000080007f4c ut=48
HMEM: read from 0000000080007f54 ut=49
HMEM: read from 0000000080007f5c ut=50
HMEM: read from 0000000080007f64 ut=51
HMEM: read from 0000000080007f6c ut=52
HMEM: read from 0000000080007f74 ut=53
HMEM: read from 0000000080007f7c ut=54
HMEM: read from 0000000080007f84 ut=55
HMEM: read from 0000000080007f8c ut=56
HMEM: read from 0000000080007f94 ut=57
HMEM: read from 0000000080007f9c ut=58
HMEM: read from 0000000080007fa4 ut=59
HMEM: read from 0000000080007fac ut=60
HMEM: read from 0000000080007fb4 ut=61
HMEM: read from 0000000080007fbc ut=62
HMEM: read from 0000000080007fc4 ut=63
HMEM: read from 0000000080007fcc ut=64
HMEM: read from 0000000080007fd4 ut=65
HMEM: read from 0000000080007fdc ut=66
HMEM: read from 0000000080007fe4 ut=67
HMEM: read from 0000000080007fec ut=68
HMEM: read from 0000000080007ff4 ut=69
HMEM: read from 0000000080007ffc ut=70
HMEM: read from 0000000080008004 ut=71
HMEM: read from 000000008000800c ut=72
HMEM: read from 0000000080008014 ut=73
HMEM: read from 000000008000801c ut=74
HMEM: read from 0000000080008024 ut=75
HMEM: read from 000000008000802c ut=76
HMEM: read from 0000000080008034 ut=77
HMEM: read from 000000008000803c ut=78
HMEM: read from 0000000080008044 ut=79
HMEM: read from 000000008000804c ut=80
HMEM: read from 0000000080008054 ut=81
HMEM: read from 000000008000805c ut=82
HMEM: read from 0000000080008064 ut=83
HMEM: read from 000000008000806c ut=84
HMEM: read from 0000000080008074 ut=85
HMEM: read from 000000008000807c ut=86
HMEM: read from 0000000080008084 ut=87
HMEM: read from 000000008000808c ut=88
HMEM: read from 0000000080008094 ut=89
HMEM: read from 000000008000809c ut=90
HMEM: read from 00000000800080a4 ut=91
HMEM: read from 00000000800080ac ut=92
HMEM: read from 00000000800080b4 ut=93
HMEM: read from 00000000800080bc ut=94
HMEM: read from 00000000800080c4 ut=95
HMEM: read from 00000000800080cc ut=96
HMEM: read from 00000000800080d4 ut=97
HMEM: read from 00000000800080dc ut=98
HMEM: read from 00000000800080e4 ut=99
HMEM: read from 00000000800080ec ut=100
HMEM: read from 00000000800080f4 ut=101
HMEM: read from 00000000800080fc ut=102
HMEM: read from 0000000080008104 ut=103
HMEM: read from 000000008000810c ut=104
HMEM: read from 0000000080008114 ut=105
HMEM: read from 000000008000811c ut=106
HMEM: read from 0000000080008124 ut=107
HMEM: read from 000000008000812c ut=108
HMEM: read from 0000000080008134 ut=109
HMEM: read from 000000008000813c ut=110
HMEM: read from 0000000080008144 ut=111
HMEM: read from 000000008000814c ut=112
HMEM: read from 0000000080008154 ut=113
HMEM: read from 000000008000815c ut=114
HMEM: read from 0000000080008164 ut=115
HMEM: read from 000000008000816c ut=116
HMEM: read from 0000000080008174 ut=117
HMEM: read from 000000008000817c ut=118
HMEM: read from 0000000080008184 ut=119
HMEM: read from 000000008000818c ut=120
HMEM: read from 0000000080008194 ut=121
HMEM: read from 000000008000819c ut=122
HMEM: read from 00000000800081a4 ut=123
HMEM: read from 00000000800081ac ut=124
HMEM: read from 00000000800081b4 ut=125
HMEM: read from 00000000800081bc ut=126
HMEM: read from 00000000800081c4 ut=127
HMEM: read from 00000000800081cc ut=128
HMEM: read from 00000000800081d4 ut=129
HMEM: read from 00000000800081dc ut=130
HMEM: read from 00000000800081e4 ut=131
HMEM: read from 00000000800081ec ut=132
HMEM: read from 00000000800081f4 ut=133
HMEM: read from 00000000800081fc ut=134
HMEM: read from 0000000080008204 ut=135
HMEM: read from 000000008000820c ut=136
HMEM: read from 0000000080008214 ut=137
HMEM: read from 000000008000821c ut=138
HMEM: read from 0000000080008224 ut=139
HMEM: read from 000000008000822c ut=140
HMEM: read from 0000000080008234 ut=141
HMEM: read from 000000008000823c ut=142
HMEM: read from 0000000080008244 ut=143
HMEM: read from 000000008000824c ut=144
HMEM: read from 0000000080008254 ut=145
HMEM: read from 000000008000825c ut=146
HMEM: read from 0000000080008264 ut=147
HMEM: read from 000000008000826c ut=148
HMEM: read from 0000000080008274 ut=149
HMEM: read from 000000008000827c ut=150
HMEM: read from 0000000080008284 ut=151
HMEM: read from 000000008000828c ut=152
HMEM: read from 0000000080008294 ut=153
HMEM: read from 000000008000829c ut=154
HMEM: read from 00000000800082a4 ut=155
HMEM: read from 00000000800082ac ut=156
HMEM: read from 00000000800082b4 ut=157
HMEM: read from 00000000800082bc ut=158
HMEM: read from 00000000800082c4 ut=159
HMEM: read from 00000000800082cc ut=160
HMEM: read from 00000000800082d4 ut=161
HMEM: read from 00000000800082dc ut=162
HMEM: read from 00000000800082e4 ut=163
HMEM: read from 00000000800082ec ut=164
HMEM: read from 00000000800082f4 ut=165
HMEM: read from 00000000800082fc ut=166
HMEM: read from 0000000080008304 ut=167
HMEM: read from 000000008000830c ut=168
HMEM: read from 0000000080008314 ut=169
HMEM: read from 000000008000831c ut=170
HMEM: read from 0000000080008324 ut=171
HMEM: read from 000000008000832c ut=172
HMEM: read from 0000000080008334 ut=173
HMEM: read from 000000008000833c ut=174
HMEM: read from 0000000080008344 ut=175
HMEM: read from 000000008000834c ut=176
HMEM: read from 0000000080008354 ut=177
HMEM: read from 000000008000835c ut=178
HMEM: read from 0000000080008364 ut=179
HMEM: read from 000000008000836c ut=180
HMEM: read from 0000000080008374 ut=181
HMEM: read from 000000008000837c ut=182
HMEM: read from 0000000080008384 ut=183
HMEM: read from 000000008000838c ut=184
HMEM: read from 0000000080008394 ut=185
HMEM: read from 000000008000839c ut=186
HMEM: read from 00000000800083a4 ut=187
HMEM: read from 00000000800083ac ut=188
HMEM: read from 00000000800083b4 ut=189
HMEM: read from 00000000800083bc ut=190
HMEM: read from 00000000800083c4 ut=191
HMEM: read from 00000000800083cc ut=192
HMEM: read from 00000000800083d4 ut=193
HMEM: read from 00000000800083dc ut=194
HMEM: read from 00000000800083e4 ut=195
HMEM: read from 00000000800083ec ut=196
HMEM: read from 00000000800083f4 ut=197
HMEM: read from 00000000800083fc ut=198
HMEM: read from 0000000080008404 ut=199
HMEM: read from 000000008000840c ut=200
HMEM: read from 0000000080008414 ut=201
HMEM: read from 000000008000841c ut=202
HMEM: read from 0000000080008424 ut=203
HMEM: read from 000000008000842c ut=204
HMEM: read from 0000000080008434 ut=205
HMEM: read from 000000008000843c ut=206
HMEM: read from 0000000080008444 ut=207
HMEM: read from 000000008000844c ut=208
HMEM: read from 0000000080008454 ut=209
HMEM: read from 000000008000845c ut=210
HMEM: read from 0000000080008464 ut=211
HMEM: read from 000000008000846c ut=212
HMEM: read from 0000000080008474 ut=213
HMEM: read from 000000008000847c ut=214
HMEM: read from 0000000080008484 ut=215
HMEM: read from 000000008000848c ut=216
HMEM: read from 0000000080008494 ut=217
HMEM: read from 000000008000849c ut=218
HMEM: read from 00000000800084a4 ut=219
HMEM: read from 00000000800084ac ut=220
HMEM: read from 00000000800084b4 ut=221
HMEM: read from 00000000800084bc ut=222
HMEM: read from 00000000800084c4 ut=223
HMEM: read from 00000000800084cc ut=224
HMEM: read from 00000000800084d4 ut=225
HMEM: read from 00000000800084dc ut=226
HMEM: read from 00000000800084e4 ut=227
HMEM: read from 00000000800084ec ut=228
HMEM: read from 00000000800084f4 ut=229
HMEM: read from 00000000800084fc ut=230
HMEM: read from 0000000080008504 ut=231
HMEM: read from 000000008000850c ut=232
HMEM: read from 0000000080008514 ut=233
HMEM: read from 000000008000851c ut=234
HMEM: read from 0000000080008524 ut=235
HMEM: read from 000000008000852c ut=236
HMEM: read from 0000000080008534 ut=237
HMEM: read from 000000008000853c ut=238
HMEM: read from 0000000080008544 ut=239
HMEM: read from 000000008000854c ut=240
HMEM: read from 0000000080008554 ut=241
HMEM: read from 000000008000855c ut=242
HMEM: read from 0000000080008564 ut=243
HMEM: read from 000000008000856c ut=244
HMEM: read from 0000000080008574 ut=245
HMEM: read from 000000008000857c ut=246
HMEM: read from 0000000080008584 ut=247
HMEM: read from 000000008000858c ut=248
HMEM: read from 0000000080008594 ut=249
HMEM: read from 000000008000859c ut=250
HMEM: read from 00000000800085a4 ut=251
HMEM: read from 00000000800085ac ut=252
HMEM: read from 00000000800085b4 ut=253
HMEM: read from 00000000800085bc ut=254
HMEM: read from 00000000800085c4 ut=255
HMEM: read from 00000000800085cc ut=256
HMEM: read from 00000000800085d4 ut=257
HMEM: read from 00000000800085dc ut=258
HMEM: read from 00000000800085e4 ut=259
HMEM: read from 00000000800085ec ut=260
HMEM: read from 00000000800085f4 ut=261
HMEM: read from 00000000800085fc ut=262
HMEM: read from 0000000080008604 ut=263
HMEM: read from 000000008000860c ut=264
HMEM: read from 0000000080008614 ut=265
HMEM: read from 000000008000861c ut=266
HMEM: read from 0000000080008624 ut=267
HMEM: read from 000000008000862c ut=268
HMEM: read from 0000000080008634 ut=269
HMEM: read from 000000008000863c ut=270
HMEM: read from 0000000080008644 ut=271
HMEM: read from 000000008000864c ut=272
HMEM: read from 0000000080008654 ut=273
HMEM: read from 000000008000865c ut=274
HMEM: read from 0000000080008664 ut=275
HMEM: read from 000000008000866c ut=276
HMEM: read from 0000000080008674 ut=277
HMEM: read from 000000008000867c ut=278
HMEM: read from 0000000080008684 ut=279
HMEM: read from 000000008000868c ut=280
HMEM: read from 0000000080008694 ut=281
HMEM: read from 000000008000869c ut=282
HMEM: read from 00000000800086a4 ut=283
HMEM: read from 00000000800086ac ut=284
HMEM: read from 00000000800086b4 ut=285
HMEM: read from 00000000800086bc ut=286
HMEM: read from 00000000800086c4 ut=287
HMEM: read from 00000000800086cc ut=288
HMEM: read from 00000000800086d4 ut=289
HMEM: read from 00000000800086dc ut=290
HMEM: read from 00000000800086e4 ut=291
HMEM: read from 00000000800086ec ut=292
HMEM: read from 00000000800086f4 ut=293
HMEM: read from 00000000800086fc ut=294
HMEM: read from 0000000080008704 ut=295
HMEM: read from 000000008000870c ut=296
HMEM: read from 0000000080008714 ut=297
HMEM: read from 000000008000871c ut=298
HMEM: read from 0000000080008724 ut=299
HMEM: read from 000000008000872c ut=300
HMEM: read from 0000000080008734 ut=301
HMEM: read from 000000008000873c ut=302
HMEM: read from 0000000080008744 ut=303
HMEM: read from 000000008000874c ut=304
HMEM: read from 0000000080008754 ut=305
HMEM: read from 000000008000875c ut=306
HMEM: read from 0000000080008764 ut=307
HMEM: read from 000000008000876c ut=308
HMEM: read from 0000000080008774 ut=309
HMEM: read from 000000008000877c ut=310
HMEM: read from 0000000080008784 ut=311
HMEM: read from 000000008000878c ut=312
HMEM: read from 0000000080008794 ut=313
HMEM: read from 000000008000879c ut=314
HMEM: read from 00000000800087a4 ut=315
HMEM: read from 00000000800087ac ut=316
HMEM: read from 00000000800087b4 ut=317
HMEM: read from 00000000800087bc ut=318
HMEM: read from 00000000800087c4 ut=319
HMEM: read from 00000000800087cc ut=320
HMEM: read from 00000000800087d4 ut=321
HMEM: read from 00000000800087dc ut=322
HMEM: read from 00000000800087e4 ut=323
HMEM: read from 00000000800087ec ut=324
HMEM: read from 00000000800087f4 ut=325
HMEM: read from 00000000800087fc ut=326
HMEM: read from 0000000080008804 ut=327
HMEM: read from 000000008000880c ut=328
HMEM: read from 0000000080008814 ut=329
HMEM: read from 000000008000881c ut=330
HMEM: read from 0000000080008824 ut=331
HMEM: read from 000000008000882c ut=332
HMEM: read from 0000000080008834 ut=333
HMEM: read from 000000008000883c ut=334
HMEM: read from 0000000080008844 ut=335
HMEM: read from 000000008000884c ut=336
HMEM: read from 0000000080008854 ut=337
HMEM: read from 000000008000885c ut=338
HMEM: read from 0000000080008864 ut=339
HMEM: read from 000000008000886c ut=340
HMEM: read from 0000000080008874 ut=341
HMEM: read from 000000008000887c ut=342
HMEM: read from 0000000080008884 ut=343
HMEM: read from 000000008000888c ut=344
HMEM: read from 0000000080008894 ut=345
HMEM: read from 000000008000889c ut=346
HMEM: read from 00000000800088a4 ut=347
HMEM: read from 00000000800088ac ut=348
HMEM: read from 00000000800088b4 ut=349
HMEM: read from 00000000800088bc ut=350
HMEM: read from 00000000800088c4 ut=351
HMEM: read from 00000000800088cc ut=352
HMEM: read from 00000000800088d4 ut=353
HMEM: read from 00000000800088dc ut=354
HMEM: read from 00000000800088e4 ut=355
HMEM: read from 00000000800088ec ut=356
HMEM: read from 00000000800088f4 ut=357
HMEM: read from 00000000800088fc ut=358
HMEM: read from 0000000080008904 ut=359
HMEM: read from 000000008000890c ut=360
HMEM: read from 0000000080008914 ut=361
HMEM: read from 000000008000891c ut=362
HMEM: read from 0000000080008924 ut=363
HMEM: read from 000000008000892c ut=364
HMEM: read from 0000000080008934 ut=365
HMEM: read from 000000008000893c ut=366
HMEM: read from 0000000080008944 ut=367
HMEM: read from 000000008000894c ut=368
HMEM: read from 0000000080008954 ut=369
HMEM: read from 000000008000895c ut=370
HMEM: read from 0000000080008964 ut=371
HMEM: read from 000000008000896c ut=372
HMEM: read from 0000000080008974 ut=373
HMEM: read from 000000008000897c ut=374
HMEM: read from 0000000080008984 ut=375
HMEM: read from 000000008000898c ut=376
HMEM: read from 0000000080008994 ut=377
HMEM: read from 000000008000899c ut=378
HMEM: read from 00000000800089a4 ut=379
HMEM: read from 00000000800089ac ut=380
HMEM: read from 00000000800089b4 ut=381
HMEM: read from 00000000800089bc ut=382
HMEM: read from 00000000800089c4 ut=383
HMEM: read from 00000000800089cc ut=384
HMEM: read from 00000000800089d4 ut=385
HMEM: read from 00000000800089dc ut=386
HMEM: read from 00000000800089e4 ut=387
HMEM: read from 00000000800089ec ut=388
HMEM: read from 00000000800089f4 ut=389
HMEM: read from 00000000800089fc ut=390
HMEM: read from 0000000080008a04 ut=391
HMEM: read from 0000000080008a0c ut=392
HMEM: read from 0000000080008a14 ut=393
HMEM: read from 0000000080008a1c ut=394
HMEM: read from 0000000080008a24 ut=395
HMEM: read from 0000000080008a2c ut=396
HMEM: read from 0000000080008a34 ut=397
HMEM: read from 0000000080008a3c ut=398
HMEM: read from 0000000080008a44 ut=399
HMEM: read from 0000000080008a4c ut=400
HMEM: read from 0000000080008a54 ut=401
HMEM: read from 0000000080008a5c ut=402
HMEM: read from 0000000080008a64 ut=403
HMEM: read from 0000000080008a6c ut=404
HMEM: read from 0000000080008a74 ut=405
HMEM: read from 0000000080008a7c ut=406
HMEM: read from 0000000080008a84 ut=407
HMEM: read from 0000000080008a8c ut=408
HMEM: read from 0000000080008a94 ut=409
HMEM: read from 0000000080008a9c ut=410
HMEM: read from 0000000080008aa4 ut=411
HMEM: read from 0000000080008aac ut=412
HMEM: read from 0000000080008ab4 ut=413
HMEM: read from 0000000080008abc ut=414
HMEM: read from 0000000080008ac4 ut=415
HMEM: read from 0000000080008acc ut=416
HMEM: read from 0000000080008ad4 ut=417
HMEM: read from 0000000080008adc ut=418
HMEM: read from 0000000080008ae4 ut=419
HMEM: read from 0000000080008aec ut=420
HMEM: read from 0000000080008af4 ut=421
HMEM: read from 0000000080008afc ut=422
HMEM: read from 0000000080008b04 ut=423
HMEM: read from 0000000080008b0c ut=424
HMEM: read from 0000000080008b14 ut=425
HMEM: read from 0000000080008b1c ut=426
HMEM: read from 0000000080008b24 ut=427
HMEM: read from 0000000080008b2c ut=428
HMEM: read from 0000000080008b34 ut=429
HMEM: read from 0000000080008b3c ut=430
HMEM: read from 0000000080008b44 ut=431
HMEM: read from 0000000080008b4c ut=432
HMEM: read from 0000000080008b54 ut=433
HMEM: read from 0000000080008b5c ut=434
HMEM: read from 0000000080008b64 ut=435
HMEM: read from 0000000080008b6c ut=436
HMEM: read from 0000000080008b74 ut=437
HMEM: read from 0000000080008b7c ut=438
HMEM: read from 0000000080008b84 ut=439
HMEM: read from 0000000080008b8c ut=440
HMEM: read from 0000000080008b94 ut=441
HMEM: read from 0000000080008b9c ut=442
HMEM: read from 0000000080008ba4 ut=443
HMEM: read from 0000000080008bac ut=444
HMEM: read from 0000000080008bb4 ut=445
HMEM: read from 0000000080008bbc ut=446
HMEM: read from 0000000080008bc4 ut=447
HMEM: read from 0000000080008bcc ut=448
HMEM: read from 0000000080008bd4 ut=449
HMEM: read from 0000000080008bdc ut=450
HMEM: read from 0000000080008be4 ut=451
HMEM: read from 0000000080008bec ut=452
HMEM: read from 0000000080008bf4 ut=453
HMEM: read from 0000000080008bfc ut=454
HMEM: read from 0000000080008c04 ut=455
HMEM: read from 0000000080008c0c ut=456
HMEM: read from 0000000080008c14 ut=457
HMEM: read from 0000000080008c1c ut=458
HMEM: read from 0000000080008c24 ut=459
HMEM: read from 0000000080008c2c ut=460
HMEM: read from 0000000080008c34 ut=461
HMEM: read from 0000000080008c3c ut=462
HMEM: read from 0000000080008c44 ut=463
HMEM: read from 0000000080008c4c ut=464
HMEM: read from 0000000080008c54 ut=465
HMEM: read from 0000000080008c5c ut=466
HMEM: read from 0000000080008c64 ut=467
HMEM: read from 0000000080008c6c ut=468
HMEM: read from 0000000080008c74 ut=469
HMEM: read from 0000000080008c7c ut=470
HMEM: read from 0000000080008c84 ut=471
HMEM: read from 0000000080008c8c ut=472
HMEM: read from 0000000080008c94 ut=473
HMEM: read from 0000000080008c9c ut=474
HMEM: read from 0000000080008ca4 ut=475
HMEM: read from 0000000080008cac ut=476
HMEM: read from 0000000080008cb4 ut=477
HMEM: read from 0000000080008cbc ut=478
HMEM: read from 0000000080008cc4 ut=479
HMEM: read from 0000000080008ccc ut=480
HMEM: read from 0000000080008cd4 ut=481
HMEM: read from 0000000080008cdc ut=482
HMEM: read from 0000000080008ce4 ut=483
HMEM: read from 0000000080008cec ut=484
HMEM: read from 0000000080008cf4 ut=485
HMEM: read from 0000000080008cfc ut=486
HMEM: read from 0000000080008d04 ut=487
HMEM: read from 0000000080008d0c ut=488
HMEM: read from 0000000080008d14 ut=489
HMEM: read from 0000000080008d1c ut=490
HMEM: read from 0000000080008d24 ut=491
HMEM: read from 0000000080008d2c ut=492
HMEM: read from 0000000080008d34 ut=493
HMEM: read from 0000000080008d3c ut=494
HMEM: read from 0000000080008d44 ut=495
HMEM: read from 0000000080008d4c ut=496
HMEM: read from 0000000080008d54 ut=497
HMEM: read from 0000000080008d5c ut=498
HMEM: read from 0000000080008d64 ut=499
HMEM: read from 0000000080008d6c ut=500
HMEM: read from 0000000080008d74 ut=501
HMEM: read from 0000000080008d7c ut=502
HMEM: read from 0000000080008d84 ut=503
HMEM: read from 0000000080008d8c ut=504
HMEM: read from 0000000080008d94 ut=505
HMEM: read from 0000000080008d9c ut=506
HMEM: read from 0000000080008da4 ut=507
HMEM: read from 0000000080008dac ut=508
HMEM: read from 0000000080008db4 ut=509
HMEM: read from 0000000080008dbc ut=510
HMEM: read from 0000000080008dc4 ut=511
H: WT pc=0000000080002058 inst=80000a0801012b3f next=0000000080002060 vl=512 act=ffffffffffffffffffffffffffffffffffffffffffffffffffffffffffffffffffffffffffffffffffffffffffffffffffffffffffffffffffffffffffffffff
H: WT pc=0000000080002060 inst=a01c02023c032a3f next=0000000080002068 vl=512 act=ffffffffffffffffffffffffffffffffffffffffffffffffffffffffffffffffffffffffffffffffffffffffffffffffffffffffffffffffffffffffffffffff
H: WT pc=0000000080002068 inst=e01c040603032a3f next=0000000080002070 vl=512 act=ffffffffffffffffffffffffffffffffffffffffffffffffffffffffffffffffffffffffffffffffffffffffffffffffffffffffffffffffffffffffffffffff
H: WT pc=0000000080002070 inst=f01c06040202283f next=0000000080002078 vl=512 act=ffffffffffffffffffffffffffffffffffffffffffffffffffffffffffffffffffffffffffffffffffffffffffffffffffffffffffffffffffffffffffffffff
H: WT pc=0000000080002078 inst=c01c160002022a3f next=0000000080002080 vl=512 act=ffffffffffffffffffffffffffffffffffffffffffffffffffffffffffffffffffffffffffffffffffffffffffffffffffffffffffffffffffffffffffffffff
HMEM: write 00000000800055c8 with 00000000437273d5 ut=0
HMEM: write 00000000800055cc with 0000000042f52871 ut=1
HMEM: write 00000000800055d0 with 00000000424de70c ut=2
HMEM: write 00000000800055d4 with 000000004287f5cb ut=3
HMEM: write 00000000800055d8 with 0000000042779316 ut=4
HMEM: write 00000000800055dc with 0000000042481f85 ut=5
HMEM: write 00000000800055e0 with 0000000042314335 ut=6
HMEM: write 00000000800055e4 with 000000004337f2af ut=7
HMEM: write 00000000800055e8 with 0000000042930d5e ut=8
HMEM: write 00000000800055ec with 00000000433afdc3 ut=9
HMEM: write 00000000800055f0 with 00000000428e31f3 ut=10
HMEM: write 00000000800055f4 with 00000000434a1280 ut=11
HMEM: write 00000000800055f8 with 0000000043481d13 ut=12
HMEM: write 00000000800055fc with 00000000433a5d58 ut=13
HMEM: write 0000000080005600 with 0000000042d0f8cd ut=14
HMEM: write 0000000080005604 with 00000000413517bb ut=15
HMEM: write 0000000080005608 with 0000000043865e2d ut=16
HMEM: write 000000008000560c with 000000004351ad7e ut=17
HMEM: write 0000000080005610 with 000000004256d364 ut=18
HMEM: write 0000000080005614 with 0000000042f9ad42 ut=19
HMEM: write 0000000080005618 with 000000004336a12e ut=20
HMEM: write 000000008000561c with 000000004234d5fe ut=21
HMEM: write 0000000080005620 with 0000000042b5a49a ut=22
HMEM: write 0000000080005624 with 000000004307f366 ut=23
HMEM: write 0000000080005628 with 0000000042d399ae ut=24
HMEM: write 000000008000562c with 0000000042bd51ea ut=25
HMEM: write 0000000080005630 with 000000004241eb74 ut=26
HMEM: write 0000000080005634 with 0000000042c037d1 ut=27
HMEM: write 0000000080005638 with 000000004273d8b0 ut=28
HMEM: write 000000008000563c with 0000000042b043e1 ut=29
HMEM: write 0000000080005640 with 0000000042b031f0 ut=30
HMEM: write 0000000080005644 with 0000000043696162 ut=31
HMEM: write 0000000080005648 with 00000000434733b4 ut=32
HMEM: write 000000008000564c with 0000000042b7c0c9 ut=33
HMEM: write 0000000080005650 with 00000000425d21bd ut=34
HMEM: write 0000000080005654 with 00000000428022a7 ut=35
HMEM: write 0000000080005658 with 00000000428a170f ut=36
HMEM: write 000000008000565c with 000000004338e32b ut=37
HMEM: write 0000000080005660 with 0000000042ee1fdd ut=38
HMEM: write 0000000080005664 with 000000004383898d ut=39
HMEM: write 0000000080005668 with 00000000410cf2f9 ut=40
HMEM: write 000000008000566c with 0000000042b4d0b1 ut=41
HMEM: write 0000000080005670 with 0000000042bafbde ut=42
HMEM: write 0000000080005674 with 0000000042ff2c8e ut=43
HMEM: write 0000000080005678 with 0000000042b9d695 ut=44
HMEM: write 000000008000567c with 00000000430d5567 ut=45
HMEM: write 0000000080005680 with 0000000042ca357b ut=46
HMEM: write 0000000080005684 with 0000000042afea34 ut=47
HMEM: write 0000000080005688 with 000000004290bd95 ut=48
HMEM: write 000000008000568c with 0000000042390f4c ut=49
HMEM: write 0000000080005690 with 0000000043079be4 ut=50
HMEM: write 0000000080005694 with 000000004383017f ut=51
HMEM: write 0000000080005698 with 0000000042b7017b ut=52
HMEM: write 000000008000569c with 0000000042f3edfe ut=53
HMEM: write 00000000800056a0 with 00000000435d1175 ut=54
HMEM: write 00000000800056a4 with 000000004341d028 ut=55
HMEM: write 00000000800056a8 with 0000000041c98785 ut=56
HMEM: write 00000000800056ac with 000000004223b560 ut=57
HMEM: write 00000000800056b0 with 0000000042368e04 ut=58
HMEM: write 00000000800056b4 with 0000000042ae392f ut=59
HMEM: write 00000000800056b8 with 0000000041d214d3 ut=60
HMEM: write 00000000800056bc with 000000004322de5e ut=61
HMEM: write 00000000800056c0 with 00000000435e78a7 ut=62
HMEM: write 00000000800056c4 with 0000000042b90db0 ut=63
HMEM: write 00000000800056c8 with 0000000042b26cf6 ut=64
HMEM: write 00000000800056cc with 00000000423a5662 ut=65
HMEM: write 00000000800056d0 with 00000000422b4a87 ut=66
HMEM: write 00000000800056d4 with 00000000424cfbe4 ut=67
HMEM: write 00000000800056d8 with 00000000425440e5 ut=68
HMEM: write 00000000800056dc with 000000004385de3e ut=69
HMEM: write 00000000800056e0 with 0000000042f5f5ea ut=70
HMEM: write 00000000800056e4 with 0000000042c08fe8 ut=71
HMEM: write 00000000800056e8 with 0000000041356cbd ut=72
HMEM: write 00000000800056ec with 00000000436fb778 ut=73
HMEM: write 00000000800056f0 with 00000000426b4665 ut=74
HMEM: write 00000000800056f4 with 000000004311917a ut=75
HMEM: write 00000000800056f8 with 0000000043181e73 ut=76
HMEM: write 00000000800056fc with 000000004239c443 ut=77
HMEM: write 0000000080005700 with 00000000432da2d7 ut=78
HMEM: write 0000000080005704 with 0000000042803532 ut=79
HMEM: write 0000000080005708 with 00000000434c6d4c ut=80
HMEM: write 000000008000570c with 0000000042b1c81f ut=81
HMEM: write 0000000080005710 with 0000000043579d00 ut=82
HMEM: write 0000000080005714 with 0000000042da13d3 ut=83
HMEM: write 0000000080005718 with 0000000041711fda ut=84
HMEM: write 000000008000571c with 0000000042dff520 ut=85
HMEM: write 0000000080005720 with 0000000043626e27 ut=86
HMEM: write 0000000080005724 with 0000000043077ed8 ut=87
HMEM: write 0000000080005728 with 00000000428b68d8 ut=88
HMEM: write 000000008000572c with 00000000433bd842 ut=89
HMEM: write 0000000080005730 with 000000004330e0c6 ut=90
HMEM: write 0000000080005734 with 0000000042a3a536 ut=91
HMEM: write 0000000080005738 with 00000000435b729e ut=92
HMEM: write 000000008000573c with 0000000042628506 ut=93
HMEM: write 0000000080005740 with 0000000042408452 ut=94
HMEM: write 0000000080005744 with 00000000432ccf1e ut=95
HMEM: write 0000000080005748 with 0000000043368655 ut=96
HMEM: write 000000008000574c with 0000000041b3b9fc ut=97
HMEM: write 0000000080005750 with 000000004381eae3 ut=98
HMEM: write 0000000080005754 with 0000000041969d85 ut=99
HMEM: write 0000000080005758 with 000000004209d2df ut=100
HMEM: write 000000008000575c with 0000000043129727 ut=101
HMEM: write 0000000080005760 with 0000000042a4d89a ut=102
HMEM: write 0000000080005764 with 0000000042faa1e7 ut=103
HMEM: write 0000000080005768 with 0000000041f5724e ut=104
HMEM: write 000000008000576c with 0000000041a46d8d ut=105
HMEM: write 0000000080005770 with 00000000426a0754 ut=106
HMEM: write 0000000080005774 with 0000000043263d53 ut=107
HMEM: write 0000000080005778 with 0000000042dd51da ut=108
HMEM: write 000000008000577c with 000000004383b3f7 ut=109
HMEM: write 0000000080005780 with 00000000436027ed ut=110
HMEM: write 0000000080005784 with 000000004355f97e ut=111
HMEM: write 0000000080005788 with 0000000042b963d3 ut=112
HMEM: write 000000008000578c with 000000004251396a ut=113
HMEM: write 0000000080005790 with 00000000432aa60a ut=114
HMEM: write 0000000080005794 with 00000000428ca0f6 ut=115
HMEM: write 0000000080005798 with 0000000042947c04 ut=116
HMEM: write 000000008000579c with 00000000434dbde6 ut=117
HMEM: write 00000000800057a0 with 0000000041b20410 ut=118
HMEM: write 00000000800057a4 with 0000000043617c49 ut=119
HMEM: write 00000000800057a8 with 00000000433bc7e0 ut=120
HMEM: write 00000000800057ac with 000000004313cd92 ut=121
HMEM: write 00000000800057b0 with 000000004201c96d ut=122
HMEM: write 00000000800057b4 with 0000000042ec756f ut=123
HMEM: write 00000000800057b8 with 0000000042bb796a ut=124
HMEM: write 00000000800057bc with 00000000421e7491 ut=125
HMEM: write 00000000800057c0 with 000000004300b8f2 ut=126
HMEM: write 00000000800057c4 with 00000000433e7570 ut=127
HMEM: write 00000000800057c8 with 0000000042126f0d ut=128
HMEM: write 00000000800057cc with 0000000042c5d155 ut=129
HMEM: write 00000000800057d0 with 0000000042331b39 ut=130
HMEM: write 00000000800057d4 with 0000000042929079 ut=131
HMEM: write 00000000800057d8 with 0000000042ba1803 ut=132
HMEM: write 00000000800057dc with 0000000042ae7aaa ut=133
HMEM: write 00000000800057e0 with 00000000434872ec ut=134
HMEM: write 00000000800057e4 with 00000000428fdd49 ut=135
HMEM: write 00000000800057e8 with 00000000425d29c7 ut=136
HMEM: write 00000000800057ec with 00000000430b324e ut=137
HMEM: write 00000000800057f0 with 00000000431fa762 ut=138
HMEM: write 00000000800057f4 with 0000000042c639a6 ut=139
HMEM: write 00000000800057f8 with 000000004295d4c7 ut=140
HMEM: write 00000000800057fc with 0000000043807fb0 ut=141
HMEM: write 0000000080005800 with 00000000432dff49 ut=142
HMEM: write 0000000080005804 with 0000000042b9fbe1 ut=143
HMEM: write 0000000080005808 with 0000000042431f83 ut=144
HMEM: write 000000008000580c with 0000000042db11da ut=145
HMEM: write 0000000080005810 with 0000000042afbe2d ut=146
HMEM: write 0000000080005814 with 0000000042744c5b ut=147
HMEM: write 0000000080005818 with 0000000041569936 ut=148
HMEM: write 000000008000581c with 00000000421611c2 ut=149
HMEM: write 0000000080005820 with 0000000043503066 ut=150
HMEM: write 0000000080005824 with 0000000040fc58ce ut=151
HMEM: write 0000000080005828 with 0000000042a707e5 ut=152
HMEM: write 000000008000582c with 0000000042ef7512 ut=153
HMEM: write 0000000080005830 with 0000000043391374 ut=154
HMEM: write 0000000080005834 with 00000000430cc091 ut=155
HMEM: write 0000000080005838 with 000000004386472d ut=156
HMEM: write 000000008000583c with 000000004263d8ac ut=157
HMEM: write 0000000080005840 with 0000000042891035 ut=158
HMEM: write 0000000080005844 with 00000000437abdc6 ut=159
HMEM: write 0000000080005848 with 0000000043795923 ut=160
HMEM: write 000000008000584c with 000000004340c6ba ut=161
HMEM: write 0000000080005850 with 0000000042b7f1c2 ut=162
HMEM: write 0000000080005854 with 0000000042ec9da3 ut=163
HMEM: write 0000000080005858 with 0000000042528887 ut=164
HMEM: write 000000008000585c with 00000000408b63a7 ut=165
HMEM: write 0000000080005860 with 0000000042ec6596 ut=166
HMEM: write 0000000080005864 with 000000004200ee93 ut=167
HMEM: write 0000000080005868 with 00000000425e86a8 ut=168
HMEM: write 000000008000586c with 00000000438216ae ut=169
HMEM: write 0000000080005870 with 00000000432a115f ut=170
HMEM: write 0000000080005874 with 0000000043560882 ut=171
HMEM: write 0000000080005878 with 000000004385dada ut=172
HMEM: write 000000008000587c with 000000004341052d ut=173
HMEM: write 0000000080005880 with 0000000042b7e893 ut=174
HMEM: write 0000000080005884 with 0000000042877b2e ut=175
HMEM: write 0000000080005888 with 000000004323b974 ut=176
HMEM: write 000000008000588c with 000000004325d5a4 ut=177
HMEM: write 0000000080005890 with 0000000042c0c4de ut=178
HMEM: write 0000000080005894 with 00000000437a472d ut=179
HMEM: write 0000000080005898 with 00000000431c6ffa ut=180
HMEM: write 000000008000589c with 00000000418ec279 ut=181
HMEM: write 00000000800058a0 with 0000000040d6d5b0 ut=182
HMEM: write 00000000800058a4 with 0000000042f6d549 ut=183
HMEM: write 00000000800058a8 with 00000000433ffbfe ut=184
HMEM: write 00000000800058ac with 000000004164ee93 ut=185
HMEM: write 00000000800058b0 with 000000004344fb33 ut=186
HMEM: write 00000000800058b4 with 00000000425c1588 ut=187
HMEM: write 00000000800058b8 with 00000000427e6dd3 ut=188
HMEM: write 00000000800058bc with 000000004380d38f ut=189
HMEM: write 00000000800058c0 with 000000004306075f ut=190
HMEM: write 00000000800058c4 with 0000000043795daa ut=191
HMEM: write 00000000800058c8 with 00000000425b4697 ut=192
HMEM: write 00000000800058cc with 000000004336b535 ut=193
HMEM: write 00000000800058d0 with 00000000432f3f83 ut=194
HMEM: write 00000000800058d4 with 00000000426bcdb0 ut=195
HMEM: write 00000000800058d8 with 00000000433382bc ut=196
HMEM: write 00000000800058dc with 0000000043252368 ut=197
HMEM: write 00000000800058e0 with 000000004257cd01 ut=198
HMEM: write 00000000800058e4 with 0000000042b406be ut=199
HMEM: write 00000000800058e8 with 00000000437a49ea ut=200
HMEM: write 00000000800058ec with 000000004380d4bb ut=201
HMEM: write 00000000800058f0 with 00000000418272bf ut=202
HMEM: write 00000000800058f4 with 0000000042953c7d ut=203
HMEM: write 00000000800058f8 with 0000000042b253dc ut=204
HMEM: write 00000000800058fc with 0000000041c4e57f ut=205
HMEM: write 0000000080005900 with 0000000042c9b051 ut=206
HMEM: write 0000000080005904 with 0000000042880cf3 ut=207
HMEM: write 0000000080005908 with 000000004323be09 ut=208
HMEM: write 000000008000590c with 00000000427b7cfa ut=209
HMEM: write 0000000080005910 with 00000000436f0a07 ut=210
HMEM: write 0000000080005914 with 0000000043457059 ut=211
HMEM: write 0000000080005918 with 0000000043850349 ut=212
HMEM: write 000000008000591c with 0000000043832850 ut=213
HMEM: write 0000000080005920 with 0000000041fe567a ut=214
HMEM: write 0000000080005924 with 0000000042ed1365 ut=215
HMEM: write 0000000080005928 with 0000000043001364 ut=216
HMEM: write 000000008000592c with 0000000042a60073 ut=217
HMEM: write 0000000080005930 with 000000004273a34b ut=218
HMEM: write 0000000080005934 with 00000000432d2917 ut=219
HMEM: write 0000000080005938 with 0000000042bba084 ut=220
HMEM: write 000000008000593c with 0000000042817342 ut=221
HMEM: write 0000000080005940 with 00000000436331f9 ut=222
HMEM: write 0000000080005944 with 0000000042df374a ut=223
HMEM: write 0000000080005948 with 0000000042389918 ut=224
HMEM: write 000000008000594c with 0000000041dc2171 ut=225
HMEM: write 0000000080005950 with 0000000041590e91 ut=226
HMEM: write 0000000080005954 with 0000000042260465 ut=227
HMEM: write 0000000080005958 with 000000004229a5f9 ut=228
HMEM: write 000000008000595c with 0000000042ecffc2 ut=229
HMEM: write 0000000080005960 with 00000000420583a9 ut=230
HMEM: write 0000000080005964 with 000000004196f8e6 ut=231
HMEM: write 0000000080005968 with 0000000042beee3a ut=232
HMEM: write 000000008000596c with 0000000042107f7e ut=233
HMEM: write 0000000080005970 with 00000000437e0528 ut=234
HMEM: write 0000000080005974 with 0000000042b43988 ut=235
HMEM: write 0000000080005978 with 00000000414ca15f ut=236
HMEM: write 000000008000597c with 0000000042affc72 ut=237
HMEM: write 0000000080005980 with 000000004382565a ut=238
HMEM: write 0000000080005984 with 0000000041be8282 ut=239
HMEM: write 0000000080005988 with 00000000424c7684 ut=240
HMEM: write 000000008000598c with 0000000042b10767 ut=241
HMEM: write 0000000080005990 with 000000004384f4b8 ut=242
HMEM: write 0000000080005994 with 0000000042ff0401 ut=243
HMEM: write 0000000080005998 with 00000000437a25f6 ut=244
HMEM: write 000000008000599c with 0000000043826908 ut=245
HMEM: write 00000000800059a0 with 000000004346876b ut=246
HMEM: write 00000000800059a4 with 0000000043832011 ut=247
HMEM: write 00000000800059a8 with 0000000041b2c869 ut=248
HMEM: write 00000000800059ac with 000000004380fa69 ut=249
HMEM: write 00000000800059b0 with 00000000432ef134 ut=250
HMEM: write 00000000800059b4 with 00000000412df59c ut=251
HMEM: write 00000000800059b8 with 0000000042a3963d ut=252
HMEM: write 00000000800059bc with 0000000042c49aa6 ut=253
HMEM: write 00000000800059c0 with 0000000043810511 ut=254
HMEM: write 00000000800059c4 with 0000000042c29c63 ut=255
HMEM: write 00000000800059c8 with 00000000431e8d21 ut=256
HMEM: write 00000000800059cc with 00000000434f1e5c ut=257
HMEM: write 00000000800059d0 with 0000000041dce135 ut=258
HMEM: write 00000000800059d4 with 0000000043698b43 ut=259
HMEM: write 00000000800059d8 with 0000000042672829 ut=260
HMEM: write 00000000800059dc with 00000000431239d8 ut=261
HMEM: write 00000000800059e0 with 0000000042a7c77e ut=262
HMEM: write 00000000800059e4 with 0000000043370867 ut=263
HMEM: write 00000000800059e8 with 00000000433c5cdc ut=264
HMEM: write 00000000800059ec with 00000000435a67c2 ut=265
HMEM: write 00000000800059f0 with 000000004318f86c ut=266
HMEM: write 00000000800059f4 with 00000000421ab432 ut=267
HMEM: write 00000000800059f8 with 0000000042ac819f ut=268
HMEM: write 00000000800059fc with 0000000043851421 ut=269
HMEM: write 0000000080005a00 with 000000004249fdba ut=270
HMEM: write 0000000080005a04 with 000000004256127f ut=271
HMEM: write 0000000080005a08 with 0000000043369916 ut=272
HMEM: write 0000000080005a0c with 00000000430db9f1 ut=273
HMEM: write 0000000080005a10 with 0000000042b30fe3 ut=274
HMEM: write 0000000080005a14 with 00000000428952ec ut=275
HMEM: write 0000000080005a18 with 000000004200517a ut=276
HMEM: write 0000000080005a1c with 0000000042a7437c ut=277
HMEM: write 0000000080005a20 with 00000000426b5f85 ut=278
HMEM: write 0000000080005a24 with 0000000042d03282 ut=279
HMEM: write 0000000080005a28 with 000000004304e966 ut=280
HMEM: write 0000000080005a2c with 0000000042a4734e ut=281
HMEM: write 0000000080005a30 with 0000000042aa895c ut=282
HMEM: write 0000000080005a34 with 00000000420dc7c9 ut=283
HMEM: write 0000000080005a38 with 0000000042957e84 ut=284
HMEM: write 0000000080005a3c with 000000004372986f ut=285
HMEM: write 0000000080005a40 with 00000000430f8e95 ut=286
HMEM: write 0000000080005a44 with 0000000043012e86 ut=287
HMEM: write 0000000080005a48 with 0000000042891659 ut=288
HMEM: write 0000000080005a4c with 00000000427b5c03 ut=289
HMEM: write 0000000080005a50 with 000000004314eb69 ut=290
HMEM: write 0000000080005a54 with 00000000422a1bac ut=291
HMEM: write 0000000080005a58 with 00000000427087b7 ut=292
HMEM: write 0000000080005a5c with 0000000043043604 ut=293
HMEM: write 0000000080005a60 with 0000000043479085 ut=294
HMEM: write 0000000080005a64 with 0000000042086808 ut=295
HMEM: write 0000000080005a68 with 0000000042f45fbe ut=296
HMEM: write 0000000080005a6c with 0000000041e80cbb ut=297
HMEM: write 0000000080005a70 with 0000000042562351 ut=298
HMEM: write 0000000080005a74 with 0000000041f902f2 ut=299
HMEM: write 0000000080005a78 with 0000000042a4babf ut=300
HMEM: write 0000000080005a7c with 0000000043424dd2 ut=301
HMEM: write 0000000080005a80 with 0000000043290fcb ut=302
HMEM: write 0000000080005a84 with 0000000041e4dfb1 ut=303
HMEM: write 0000000080005a88 with 00000000422539ba ut=304
HMEM: write 0000000080005a8c with 000000004309ccb9 ut=305
HMEM: write 0000000080005a90 with 000000004237bd73 ut=306
HMEM: write 0000000080005a94 with 0000000042bca4e4 ut=307
HMEM: write 0000000080005a98 with 0000000043550c95 ut=308
HMEM: write 0000000080005a9c with 000000004361c183 ut=309
HMEM: write 0000000080005aa0 with 000000004367d9ac ut=310
HMEM: write 0000000080005aa4 with 0000000042cbeb3d ut=311
HMEM: write 0000000080005aa8 with 0000000041f135ed ut=312
HMEM: write 0000000080005aac with 0000000043353f65 ut=313
HMEM: write 0000000080005ab0 with 0000000042994c44 ut=314
HMEM: write 0000000080005ab4 with 000000004361026b ut=315
HMEM: write 0000000080005ab8 with 00000000423c6a4e ut=316
HMEM: write 0000000080005abc with 000000004290f496 ut=317
HMEM: write 0000000080005ac0 with 000000004301cf77 ut=318
HMEM: write 0000000080005ac4 with 0000000042ad7792 ut=319
HMEM: write 0000000080005ac8 with 0000000040ca6eb0 ut=320
HMEM: write 0000000080005acc with 00000000432c57df ut=321
HMEM: write 0000000080005ad0 with 00000000428916f7 ut=322
HMEM: write 0000000080005ad4 with 0000000043244a8c ut=323
HMEM: write 0000000080005ad8 with 0000000042fe5b0e ut=324
HMEM: write 0000000080005adc with 0000000042471b07 ut=325
HMEM: write 0000000080005ae0 with 000000004369e613 ut=326
HMEM: write 0000000080005ae4 with 00000000430b08e2 ut=327
HMEM: write 0000000080005ae8 with 0000000042f6646e ut=328
HMEM: write 0000000080005aec with 0000000042158685 ut=329
HMEM: write 0000000080005af0 with 0000000042b0115a ut=330
HMEM: write 0000000080005af4 with 000000004199449a ut=331
HMEM: write 0000000080005af8 with 00000000435bbfc3 ut=332
HMEM: write 0000000080005afc with 000000004232cf13 ut=333
HMEM: write 0000000080005b00 with 0000000042c76321 ut=334
HMEM: write 0000000080005b04 with 000000004293b08d ut=335
HMEM: write 0000000080005b08 with 0000000042e48e9d ut=336
HMEM: write 0000000080005b0c with 0000000041f5e8eb ut=337
HMEM: write 0000000080005b10 with 00000000432d1ad2 ut=338
HMEM: write 0000000080005b14 with 0000000042645ab9 ut=339
HMEM: write 0000000080005b18 with 000000004232a420 ut=340
HMEM: write 0000000080005b1c with 0000000041de0ed5 ut=341
HMEM: write 0000000080005b20 with 0000000042a5aa9e ut=342
HMEM: write 0000000080005b24 with 000000004224a536 ut=343
HMEM: write 0000000080005b28 with 0000000042809247 ut=344
HMEM: write 0000000080005b2c with 0000000042ef4462 ut=345
HMEM: write 0000000080005b30 with 00000000427941eb ut=346
HMEM: write 0000000080005b34 with 0000000042aff0eb ut=347
HMEM: write 0000000080005b38 with 00000000430c41c9 ut=348
HMEM: write 0000000080005b3c with 0000000043262aff ut=349
HMEM: write 0000000080005b40 with 000000004322d10f ut=350
HMEM: write 0000000080005b44 with 0000000042ce6bc8 ut=351
HMEM: write 0000000080005b48 with 0000000043853582 ut=352
HMEM: write 0000000080005b4c with 0000000042b8c50d ut=353
HMEM: write 0000000080005b50 with 00000000421a58d4 ut=354
HMEM: write 0000000080005b54 with 00000000420aec0d ut=355
HMEM: write 0000000080005b58 with 0000000042ffb02c ut=356
HMEM: write 0000000080005b5c with 00000000427474c7 ut=357
HMEM: write 0000000080005b60 with 0000000042c01e5f ut=358
HMEM: write 0000000080005b64 with 0000000042cfa037 ut=359
HMEM: write 0000000080005b68 with 000000004309373a ut=360
HMEM: write 0000000080005b6c with 00000000434fcefa ut=361
HMEM: write 0000000080005b70 with 0000000041b0447d ut=362
HMEM: write 0000000080005b74 with 00000000429110da ut=363
HMEM: write 0000000080005b78 with 00000000429a3df9 ut=364
HMEM: write 0000000080005b7c with 00000000438581dd ut=365
HMEM: write 0000000080005b80 with 00000000423d44e5 ut=366
HMEM: write 0000000080005b84 with 0000000041cb6116 ut=367
HMEM: write 0000000080005b88 with 00000000421b7ec4 ut=368
HMEM: write 0000000080005b8c with 000000004269ab7b ut=369
HMEM: write 0000000080005b90 with 00000000438014c2 ut=370
HMEM: write 0000000080005b94 with 000000004164912b ut=371
HMEM: write 0000000080005b98 with 0000000041f1848a ut=372
HMEM: write 0000000080005b9c with 0000000043881f5d ut=373
HMEM: write 0000000080005ba0 with 0000000042dfd08d ut=374
HMEM: write 0000000080005ba4 with 0000000043215f0f ut=375
HMEM: write 0000000080005ba8 with 00000000434bd2ae ut=376
HMEM: write 0000000080005bac with 000000004308892f ut=377
HMEM: write 0000000080005bb0 with 0000000043521161 ut=378
HMEM: write 0000000080005bb4 with 0000000042c00541 ut=379
HMEM: write 0000000080005bb8 with 0000000042a32487 ut=380
HMEM: write 0000000080005bbc with 0000000042e32d6b ut=381
HMEM: write 0000000080005bc0 with 0000000042e53668 ut=382
HMEM: write 0000000080005bc4 with 00000000435f6dcc ut=383
HMEM: write 0000000080005bc8 with 0000000042ad9fef ut=384
HMEM: write 0000000080005bcc with 0000000042a2bed7 ut=385
HMEM: write 0000000080005bd0 with 0000000042be196b ut=386
HMEM: write 0000000080005bd4 with 000000004341d656 ut=387
HMEM: write 0000000080005bd8 with 00000000427a98ab ut=388
HMEM: write 0000000080005bdc with 00000000430ca949 ut=389
HMEM: write 0000000080005be0 with 000000004234c6f0 ut=390
HMEM: write 0000000080005be4 with 0000000043201939 ut=391
HMEM: write 0000000080005be8 with 00000000429c843e ut=392
HMEM: write 0000000080005bec with 0000000042ad9ccd ut=393
HMEM: write 0000000080005bf0 with 000000004281e953 ut=394
HMEM: write 0000000080005bf4 with 0000000041b6fde1 ut=395
HMEM: write 0000000080005bf8 with 00000000429557a9 ut=396
HMEM: write 0000000080005bfc with 000000004365f0c7 ut=397
HMEM: write 0000000080005c00 with 000000004332b3f3 ut=398
HMEM: write 0000000080005c04 with 00000000432c29f5 ut=399
HMEM: write 0000000080005c08 with 00000000425d37e7 ut=400
HMEM: write 0000000080005c0c with 0000000042994f00 ut=401
HMEM: write 0000000080005c10 with 00000000430a4a2f ut=402
HMEM: write 0000000080005c14 with 0000000043853775 ut=403
HMEM: write 0000000080005c18 with 00000000434e9ba2 ut=404
HMEM: write 0000000080005c1c with 00000000433bd682 ut=405
HMEM: write 0000000080005c20 with 0000000041f0a971 ut=406
HMEM: write 0000000080005c24 with 00000000425f69fc ut=407
HMEM: write 0000000080005c28 with 00000000425453e2 ut=408
HMEM: write 0000000080005c2c with 00000000432b994b ut=409
HMEM: write 0000000080005c30 with 00000000422a3ce3 ut=410
HMEM: write 0000000080005c34 with 0000000042036ae9 ut=411
HMEM: write 0000000080005c38 with 00000000417c3135 ut=412
HMEM: write 0000000080005c3c with 00000000428a4b24 ut=413
HMEM: write 0000000080005c40 with 00000000429c4e05 ut=414
HMEM: write 0000000080005c44 with 0000000043514591 ut=415
HMEM: write 0000000080005c48 with 000000004280a6c5 ut=416
HMEM: write 0000000080005c4c with 0000000042a3d0f3 ut=417
HMEM: write 0000000080005c50 with 0000000042aeac67 ut=418
HMEM: write 0000000080005c54 with 00000000434cf700 ut=419
HMEM: write 0000000080005c58 with 0000000042b1856c ut=420
HMEM: write 0000000080005c5c with 000000004351d8bb ut=421
HMEM: write 0000000080005c60 with 000000004204c27b ut=422
HMEM: write 0000000080005c64 with 000000004360033e ut=423
HMEM: write 0000000080005c68 with 000000004326942b ut=424
HMEM: write 0000000080005c6c with 00000000437fbacb ut=425
HMEM: write 0000000080005c70 with 000000004230b894 ut=426
HMEM: write 0000000080005c74 with 0000000043174ff8 ut=427
HMEM: write 0000000080005c78 with 00000000425d4df6 ut=428
HMEM: write 0000000080005c7c with 000000004317c8a0 ut=429
HMEM: write 0000000080005c80 with 0000000043192fa0 ut=430
HMEM: write 0000000080005c84 with 00000000425d99d4 ut=431
HMEM: write 0000000080005c88 with 0000000043714e7e ut=432
HMEM: write 0000000080005c8c with 0000000043726d9a ut=433
HMEM: write 0000000080005c90 with 0000000042a7b6c0 ut=434
HMEM: write 0000000080005c94 with 0000000041e0289f ut=435
HMEM: write 0000000080005c98 with 000000004291c71d ut=436
HMEM: write 0000000080005c9c with 0000000041ff7774 ut=437
HMEM: write 0000000080005ca0 with 0000000043395df8 ut=438
HMEM: write 0000000080005ca4 with 0000000042a49986 ut=439
HMEM: write 0000000080005ca8 with 00000000434bd317 ut=440
HMEM: write 0000000080005cac with 0000000042fac32d ut=441
HMEM: write 0000000080005cb0 with 000000004295d477 ut=442
HMEM: write 0000000080005cb4 with 00000000432becb0 ut=443
HMEM: write 0000000080005cb8 with 00000000429891ab ut=444
HMEM: write 0000000080005cbc with 0000000042bebb50 ut=445
HMEM: write 0000000080005cc0 with 0000000043527560 ut=446
HMEM: write 0000000080005cc4 with 00000000430e813e ut=447
HMEM: write 0000000080005cc8 with 00000000425fd2f3 ut=448
HMEM: write 0000000080005ccc with 000000004296daae ut=449
HMEM: write 0000000080005cd0 with 00000000427ffec3 ut=450
HMEM: write 0000000080005cd4 with 0000000042280989 ut=451
HMEM: write 0000000080005cd8 with 00000000436282a6 ut=452
HMEM: write 0000000080005cdc with 000000004325b4e0 ut=453
HMEM: write 0000000080005ce0 with 0000000043703871 ut=454
HMEM: write 0000000080005ce4 with 00000000435bb62d ut=455
HMEM: write 0000000080005ce8 with 000000004138bcbe ut=456
HMEM: write 0000000080005cec with 000000004255c2e2 ut=457
HMEM: write 0000000080005cf0 with 000000004317fed0 ut=458
HMEM: write 0000000080005cf4 with 00000000421670a4 ut=459
HMEM: write 0000000080005cf8 with 0000000042129702 ut=460
HMEM: write 0000000080005cfc with 0000000042aee386 ut=461
HMEM: write 0000000080005d00 with 000000004343ef1b ut=462
HMEM: write 0000000080005d04 with 0000000041d0bfe9 ut=463
HMEM: write 0000000080005d08 with 0000000042995c92 ut=464
HMEM: write 0000000080005d0c with 0000000042193cf3 ut=465
HMEM: write 0000000080005d10 with 00000000408d638d ut=466
HMEM: write 0000000080005d14 with 0000000043034888 ut=467
HMEM: write 0000000080005d18 with 000000004386928f ut=468
HMEM: write 0000000080005d1c with 00000000429c40c8 ut=469
HMEM: write 0000000080005d20 with 00000000437c7056 ut=470
HMEM: write 0000000080005d24 with 0000000042102e6d ut=471
HMEM: write 0000000080005d28 with 00000000430a01b7 ut=472
HMEM: write 0000000080005d2c with 0000000043861ab2 ut=473
HMEM: write 0000000080005d30 with 000000004222abad ut=474
HMEM: write 0000000080005d34 with 0000000042914fd4 ut=475
HMEM: write 0000000080005d38 with 00000000416cd812 ut=476
HMEM: write 0000000080005d3c with 0000000042599abf ut=477
HMEM: write 0000000080005d40 with 000000004325fb38 ut=478
HMEM: write 0000000080005d44 with 00000000429dee69 ut=479
HMEM: write 0000000080005d48 with 0000000042f64a0f ut=480
HMEM: write 0000000080005d4c with 000000004209adac ut=481
HMEM: write 0000000080005d50 with 0000000042acd038 ut=482
HMEM: write 0000000080005d54 with 0000000042e019e8 ut=483
HMEM: write 0000000080005d58 with 0000000042e4912d ut=484
HMEM: write 0000000080005d5c with 0000000042ae2ff0 ut=485
HMEM: write 0000000080005d60 with 0000000042851acf ut=486
HMEM: write 0000000080005d64 with 00000000426e7169 ut=487
HMEM: write 0000000080005d68 with 00000000433988fc ut=488
HMEM: write 0000000080005d6c with 000000004320aa86 ut=489
HMEM: write 0000000080005d70 with 00000000423020e6 ut=490
HMEM: write 0000000080005d74 with 00000000437322a5 ut=491
HMEM: write 0000000080005d78 with 00000000422b9539 ut=492
HMEM: write 0000000080005d7c with 0000000043426289 ut=493
HMEM: write 0000000080005d80 with 000000004356bcbb ut=494
HMEM: write 0000000080005d84 with 000000004370ad38 ut=495
HMEM: write 0000000080005d88 with 00000000427ec239 ut=496
HMEM: write 0000000080005d8c with 000000004282c957 ut=497
HMEM: write 0000000080005d90 with 00000000431a44e8 ut=498
HMEM: write 0000000080005d94 with 00000000437fe4b4 ut=499
HMEM: write 0000000080005d98 with 0000000041ea669b ut=500
HMEM: write 0000000080005d9c with 000000004361364a ut=501
HMEM: write 0000000080005da0 with 0000000042d22c90 ut=502
HMEM: write 0000000080005da4 with 0000000042ca5876 ut=503
HMEM: write 0000000080005da8 with 0000000041d1b568 ut=504
HMEM: write 0000000080005dac with 000000004315ceaa ut=505
HMEM: write 0000000080005db0 with 00000000431d953d ut=506
HMEM: write 0000000080005db4 with 00000000436fe5b4 ut=507
HMEM: write 0000000080005db8 with 0000000042cfe26b ut=508
HMEM: write 0000000080005dbc with 0000000042a37d33 ut=509
HMEM: write 0000000080005dc0 with 00000000426ff759 ut=510
HMEM: write 0000000080005dc4 with 0000000043513ec3 ut=511
H: WT pc=0000000080002080 inst=8000080002022f3f next=0000000080002088 vl=512 act=ffffffffffffffffffffffffffffffffffffffffffffffffffffffffffffffffffffffffffffffffffffffffffffffffffffffffffffffffffffffffffffffff
H: WT pc=0000000080002088 inst=86aa04040201063f next=0000000080002090 vl=512 act=ffffffffffffffffffffffffffffffffffffffffffffffffffffffffffffffffffffffffffffffffffffffffffffffffffffffffffffffffffffffffffffffff
H: WT pc=0000000080002090 inst=87ba06060101063f next=0000000080002098 vl=512 act=ffffffffffffffffffffffffffffffffffffffffffffffffffffffffffffffffffffffffffffffffffffffffffffffffffffffffffffffffffffffffffffffff
H: WT pc=0000000080002098 inst=0000000000000c3f next=00000000800020a0 vl=512 act=-
H: WT pc=0000000080002010 inst=87fe00000000063f next=0000000080002018 vl=512 act=ffffffffffffffffffffffffffffffffffffffffffffffffffffffffffffffffffffffffffffffffffffffffffffffffffffffffffffffffffffffffffffffff
H: WT pc=0000000080002018 inst=805800000000063f next=0000000080002020 vl=512 act=ffffffffffffffffffffffffffffffffffffffffffffffffffffffffffffffffffffffffffffffffffffffffffffffffffffffffffffffffffffffffffffffff
H: WT pc=0000000080002020 inst=c000007e0000063f next=0000000080002028 vl=512 act=ffffffffffffffffffffffffffffffffffffffffffffffffffffffffffffffffffffffffffffffffffffffffffffffffffffffffffffffffffffffffffffffff
H: WT pc=0000000080002028 inst=c012007c0001063f next=0000000080002030 vl=512 act=ffffffffffffffffffffffffffffffffffffffffffffffffffffffffffffffffffffffffffffffffffffffffffffffffffffffffffffffffffffffffffffffff
H: WT pc=0000000080002030 inst=860202020002063f next=0000000080002038 vl=512 act=ffffffffffffffffffffffffffffffffffffffffffffffffffffffffffffffffffffffffffffffffffffffffffffffffffffffffffffffffffffffffffffffff
H: WT pc=0000000080002038 inst=840a02020003063f next=0000000080002040 vl=512 act=ffffffffffffffffffffffffffffffffffffffffffffffffffffffffffffffffffffffffffffffffffffffffffffffffffffffffffffffffffffffffffffffff
H: WT pc=0000000080002040 inst=0000004900012dbf next=0000000080002048 vl=512 act=-
HMEM: read from 0000000080008dc8 ut=0
HMEM: read from 0000000080008dd0 ut=1
HMEM: read from 0000000080008dd8 ut=2
HMEM: read from 0000000080008de0 ut=3
HMEM: read from 0000000080008de8 ut=4
HMEM: read from 0000000080008df0 ut=5
HMEM: read from 0000000080008df8 ut=6
HMEM: read from 0000000080008e00 ut=7
HMEM: read from 0000000080008e08 ut=8
HMEM: read from 0000000080008e10 ut=9
HMEM: read from 0000000080008e18 ut=10
HMEM: read from 0000000080008e20 ut=11
HMEM: read from 0000000080008e28 ut=12
HMEM: read from 0000000080008e30 ut=13
HMEM: read from 0000000080008e38 ut=14
HMEM: read from 0000000080008e40 ut=15
HMEM: read from 0000000080008e48 ut=16
HMEM: read from 0000000080008e50 ut=17
HMEM: read from 0000000080008e58 ut=18
HMEM: read from 0000000080008e60 ut=19
HMEM: read from 0000000080008e68 ut=20
HMEM: read from 0000000080008e70 ut=21
HMEM: read from 0000000080008e78 ut=22
HMEM: read from 0000000080008e80 ut=23
HMEM: read from 0000000080008e88 ut=24
HMEM: read from 0000000080008e90 ut=25
HMEM: read from 0000000080008e98 ut=26
HMEM: read from 0000000080008ea0 ut=27
HMEM: read from 0000000080008ea8 ut=28
HMEM: read from 0000000080008eb0 ut=29
HMEM: read from 0000000080008eb8 ut=30
HMEM: read from 0000000080008ec0 ut=31
HMEM: read from 0000000080008ec8 ut=32
HMEM: read from 0000000080008ed0 ut=33
HMEM: read from 0000000080008ed8 ut=34
HMEM: read from 0000000080008ee0 ut=35
HMEM: read from 0000000080008ee8 ut=36
HMEM: read from 0000000080008ef0 ut=37
HMEM: read from 0000000080008ef8 ut=38
HMEM: read from 0000000080008f00 ut=39
HMEM: read from 0000000080008f08 ut=40
HMEM: read from 0000000080008f10 ut=41
HMEM: read from 0000000080008f18 ut=42
HMEM: read from 0000000080008f20 ut=43
HMEM: read from 0000000080008f28 ut=44
HMEM: read from 0000000080008f30 ut=45
HMEM: read from 0000000080008f38 ut=46
HMEM: read from 0000000080008f40 ut=47
HMEM: read from 0000000080008f48 ut=48
HMEM: read from 0000000080008f50 ut=49
HMEM: read from 0000000080008f58 ut=50
HMEM: read from 0000000080008f60 ut=51
HMEM: read from 0000000080008f68 ut=52
HMEM: read from 0000000080008f70 ut=53
HMEM: read from 0000000080008f78 ut=54
HMEM: read from 0000000080008f80 ut=55
HMEM: read from 0000000080008f88 ut=56
HMEM: read from 0000000080008f90 ut=57
HMEM: read from 0000000080008f98 ut=58
HMEM: read from 0000000080008fa0 ut=59
HMEM: read from 0000000080008fa8 ut=60
HMEM: read from 0000000080008fb0 ut=61
HMEM: read from 0000000080008fb8 ut=62
HMEM: read from 0000000080008fc0 ut=63
HMEM: read from 0000000080008fc8 ut=64
HMEM: read from 0000000080008fd0 ut=65
HMEM: read from 0000000080008fd8 ut=66
HMEM: read from 0000000080008fe0 ut=67
HMEM: read from 0000000080008fe8 ut=68
HMEM: read from 0000000080008ff0 ut=69
HMEM: read from 0000000080008ff8 ut=70
HMEM: read from 0000000080009000 ut=71
HMEM: read from 0000000080009008 ut=72
HMEM: read from 0000000080009010 ut=73
HMEM: read from 0000000080009018 ut=74
HMEM: read from 0000000080009020 ut=75
HMEM: read from 0000000080009028 ut=76
HMEM: read from 0000000080009030 ut=77
HMEM: read from 0000000080009038 ut=78
HMEM: read from 0000000080009040 ut=79
HMEM: read from 0000000080009048 ut=80
HMEM: read from 0000000080009050 ut=81
HMEM: read from 0000000080009058 ut=82
HMEM: read from 0000000080009060 ut=83
HMEM: read from 0000000080009068 ut=84
HMEM: read from 0000000080009070 ut=85
HMEM: read from 0000000080009078 ut=86
HMEM: read from 0000000080009080 ut=87
HMEM: read from 0000000080009088 ut=88
HMEM: read from 0000000080009090 ut=89
HMEM: read from 0000000080009098 ut=90
HMEM: read from 00000000800090a0 ut=91
HMEM: read from 00000000800090a8 ut=92
HMEM: read from 00000000800090b0 ut=93
HMEM: read from 00000000800090b8 ut=94
HMEM: read from 00000000800090c0 ut=95
HMEM: read from 00000000800090c8 ut=96
HMEM: read from 00000000800090d0 ut=97
HMEM: read from 00000000800090d8 ut=98
HMEM: read from 00000000800090e0 ut=99
HMEM: read from 00000000800090e8 ut=100
HMEM: read from 00000000800090f0 ut=101
HMEM: read from 00000000800090f8 ut=102
HMEM: read from 0000000080009100 ut=103
HMEM: read from 0000000080009108 ut=104
HMEM: read from 0000000080009110 ut=105
HMEM: read from 0000000080009118 ut=106
HMEM: read from 0000000080009120 ut=107
HMEM: read from 0000000080009128 ut=108
HMEM: read from 0000000080009130 ut=109
HMEM: read from 0000000080009138 ut=110
HMEM: read from 0000000080009140 ut=111
HMEM: read from 0000000080009148 ut=112
HMEM: read from 0000000080009150 ut=113
HMEM: read from 0000000080009158 ut=114
HMEM: read from 0000000080009160 ut=115
HMEM: read from 0000000080009168 ut=116
HMEM: read from 0000000080009170 ut=117
HMEM: read from 0000000080009178 ut=118
HMEM: read from 0000000080009180 ut=119
HMEM: read from 0000000080009188 ut=120
HMEM: read from 0000000080009190 ut=121
HMEM: read from 0000000080009198 ut=122
HMEM: read from 00000000800091a0 ut=123
HMEM: read from 00000000800091a8 ut=124
HMEM: read from 00000000800091b0 ut=125
HMEM: read from 00000000800091b8 ut=126
HMEM: read from 00000000800091c0 ut=127
HMEM: read from 00000000800091c8 ut=128
HMEM: read from 00000000800091d0 ut=129
HMEM: read from 00000000800091d8 ut=130
HMEM: read from 00000000800091e0 ut=131
HMEM: read from 00000000800091e8 ut=132
HMEM: read from 00000000800091f0 ut=133
HMEM: read from 00000000800091f8 ut=134
HMEM: read from 0000000080009200 ut=135
HMEM: read from 0000000080009208 ut=136
HMEM: read from 0000000080009210 ut=137
HMEM: read from 0000000080009218 ut=138
HMEM: read from 0000000080009220 ut=139
HMEM: read from 0000000080009228 ut=140
HMEM: read from 0000000080009230 ut=141
HMEM: read from 0000000080009238 ut=142
HMEM: read from 0000000080009240 ut=143
HMEM: read from 0000000080009248 ut=144
HMEM: read from 0000000080009250 ut=145
HMEM: read from 0000000080009258 ut=146
HMEM: read from 0000000080009260 ut=147
HMEM: read from 0000000080009268 ut=148
HMEM: read from 0000000080009270 ut=149
HMEM: read from 0000000080009278 ut=150
HMEM: read from 0000000080009280 ut=151
HMEM: read from 0000000080009288 ut=152
HMEM: read from 0000000080009290 ut=153
HMEM: read from 0000000080009298 ut=154
HMEM: read from 00000000800092a0 ut=155
HMEM: read from 00000000800092a8 ut=156
HMEM: read from 00000000800092b0 ut=157
HMEM: read from 00000000800092b8 ut=158
HMEM: read from 00000000800092c0 ut=159
HMEM: read from 00000000800092c8 ut=160
HMEM: read from 00000000800092d0 ut=161
HMEM: read from 00000000800092d8 ut=162
HMEM: read from 00000000800092e0 ut=163
HMEM: read from 00000000800092e8 ut=164
HMEM: read from 00000000800092f0 ut=165
HMEM: read from 00000000800092f8 ut=166
HMEM: read from 0000000080009300 ut=167
HMEM: read from 0000000080009308 ut=168
HMEM: read from 0000000080009310 ut=169
HMEM: read from 0000000080009318 ut=170
HMEM: read from 0000000080009320 ut=171
HMEM: read from 0000000080009328 ut=172
HMEM: read from 0000000080009330 ut=173
HMEM: read from 0000000080009338 ut=174
HMEM: read from 0000000080009340 ut=175
HMEM: read from 0000000080009348 ut=176
HMEM: read from 0000000080009350 ut=177
HMEM: read from 0000000080009358 ut=178
HMEM: read from 0000000080009360 ut=179
HMEM: read from 0000000080009368 ut=180
HMEM: read from 0000000080009370 ut=181
HMEM: read from 0000000080009378 ut=182
HMEM: read from 0000000080009380 ut=183
HMEM: read from 0000000080009388 ut=184
HMEM: read from 0000000080009390 ut=185
HMEM: read from 0000000080009398 ut=186
HMEM: read from 00000000800093a0 ut=187
HMEM: read from 00000000800093a8 ut=188
HMEM: read from 00000000800093b0 ut=189
HMEM: read from 00000000800093b8 ut=190
HMEM: read from 00000000800093c0 ut=191
HMEM: read from 00000000800093c8 ut=192
HMEM: read from 00000000800093d0 ut=193
HMEM: read from 00000000800093d8 ut=194
HMEM: read from 00000000800093e0 ut=195
HMEM: read from 00000000800093e8 ut=196
HMEM: read from 00000000800093f0 ut=197
HMEM: read from 00000000800093f8 ut=198
HMEM: read from 0000000080009400 ut=199
HMEM: read from 0000000080009408 ut=200
HMEM: read from 0000000080009410 ut=201
HMEM: read from 0000000080009418 ut=202
HMEM: read from 0000000080009420 ut=203
HMEM: read from 0000000080009428 ut=204
HMEM: read from 0000000080009430 ut=205
HMEM: read from 0000000080009438 ut=206
HMEM: read from 0000000080009440 ut=207
HMEM: read from 0000000080009448 ut=208
HMEM: read from 0000000080009450 ut=209
HMEM: read from 0000000080009458 ut=210
HMEM: read from 0000000080009460 ut=211
HMEM: read from 0000000080009468 ut=212
HMEM: read from 0000000080009470 ut=213
HMEM: read from 0000000080009478 ut=214
HMEM: read from 0000000080009480 ut=215
HMEM: read from 0000000080009488 ut=216
HMEM: read from 0000000080009490 ut=217
HMEM: read from 0000000080009498 ut=218
HMEM: read from 00000000800094a0 ut=219
HMEM: read from 00000000800094a8 ut=220
HMEM: read from 00000000800094b0 ut=221
HMEM: read from 00000000800094b8 ut=222
HMEM: read from 00000000800094c0 ut=223
HMEM: read from 00000000800094c8 ut=224
HMEM: read from 00000000800094d0 ut=225
HMEM: read from 00000000800094d8 ut=226
HMEM: read from 00000000800094e0 ut=227
HMEM: read from 00000000800094e8 ut=228
HMEM: read from 00000000800094f0 ut=229
HMEM: read from 00000000800094f8 ut=230
HMEM: read from 0000000080009500 ut=231
HMEM: read from 0000000080009508 ut=232
HMEM: read from 0000000080009510 ut=233
HMEM: read from 0000000080009518 ut=234
HMEM: read from 0000000080009520 ut=235
HMEM: read from 0000000080009528 ut=236
HMEM: read from 0000000080009530 ut=237
HMEM: read from 0000000080009538 ut=238
HMEM: read from 0000000080009540 ut=239
HMEM: read from 0000000080009548 ut=240
HMEM: read from 0000000080009550 ut=241
HMEM: read from 0000000080009558 ut=242
HMEM: read from 0000000080009560 ut=243
HMEM: read from 0000000080009568 ut=244
HMEM: read from 0000000080009570 ut=245
HMEM: read from 0000000080009578 ut=246
HMEM: read from 0000000080009580 ut=247
HMEM: read from 0000000080009588 ut=248
HMEM: read from 0000000080009590 ut=249
HMEM: read from 0000000080009598 ut=250
HMEM: read from 00000000800095a0 ut=251
HMEM: read from 00000000800095a8 ut=252
HMEM: read from 00000000800095b0 ut=253
HMEM: read from 00000000800095b8 ut=254
HMEM: read from 00000000800095c0 ut=255
HMEM: read from 00000000800095c8 ut=256
HMEM: read from 00000000800095d0 ut=257
HMEM: read from 00000000800095d8 ut=258
HMEM: read from 00000000800095e0 ut=259
HMEM: read from 00000000800095e8 ut=260
HMEM: read from 00000000800095f0 ut=261
HMEM: read from 00000000800095f8 ut=262
HMEM: read from 0000000080009600 ut=263
HMEM: read from 0000000080009608 ut=264
HMEM: read from 0000000080009610 ut=265
HMEM: read from 0000000080009618 ut=266
HMEM: read from 0000000080009620 ut=267
HMEM: read from 0000000080009628 ut=268
HMEM: read from 0000000080009630 ut=269
HMEM: read from 0000000080009638 ut=270
HMEM: read from 0000000080009640 ut=271
HMEM: read from 0000000080009648 ut=272
HMEM: read from 0000000080009650 ut=273
HMEM: read from 0000000080009658 ut=274
HMEM: read from 0000000080009660 ut=275
HMEM: read from 0000000080009668 ut=276
HMEM: read from 0000000080009670 ut=277
HMEM: read from 0000000080009678 ut=278
HMEM: read from 0000000080009680 ut=279
HMEM: read from 0000000080009688 ut=280
HMEM: read from 0000000080009690 ut=281
HMEM: read from 0000000080009698 ut=282
HMEM: read from 00000000800096a0 ut=283
HMEM: read from 00000000800096a8 ut=284
HMEM: read from 00000000800096b0 ut=285
HMEM: read from 00000000800096b8 ut=286
HMEM: read from 00000000800096c0 ut=287
HMEM: read from 00000000800096c8 ut=288
HMEM: read from 00000000800096d0 ut=289
HMEM: read from 00000000800096d8 ut=290
HMEM: read from 00000000800096e0 ut=291
HMEM: read from 00000000800096e8 ut=292
HMEM: read from 00000000800096f0 ut=293
HMEM: read from 00000000800096f8 ut=294
HMEM: read from 0000000080009700 ut=295
HMEM: read from 0000000080009708 ut=296
HMEM: read from 0000000080009710 ut=297
HMEM: read from 0000000080009718 ut=298
HMEM: read from 0000000080009720 ut=299
HMEM: read from 0000000080009728 ut=300
HMEM: read from 0000000080009730 ut=301
HMEM: read from 0000000080009738 ut=302
HMEM: read from 0000000080009740 ut=303
HMEM: read from 0000000080009748 ut=304
HMEM: read from 0000000080009750 ut=305
HMEM: read from 0000000080009758 ut=306
HMEM: read from 0000000080009760 ut=307
HMEM: read from 0000000080009768 ut=308
HMEM: read from 0000000080009770 ut=309
HMEM: read from 0000000080009778 ut=310
HMEM: read from 0000000080009780 ut=311
HMEM: read from 0000000080009788 ut=312
HMEM: read from 0000000080009790 ut=313
HMEM: read from 0000000080009798 ut=314
HMEM: read from 00000000800097a0 ut=315
HMEM: read from 00000000800097a8 ut=316
HMEM: read from 00000000800097b0 ut=317
HMEM: read from 00000000800097b8 ut=318
HMEM: read from 00000000800097c0 ut=319
HMEM: read from 00000000800097c8 ut=320
HMEM: read from 00000000800097d0 ut=321
HMEM: read from 00000000800097d8 ut=322
HMEM: read from 00000000800097e0 ut=323
HMEM: read from 00000000800097e8 ut=324
HMEM: read from 00000000800097f0 ut=325
HMEM: read from 00000000800097f8 ut=326
HMEM: read from 0000000080009800 ut=327
HMEM: read from 0000000080009808 ut=328
HMEM: read from 0000000080009810 ut=329
HMEM: read from 0000000080009818 ut=330
HMEM: read from 0000000080009820 ut=331
HMEM: read from 0000000080009828 ut=332
HMEM: read from 0000000080009830 ut=333
HMEM: read from 0000000080009838 ut=334
HMEM: read from 0000000080009840 ut=335
HMEM: read from 0000000080009848 ut=336
HMEM: read from 0000000080009850 ut=337
HMEM: read from 0000000080009858 ut=338
HMEM: read from 0000000080009860 ut=339
HMEM: read from 0000000080009868 ut=340
HMEM: read from 0000000080009870 ut=341
HMEM: read from 0000000080009878 ut=342
HMEM: read from 0000000080009880 ut=343
HMEM: read from 0000000080009888 ut=344
HMEM: read from 0000000080009890 ut=345
HMEM: read from 0000000080009898 ut=346
HMEM: read from 00000000800098a0 ut=347
HMEM: read from 00000000800098a8 ut=348
HMEM: read from 00000000800098b0 ut=349
HMEM: read from 00000000800098b8 ut=350
HMEM: read from 00000000800098c0 ut=351
HMEM: read from 00000000800098c8 ut=352
HMEM: read from 00000000800098d0 ut=353
HMEM: read from 00000000800098d8 ut=354
HMEM: read from 00000000800098e0 ut=355
HMEM: read from 00000000800098e8 ut=356
HMEM: read from 00000000800098f0 ut=357
HMEM: read from 00000000800098f8 ut=358
HMEM: read from 0000000080009900 ut=359
HMEM: read from 0000000080009908 ut=360
HMEM: read from 0000000080009910 ut=361
HMEM: read from 0000000080009918 ut=362
HMEM: read from 0000000080009920 ut=363
HMEM: read from 0000000080009928 ut=364
HMEM: read from 0000000080009930 ut=365
HMEM: read from 0000000080009938 ut=366
HMEM: read from 0000000080009940 ut=367
HMEM: read from 0000000080009948 ut=368
HMEM: read from 0000000080009950 ut=369
HMEM: read from 0000000080009958 ut=370
HMEM: read from 0000000080009960 ut=371
HMEM: read from 0000000080009968 ut=372
HMEM: read from 0000000080009970 ut=373
HMEM: read from 0000000080009978 ut=374
HMEM: read from 0000000080009980 ut=375
HMEM: read from 0000000080009988 ut=376
HMEM: read from 0000000080009990 ut=377
HMEM: read from 0000000080009998 ut=378
HMEM: read from 00000000800099a0 ut=379
HMEM: read from 00000000800099a8 ut=380
HMEM: read from 00000000800099b0 ut=381
HMEM: read from 00000000800099b8 ut=382
HMEM: read from 00000000800099c0 ut=383
HMEM: read from 00000000800099c8 ut=384
HMEM: read from 00000000800099d0 ut=385
HMEM: read from 00000000800099d8 ut=386
HMEM: read from 00000000800099e0 ut=387
HMEM: read from 00000000800099e8 ut=388
HMEM: read from 00000000800099f0 ut=389
HMEM: read from 00000000800099f8 ut=390
HMEM: read from 0000000080009a00 ut=391
HMEM: read from 0000000080009a08 ut=392
HMEM: read from 0000000080009a10 ut=393
HMEM: read from 0000000080009a18 ut=394
HMEM: read from 0000000080009a20 ut=395
HMEM: read from 0000000080009a28 ut=396
HMEM: read from 0000000080009a30 ut=397
HMEM: read from 0000000080009a38 ut=398
HMEM: read from 0000000080009a40 ut=399
HMEM: read from 0000000080009a48 ut=400
HMEM: read from 0000000080009a50 ut=401
HMEM: read from 0000000080009a58 ut=402
HMEM: read from 0000000080009a60 ut=403
HMEM: read from 0000000080009a68 ut=404
HMEM: read from 0000000080009a70 ut=405
HMEM: read from 0000000080009a78 ut=406
HMEM: read from 0000000080009a80 ut=407
HMEM: read from 0000000080009a88 ut=408
HMEM: read from 0000000080009a90 ut=409
HMEM: read from 0000000080009a98 ut=410
HMEM: read from 0000000080009aa0 ut=411
HMEM: read from 0000000080009aa8 ut=412
HMEM: read from 0000000080009ab0 ut=413
HMEM: read from 0000000080009ab8 ut=414
HMEM: read from 0000000080009ac0 ut=415
HMEM: read from 0000000080009ac8 ut=416
HMEM: read from 0000000080009ad0 ut=417
HMEM: read from 0000000080009ad8 ut=418
HMEM: read from 0000000080009ae0 ut=419
HMEM: read from 0000000080009ae8 ut=420
HMEM: read from 0000000080009af0 ut=421
HMEM: read from 0000000080009af8 ut=422
HMEM: read from 0000000080009b00 ut=423
HMEM: read from 0000000080009b08 ut=424
HMEM: read from 0000000080009b10 ut=425
HMEM: read from 0000000080009b18 ut=426
HMEM: read from 0000000080009b20 ut=427
HMEM: read from 0000000080009b28 ut=428
HMEM: read from 0000000080009b30 ut=429
HMEM: read from 0000000080009b38 ut=430
HMEM: read from 0000000080009b40 ut=431
HMEM: read from 0000000080009b48 ut=432
HMEM: read from 0000000080009b50 ut=433
HMEM: read from 0000000080009b58 ut=434
HMEM: read from 0000000080009b60 ut=435
HMEM: read from 0000000080009b68 ut=436
HMEM: read from 0000000080009b70 ut=437
HMEM: read from 0000000080009b78 ut=438
HMEM: read from 0000000080009b80 ut=439
HMEM: read from 0000000080009b88 ut=440
HMEM: read from 0000000080009b90 ut=441
HMEM: read from 0000000080009b98 ut=442
HMEM: read from 0000000080009ba0 ut=443
HMEM: read from 0000000080009ba8 ut=444
HMEM: read from 0000000080009bb0 ut=445
HMEM: read from 0000000080009bb8 ut=446
HMEM: read from 0000000080009bc0 ut=447
HMEM: read from 0000000080009bc8 ut=448
HMEM: read from 0000000080009bd0 ut=449
HMEM: read from 0000000080009bd8 ut=450
HMEM: read from 0000000080009be0 ut=451
HMEM: read from 0000000080009be8 ut=452
HMEM: read from 0000000080009bf0 ut=453
HMEM: read from 0000000080009bf8 ut=454
HMEM: read from 0000000080009c00 ut=455
HMEM: read from 0000000080009c08 ut=456
HMEM: read from 0000000080009c10 ut=457
HMEM: read from 0000000080009c18 ut=458
HMEM: read from 0000000080009c20 ut=459
HMEM: read from 0000000080009c28 ut=460
HMEM: read from 0000000080009c30 ut=461
HMEM: read from 0000000080009c38 ut=462
HMEM: read from 0000000080009c40 ut=463
HMEM: read from 0000000080009c48 ut=464
HMEM: read from 0000000080009c50 ut=465
HMEM: read from 0000000080009c58 ut=466
HMEM: read from 0000000080009c60 ut=467
HMEM: read from 0000000080009c68 ut=468
HMEM: read from 0000000080009c70 ut=469
HMEM: read from 0000000080009c78 ut=470
HMEM: read from 0000000080009c80 ut=471
HMEM: read from 0000000080009c88 ut=472
HMEM: read from 0000000080009c90 ut=473
HMEM: read from 0000000080009c98 ut=474
HMEM: read from 0000000080009ca0 ut=475
HMEM: read from 0000000080009ca8 ut=476
HMEM: read from 0000000080009cb0 ut=477
HMEM: read from 0000000080009cb8 ut=478
HMEM: read from 0000000080009cc0 ut=479
HMEM: read from 0000000080009cc8 ut=480
HMEM: read from 0000000080009cd0 ut=481
HMEM: read from 0000000080009cd8 ut=482
HMEM: read from 0000000080009ce0 ut=483
HMEM: read from 0000000080009ce8 ut=484
HMEM: read from 0000000080009cf0 ut=485
HMEM: read from 0000000080009cf8 ut=486
HMEM: read from 0000000080009d00 ut=487
HMEM: read from 0000000080009d08 ut=488
HMEM: read from 0000000080009d10 ut=489
HMEM: read from 0000000080009d18 ut=490
HMEM: read from 0000000080009d20 ut=491
HMEM: read from 0000000080009d28 ut=492
HMEM: read from 0000000080009d30 ut=493
HMEM: read from 0000000080009d38 ut=494
HMEM: read from 0000000080009d40 ut=495
HMEM: read from 0000000080009d48 ut=496
HMEM: read from 0000000080009d50 ut=497
HMEM: read from 0000000080009d58 ut=498
HMEM: read from 0000000080009d60 ut=499
HMEM: read from 0000000080009d68 ut=500
HMEM: read from 0000000080009d70 ut=501
HMEM: read from 0000000080009d78 ut=502
HMEM: read from 0000000080009d80 ut=503
HMEM: read from 0000000080009d88 ut=504
HMEM: read from 0000000080009d90 ut=505
HMEM: read from 0000000080009d98 ut=506
HMEM: read from 0000000080009da0 ut=507
HMEM: read from 0000000080009da8 ut=508
HMEM: read from 0000000080009db0 ut=509
HMEM: read from 0000000080009db8 ut=510
HMEM: read from 0000000080009dc0 ut=511
H: WT pc=0000000080002048 inst=80000a0600012b3f next=0000000080002050 vl=512 act=ffffffffffffffffffffffffffffffffffffffffffffffffffffffffffffffffffffffffffffffffffffffffffffffffffffffffffffffffffffffffffffffff
H: WT pc=0000000080002050 inst=a01c02023d022a3f next=0000000080002058 vl=512 act=ffffffffffffffffffffffffffffffffffffffffffffffffffffffffffffffffffffffffffffffffffffffffffffffffffffffffffffffffffffffffffffffff
HMEM: read from 0000000080008dcc ut=0
HMEM: read from 0000000080008dd4 ut=1
HMEM: read from 0000000080008ddc ut=2
HMEM: read from 0000000080008de4 ut=3
HMEM: read from 0000000080008dec ut=4
HMEM: read from 0000000080008df4 ut=5
HMEM: read from 0000000080008dfc ut=6
HMEM: read from 0000000080008e04 ut=7
HMEM: read from 0000000080008e0c ut=8
HMEM: read from 0000000080008e14 ut=9
HMEM: read from 0000000080008e1c ut=10
HMEM: read from 0000000080008e24 ut=11
HMEM: read from 0000000080008e2c ut=12
HMEM: read from 0000000080008e34 ut=13
HMEM: read from 0000000080008e3c ut=14
HMEM: read from 0000000080008e44 ut=15
HMEM: read from 0000000080008e4c ut=16
HMEM: read from 0000000080008e54 ut=17
HMEM: read from 0000000080008e5c ut=18
HMEM: read from 0000000080008e64 ut=19
HMEM: read from 0000000080008e6c ut=20
HMEM: read from 0000000080008e74 ut=21
HMEM: read from 0000000080008e7c ut=22
HMEM: read from 0000000080008e84 ut=23
HMEM: read from 0000000080008e8c ut=24
HMEM: read from 0000000080008e94 ut=25
HMEM: read from 0000000080008e9c ut=26
HMEM: read from 0000000080008ea4 ut=27
HMEM: read from 0000000080008eac ut=28
HMEM: read from 0000000080008eb4 ut=29
HMEM: read from 0000000080008ebc ut=30
HMEM: read from 0000000080008ec4 ut=31
HMEM: read from 0000000080008ecc ut=32
HMEM: read from 0000000080008ed4 ut=33
HMEM: read from 0000000080008edc ut=34
HMEM: read from 0000000080008ee4 ut=35
HMEM: read from 0000000080008eec ut=36
HMEM: read from 0000000080008ef4 ut=37
HMEM: read from 0000000080008efc ut=38
HMEM: read from 0000000080008f04 ut=39
HMEM: read from 0000000080008f0c ut=40
HMEM: read from 0000000080008f14 ut=41
HMEM: read from 0000000080008f1c ut=42
HMEM: read from 0000000080008f24 ut=43
HMEM: read from 0000000080008f2c ut=44
HMEM: read from 0000000080008f34 ut=45
HMEM: read from 0000000080008f3c ut=46
HMEM: read from 0000000080008f44 ut=47
HMEM: read from 0000000080008f4c ut=48
HMEM: read from 0000000080008f54 ut=49
HMEM: read from 0000000080008f5c ut=50
HMEM: read from 0000000080008f64 ut=51
HMEM: read from 0000000080008f6c ut=52
HMEM: read from 0000000080008f74 ut=53
HMEM: read from 0000000080008f7c ut=54
HMEM: read from 0000000080008f84 ut=55
HMEM: read from 0000000080008f8c ut=56
HMEM: read from 0000000080008f94 ut=57
HMEM: read from 0000000080008f9c ut=58
HMEM: read from 0000000080008fa4 ut=59
HMEM: read from 0000000080008fac ut=60
HMEM: read from 0000000080008fb4 ut=61
HMEM: read from 0000000080008fbc ut=62
HMEM: read from 0000000080008fc4 ut=63
HMEM: read from 0000000080008fcc ut=64
HMEM: read from 0000000080008fd4 ut=65
HMEM: read from 0000000080008fdc ut=66
HMEM: read from 0000000080008fe4 ut=67
HMEM: read from 0000000080008fec ut=68
HMEM: read from 0000000080008ff4 ut=69
HMEM: read from 0000000080008ffc ut=70
HMEM: read from 0000000080009004 ut=71
HMEM: read from 000000008000900c ut=72
HMEM: read from 0000000080009014 ut=73
HMEM: read from 000000008000901c ut=74
HMEM: read from 0000000080009024 ut=75
HMEM: read from 000000008000902c ut=76
HMEM: read from 0000000080009034 ut=77
HMEM: read from 000000008000903c ut=78
HMEM: read from 0000000080009044 ut=79
HMEM: read from 000000008000904c ut=80
HMEM: read from 0000000080009054 ut=81
HMEM: read from 000000008000905c ut=82
HMEM: read from 0000000080009064 ut=83
HMEM: read from 000000008000906c ut=84
HMEM: read from 0000000080009074 ut=85
HMEM: read from 000000008000907c ut=86
HMEM: read from 0000000080009084 ut=87
HMEM: read from 000000008000908c ut=88
HMEM: read from 0000000080009094 ut=89
HMEM: read from 000000008000909c ut=90
HMEM: read from 00000000800090a4 ut=91
HMEM: read from 00000000800090ac ut=92
HMEM: read from 00000000800090b4 ut=93
HMEM: read from 00000000800090bc ut=94
HMEM: read from 00000000800090c4 ut=95
HMEM: read from 00000000800090cc ut=96
HMEM: read from 00000000800090d4 ut=97
HMEM: read from 00000000800090dc ut=98
HMEM: read from 00000000800090e4 ut=99
HMEM: read from 00000000800090ec ut=100
HMEM: read from 00000000800090f4 ut=101
HMEM: read from 00000000800090fc ut=102
HMEM: read from 0000000080009104 ut=103
HMEM: read from 000000008000910c ut=104
HMEM: read from 0000000080009114 ut=105
HMEM: read from 000000008000911c ut=106
HMEM: read from 0000000080009124 ut=107
HMEM: read from 000000008000912c ut=108
HMEM: read from 0000000080009134 ut=109
HMEM: read from 000000008000913c ut=110
HMEM: read from 0000000080009144 ut=111
HMEM: read from 000000008000914c ut=112
HMEM: read from 0000000080009154 ut=113
HMEM: read from 000000008000915c ut=114
HMEM: read from 0000000080009164 ut=115
HMEM: read from 000000008000916c ut=116
HMEM: read from 0000000080009174 ut=117
HMEM: read from 000000008000917c ut=118
HMEM: read from 0000000080009184 ut=119
HMEM: read from 000000008000918c ut=120
HMEM: read from 0000000080009194 ut=121
HMEM: read from 000000008000919c ut=122
HMEM: read from 00000000800091a4 ut=123
HMEM: read from 00000000800091ac ut=124
HMEM: read from 00000000800091b4 ut=125
HMEM: read from 00000000800091bc ut=126
HMEM: read from 00000000800091c4 ut=127
HMEM: read from 00000000800091cc ut=128
HMEM: read from 00000000800091d4 ut=129
HMEM: read from 00000000800091dc ut=130
HMEM: read from 00000000800091e4 ut=131
HMEM: read from 00000000800091ec ut=132
HMEM: read from 00000000800091f4 ut=133
HMEM: read from 00000000800091fc ut=134
HMEM: read from 0000000080009204 ut=135
HMEM: read from 000000008000920c ut=136
HMEM: read from 0000000080009214 ut=137
HMEM: read from 000000008000921c ut=138
HMEM: read from 0000000080009224 ut=139
HMEM: read from 000000008000922c ut=140
HMEM: read from 0000000080009234 ut=141
HMEM: read from 000000008000923c ut=142
HMEM: read from 0000000080009244 ut=143
HMEM: read from 000000008000924c ut=144
HMEM: read from 0000000080009254 ut=145
HMEM: read from 000000008000925c ut=146
HMEM: read from 0000000080009264 ut=147
HMEM: read from 000000008000926c ut=148
HMEM: read from 0000000080009274 ut=149
HMEM: read from 000000008000927c ut=150
HMEM: read from 0000000080009284 ut=151
HMEM: read from 000000008000928c ut=152
HMEM: read from 0000000080009294 ut=153
HMEM: read from 000000008000929c ut=154
HMEM: read from 00000000800092a4 ut=155
HMEM: read from 00000000800092ac ut=156
HMEM: read from 00000000800092b4 ut=157
HMEM: read from 00000000800092bc ut=158
HMEM: read from 00000000800092c4 ut=159
HMEM: read from 00000000800092cc ut=160
HMEM: read from 00000000800092d4 ut=161
HMEM: read from 00000000800092dc ut=162
HMEM: read from 00000000800092e4 ut=163
HMEM: read from 00000000800092ec ut=164
HMEM: read from 00000000800092f4 ut=165
HMEM: read from 00000000800092fc ut=166
HMEM: read from 0000000080009304 ut=167
HMEM: read from 000000008000930c ut=168
HMEM: read from 0000000080009314 ut=169
HMEM: read from 000000008000931c ut=170
HMEM: read from 0000000080009324 ut=171
HMEM: read from 000000008000932c ut=172
HMEM: read from 0000000080009334 ut=173
HMEM: read from 000000008000933c ut=174
HMEM: read from 0000000080009344 ut=175
HMEM: read from 000000008000934c ut=176
HMEM: read from 0000000080009354 ut=177
HMEM: read from 000000008000935c ut=178
HMEM: read from 0000000080009364 ut=179
HMEM: read from 000000008000936c ut=180
HMEM: read from 0000000080009374 ut=181
HMEM: read from 000000008000937c ut=182
HMEM: read from 0000000080009384 ut=183
HMEM: read from 000000008000938c ut=184
HMEM: read from 0000000080009394 ut=185
HMEM: read from 000000008000939c ut=186
HMEM: read from 00000000800093a4 ut=187
HMEM: read from 00000000800093ac ut=188
HMEM: read from 00000000800093b4 ut=189
HMEM: read from 00000000800093bc ut=190
HMEM: read from 00000000800093c4 ut=191
HMEM: read from 00000000800093cc ut=192
HMEM: read from 00000000800093d4 ut=193
HMEM: read from 00000000800093dc ut=194
HMEM: read from 00000000800093e4 ut=195
HMEM: read from 00000000800093ec ut=196
HMEM: read from 00000000800093f4 ut=197
HMEM: read from 00000000800093fc ut=198
HMEM: read from 0000000080009404 ut=199
HMEM: read from 000000008000940c ut=200
HMEM: read from 0000000080009414 ut=201
HMEM: read from 000000008000941c ut=202
HMEM: read from 0000000080009424 ut=203
HMEM: read from 000000008000942c ut=204
HMEM: read from 0000000080009434 ut=205
HMEM: read from 000000008000943c ut=206
HMEM: read from 0000000080009444 ut=207
HMEM: read from 000000008000944c ut=208
HMEM: read from 0000000080009454 ut=209
HMEM: read from 000000008000945c ut=210
HMEM: read from 0000000080009464 ut=211
HMEM: read from 000000008000946c ut=212
HMEM: read from 0000000080009474 ut=213
HMEM: read from 000000008000947c ut=214
HMEM: read from 0000000080009484 ut=215
HMEM: read from 000000008000948c ut=216
HMEM: read from 0000000080009494 ut=217
HMEM: read from 000000008000949c ut=218
HMEM: read from 00000000800094a4 ut=219
HMEM: read from 00000000800094ac ut=220
HMEM: read from 00000000800094b4 ut=221
HMEM: read from 00000000800094bc ut=222
HMEM: read from 00000000800094c4 ut=223
HMEM: read from 00000000800094cc ut=224
HMEM: read from 00000000800094d4 ut=225
HMEM: read from 00000000800094dc ut=226
HMEM: read from 00000000800094e4 ut=227
HMEM: read from 00000000800094ec ut=228
HMEM: read from 00000000800094f4 ut=229
HMEM: read from 00000000800094fc ut=230
HMEM: read from 0000000080009504 ut=231
HMEM: read from 000000008000950c ut=232
HMEM: read from 0000000080009514 ut=233
HMEM: read from 000000008000951c ut=234
HMEM: read from 0000000080009524 ut=235
HMEM: read from 000000008000952c ut=236
HMEM: read from 0000000080009534 ut=237
HMEM: read from 000000008000953c ut=238
HMEM: read from 0000000080009544 ut=239
HMEM: read from 000000008000954c ut=240
HMEM: read from 0000000080009554 ut=241
HMEM: read from 000000008000955c ut=242
HMEM: read from 0000000080009564 ut=243
HMEM: read from 000000008000956c ut=244
HMEM: read from 0000000080009574 ut=245
HMEM: read from 000000008000957c ut=246
HMEM: read from 0000000080009584 ut=247
HMEM: read from 000000008000958c ut=248
HMEM: read from 0000000080009594 ut=249
HMEM: read from 000000008000959c ut=250
HMEM: read from 00000000800095a4 ut=251
HMEM: read from 00000000800095ac ut=252
HMEM: read from 00000000800095b4 ut=253
HMEM: read from 00000000800095bc ut=254
HMEM: read from 00000000800095c4 ut=255
HMEM: read from 00000000800095cc ut=256
HMEM: read from 00000000800095d4 ut=257
HMEM: read from 00000000800095dc ut=258
HMEM: read from 00000000800095e4 ut=259
HMEM: read from 00000000800095ec ut=260
HMEM: read from 00000000800095f4 ut=261
HMEM: read from 00000000800095fc ut=262
HMEM: read from 0000000080009604 ut=263
HMEM: read from 000000008000960c ut=264
HMEM: read from 0000000080009614 ut=265
HMEM: read from 000000008000961c ut=266
HMEM: read from 0000000080009624 ut=267
HMEM: read from 000000008000962c ut=268
HMEM: read from 0000000080009634 ut=269
HMEM: read from 000000008000963c ut=270
HMEM: read from 0000000080009644 ut=271
HMEM: read from 000000008000964c ut=272
HMEM: read from 0000000080009654 ut=273
HMEM: read from 000000008000965c ut=274
HMEM: read from 0000000080009664 ut=275
HMEM: read from 000000008000966c ut=276
HMEM: read from 0000000080009674 ut=277
HMEM: read from 000000008000967c ut=278
HMEM: read from 0000000080009684 ut=279
HMEM: read from 000000008000968c ut=280
HMEM: read from 0000000080009694 ut=281
HMEM: read from 000000008000969c ut=282
HMEM: read from 00000000800096a4 ut=283
HMEM: read from 00000000800096ac ut=284
HMEM: read from 00000000800096b4 ut=285
HMEM: read from 00000000800096bc ut=286
HMEM: read from 00000000800096c4 ut=287
HMEM: read from 00000000800096cc ut=288
HMEM: read from 00000000800096d4 ut=289
HMEM: read from 00000000800096dc ut=290
HMEM: read from 00000000800096e4 ut=291
HMEM: read from 00000000800096ec ut=292
HMEM: read from 00000000800096f4 ut=293
HMEM: read from 00000000800096fc ut=294
HMEM: read from 0000000080009704 ut=295
HMEM: read from 000000008000970c ut=296
HMEM: read from 0000000080009714 ut=297
HMEM: read from 000000008000971c ut=298
HMEM: read from 0000000080009724 ut=299
HMEM: read from 000000008000972c ut=300
HMEM: read from 0000000080009734 ut=301
HMEM: read from 000000008000973c ut=302
HMEM: read from 0000000080009744 ut=303
HMEM: read from 000000008000974c ut=304
HMEM: read from 0000000080009754 ut=305
HMEM: read from 000000008000975c ut=306
HMEM: read from 0000000080009764 ut=307
HMEM: read from 000000008000976c ut=308
HMEM: read from 0000000080009774 ut=309
HMEM: read from 000000008000977c ut=310
HMEM: read from 0000000080009784 ut=311
HMEM: read from 000000008000978c ut=312
HMEM: read from 0000000080009794 ut=313
HMEM: read from 000000008000979c ut=314
HMEM: read from 00000000800097a4 ut=315
HMEM: read from 00000000800097ac ut=316
HMEM: read from 00000000800097b4 ut=317
HMEM: read from 00000000800097bc ut=318
HMEM: read from 00000000800097c4 ut=319
HMEM: read from 00000000800097cc ut=320
HMEM: read from 00000000800097d4 ut=321
HMEM: read from 00000000800097dc ut=322
HMEM: read from 00000000800097e4 ut=323
HMEM: read from 00000000800097ec ut=324
HMEM: read from 00000000800097f4 ut=325
HMEM: read from 00000000800097fc ut=326
HMEM: read from 0000000080009804 ut=327
HMEM: read from 000000008000980c ut=328
HMEM: read from 0000000080009814 ut=329
HMEM: read from 000000008000981c ut=330
HMEM: read from 0000000080009824 ut=331
HMEM: read from 000000008000982c ut=332
HMEM: read from 0000000080009834 ut=333
HMEM: read from 000000008000983c ut=334
HMEM: read from 0000000080009844 ut=335
HMEM: read from 000000008000984c ut=336
HMEM: read from 0000000080009854 ut=337
HMEM: read from 000000008000985c ut=338
HMEM: read from 0000000080009864 ut=339
HMEM: read from 000000008000986c ut=340
HMEM: read from 0000000080009874 ut=341
HMEM: read from 000000008000987c ut=342
HMEM: read from 0000000080009884 ut=343
HMEM: read from 000000008000988c ut=344
HMEM: read from 0000000080009894 ut=345
HMEM: read from 000000008000989c ut=346
HMEM: read from 00000000800098a4 ut=347
HMEM: read from 00000000800098ac ut=348
HMEM: read from 00000000800098b4 ut=349
HMEM: read from 00000000800098bc ut=350
HMEM: read from 00000000800098c4 ut=351
HMEM: read from 00000000800098cc ut=352
HMEM: read from 00000000800098d4 ut=353
HMEM: read from 00000000800098dc ut=354
HMEM: read from 00000000800098e4 ut=355
HMEM: read from 00000000800098ec ut=356
HMEM: read from 00000000800098f4 ut=357
HMEM: read from 00000000800098fc ut=358
HMEM: read from 0000000080009904 ut=359
HMEM: read from 000000008000990c ut=360
HMEM: read from 0000000080009914 ut=361
HMEM: read from 000000008000991c ut=362
HMEM: read from 0000000080009924 ut=363
HMEM: read from 000000008000992c ut=364
HMEM: read from 0000000080009934 ut=365
HMEM: read from 000000008000993c ut=366
HMEM: read from 0000000080009944 ut=367
HMEM: read from 000000008000994c ut=368
HMEM: read from 0000000080009954 ut=369
HMEM: read from 000000008000995c ut=370
HMEM: read from 0000000080009964 ut=371
HMEM: read from 000000008000996c ut=372
HMEM: read from 0000000080009974 ut=373
HMEM: read from 000000008000997c ut=374
HMEM: read from 0000000080009984 ut=375
HMEM: read from 000000008000998c ut=376
HMEM: read from 0000000080009994 ut=377
HMEM: read from 000000008000999c ut=378
HMEM: read from 00000000800099a4 ut=379
HMEM: read from 00000000800099ac ut=380
HMEM: read from 00000000800099b4 ut=381
HMEM: read from 00000000800099bc ut=382
HMEM: read from 00000000800099c4 ut=383
HMEM: read from 00000000800099cc ut=384
HMEM: read from 00000000800099d4 ut=385
HMEM: read from 00000000800099dc ut=386
HMEM: read from 00000000800099e4 ut=387
HMEM: read from 00000000800099ec ut=388
HMEM: read from 00000000800099f4 ut=389
HMEM: read from 00000000800099fc ut=390
HMEM: read from 0000000080009a04 ut=391
HMEM: read from 0000000080009a0c ut=392
HMEM: read from 0000000080009a14 ut=393
HMEM: read from 0000000080009a1c ut=394
HMEM: read from 0000000080009a24 ut=395
HMEM: read from 0000000080009a2c ut=396
HMEM: read from 0000000080009a34 ut=397
HMEM: read from 0000000080009a3c ut=398
HMEM: read from 0000000080009a44 ut=399
HMEM: read from 0000000080009a4c ut=400
HMEM: read from 0000000080009a54 ut=401
HMEM: read from 0000000080009a5c ut=402
HMEM: read from 0000000080009a64 ut=403
HMEM: read from 0000000080009a6c ut=404
HMEM: read from 0000000080009a74 ut=405
HMEM: read from 0000000080009a7c ut=406
HMEM: read from 0000000080009a84 ut=407
HMEM: read from 0000000080009a8c ut=408
HMEM: read from 0000000080009a94 ut=409
HMEM: read from 0000000080009a9c ut=410
HMEM: read from 0000000080009aa4 ut=411
HMEM: read from 0000000080009aac ut=412
HMEM: read from 0000000080009ab4 ut=413
HMEM: read from 0000000080009abc ut=414
HMEM: read from 0000000080009ac4 ut=415
HMEM: read from 0000000080009acc ut=416
HMEM: read from 0000000080009ad4 ut=417
HMEM: read from 0000000080009adc ut=418
HMEM: read from 0000000080009ae4 ut=419
HMEM: read from 0000000080009aec ut=420
HMEM: read from 0000000080009af4 ut=421
HMEM: read from 0000000080009afc ut=422
HMEM: read from 0000000080009b04 ut=423
HMEM: read from 0000000080009b0c ut=424
HMEM: read from 0000000080009b14 ut=425
HMEM: read from 0000000080009b1c ut=426
HMEM: read from 0000000080009b24 ut=427
HMEM: read from 0000000080009b2c ut=428
HMEM: read from 0000000080009b34 ut=429
HMEM: read from 0000000080009b3c ut=430
HMEM: read from 0000000080009b44 ut=431
HMEM: read from 0000000080009b4c ut=432
HMEM: read from 0000000080009b54 ut=433
HMEM: read from 0000000080009b5c ut=434
HMEM: read from 0000000080009b64 ut=435
HMEM: read from 0000000080009b6c ut=436
HMEM: read from 0000000080009b74 ut=437
HMEM: read from 0000000080009b7c ut=438
HMEM: read from 0000000080009b84 ut=439
HMEM: read from 0000000080009b8c ut=440
HMEM: read from 0000000080009b94 ut=441
HMEM: read from 0000000080009b9c ut=442
HMEM: read from 0000000080009ba4 ut=443
HMEM: read from 0000000080009bac ut=444
HMEM: read from 0000000080009bb4 ut=445
HMEM: read from 0000000080009bbc ut=446
HMEM: read from 0000000080009bc4 ut=447
HMEM: read from 0000000080009bcc ut=448
HMEM: read from 0000000080009bd4 ut=449
HMEM: read from 0000000080009bdc ut=450
HMEM: read from 0000000080009be4 ut=451
HMEM: read from 0000000080009bec ut=452
HMEM: read from 0000000080009bf4 ut=453
HMEM: read from 0000000080009bfc ut=454
HMEM: read from 0000000080009c04 ut=455
HMEM: read from 0000000080009c0c ut=456
HMEM: read from 0000000080009c14 ut=457
HMEM: read from 0000000080009c1c ut=458
HMEM: read from 0000000080009c24 ut=459
HMEM: read from 0000000080009c2c ut=460
HMEM: read from 0000000080009c34 ut=461
HMEM: read from 0000000080009c3c ut=462
HMEM: read from 0000000080009c44 ut=463
HMEM: read from 0000000080009c4c ut=464
HMEM: read from 0000000080009c54 ut=465
HMEM: read from 0000000080009c5c ut=466
HMEM: read from 0000000080009c64 ut=467
HMEM: read from 0000000080009c6c ut=468
HMEM: read from 0000000080009c74 ut=469
HMEM: read from 0000000080009c7c ut=470
HMEM: read from 0000000080009c84 ut=471
HMEM: read from 0000000080009c8c ut=472
HMEM: read from 0000000080009c94 ut=473
HMEM: read from 0000000080009c9c ut=474
HMEM: read from 0000000080009ca4 ut=475
HMEM: read from 0000000080009cac ut=476
HMEM: read from 0000000080009cb4 ut=477
HMEM: read from 0000000080009cbc ut=478
HMEM: read from 0000000080009cc4 ut=479
HMEM: read from 0000000080009ccc ut=480
HMEM: read from 0000000080009cd4 ut=481
HMEM: read from 0000000080009cdc ut=482
HMEM: read from 0000000080009ce4 ut=483
HMEM: read from 0000000080009cec ut=484
HMEM: read from 0000000080009cf4 ut=485
HMEM: read from 0000000080009cfc ut=486
HMEM: read from 0000000080009d04 ut=487
HMEM: read from 0000000080009d0c ut=488
HMEM: read from 0000000080009d14 ut=489
HMEM: read from 0000000080009d1c ut=490
HMEM: read from 0000000080009d24 ut=491
HMEM: read from 0000000080009d2c ut=492
HMEM: read from 0000000080009d34 ut=493
HMEM: read from 0000000080009d3c ut=494
HMEM: read from 0000000080009d44 ut=495
HMEM: read from 0000000080009d4c ut=496
HMEM: read from 0000000080009d54 ut=497
HMEM: read from 0000000080009d5c ut=498
HMEM: read from 0000000080009d64 ut=499
HMEM: read from 0000000080009d6c ut=500
HMEM: read from 0000000080009d74 ut=501
HMEM: read from 0000000080009d7c ut=502
HMEM: read from 0000000080009d84 ut=503
HMEM: read from 0000000080009d8c ut=504
HMEM: read from 0000000080009d94 ut=505
HMEM: read from 0000000080009d9c ut=506
HMEM: read from 0000000080009da4 ut=507
HMEM: read from 0000000080009dac ut=508
HMEM: read from 0000000080009db4 ut=509
HMEM: read from 0000000080009dbc ut=510
HMEM: read from 0000000080009dc4 ut=511
H: WT pc=0000000080002058 inst=80000a0801012b3f next=0000000080002060 vl=512 act=ffffffffffffffffffffffffffffffffffffffffffffffffffffffffffffffffffffffffffffffffffffffffffffffffffffffffffffffffffffffffffffffff
H: WT pc=0000000080002060 inst=a01c02023c032a3f next=0000000080002068 vl=512 act=ffffffffffffffffffffffffffffffffffffffffffffffffffffffffffffffffffffffffffffffffffffffffffffffffffffffffffffffffffffffffffffffff
H: WT pc=0000000080002068 inst=e01c040603032a3f next=0000000080002070 vl=512 act=ffffffffffffffffffffffffffffffffffffffffffffffffffffffffffffffffffffffffffffffffffffffffffffffffffffffffffffffffffffffffffffffff
H: WT pc=0000000080002070 inst=f01c06040202283f next=0000000080002078 vl=512 act=ffffffffffffffffffffffffffffffffffffffffffffffffffffffffffffffffffffffffffffffffffffffffffffffffffffffffffffffffffffffffffffffff
H: WT pc=0000000080002078 inst=c01c160002022a3f next=0000000080002080 vl=512 act=ffffffffffffffffffffffffffffffffffffffffffffffffffffffffffffffffffffffffffffffffffffffffffffffffffffffffffffffffffffffffffffffff
HMEM: write 0000000080005dc8 with 00000000425c0a1b ut=0
HMEM: write 0000000080005dcc with 0000000042b50781 ut=1
HMEM: write 0000000080005dd0 with 00000000428e7996 ut=2
HMEM: write 0000000080005dd4 with 000000004341fd0b ut=3
HMEM: write 0000000080005dd8 with 0000000043283d20 ut=4
HMEM: write 0000000080005ddc with 0000000042b7f222 ut=5
HMEM: write 0000000080005de0 with 0000000042c8d035 ut=6
HMEM: write 0000000080005de4 with 000000004210db4e ut=7
HMEM: write 0000000080005de8 with 00000000429e7caa ut=8
HMEM: write 0000000080005dec with 00000000427c048c ut=9
HMEM: write 0000000080005df0 with 000000004353f77c ut=10
HMEM: write 0000000080005df4 with 0000000041fb5fc1 ut=11
HMEM: write 0000000080005df8 with 0000000042903b69 ut=12
HMEM: write 0000000080005dfc with 00000000430fad8f ut=13
HMEM: write 0000000080005e00 with 0000000043069890 ut=14
HMEM: write 0000000080005e04 with 00000000433bb6e4 ut=15
HMEM: write 0000000080005e08 with 00000000429a38b2 ut=16
HMEM: write 0000000080005e0c with 000000004369c26b ut=17
HMEM: write 0000000080005e10 with 0000000042cea97b ut=18
HMEM: write 0000000080005e14 with 0000000042b08998 ut=19
HMEM: write 0000000080005e18 with 00000000434ce1e4 ut=20
HMEM: write 0000000080005e1c with 000000004215c292 ut=21
HMEM: write 0000000080005e20 with 000000004235a96d ut=22
HMEM: write 0000000080005e24 with 000000004366a5b1 ut=23
HMEM: write 0000000080005e28 with 0000000043094fc5 ut=24
HMEM: write 0000000080005e2c with 0000000042021dc0 ut=25
HMEM: write 0000000080005e30 with 000000004377508e ut=26
HMEM: write 0000000080005e34 with 000000004285cfb0 ut=27
HMEM: write 0000000080005e38 with 00000000430821cb ut=28
HMEM: write 0000000080005e3c with 000000004348b990 ut=29
HMEM: write 0000000080005e40 with 00000000431f843b ut=30
HMEM: write 0000000080005e44 with 000000004321b842 ut=31
HMEM: write 0000000080005e48 with 0000000041cda285 ut=32
HMEM: write 0000000080005e4c with 00000000433b3195 ut=33
HMEM: write 0000000080005e50 with 000000004232a198 ut=34
HMEM: write 0000000080005e54 with 0000000042f25324 ut=35
HMEM: write 0000000080005e58 with 00000000422b4d76 ut=36
HMEM: write 0000000080005e5c with 00000000436e8a80 ut=37
HMEM: write 0000000080005e60 with 00000000437fb3eb ut=38
HMEM: write 0000000080005e64 with 0000000042a03b84 ut=39
HMEM: write 0000000080005e68 with 000000004349b60f ut=40
HMEM: write 0000000080005e6c with 0000000043857d83 ut=41
HMEM: write 0000000080005e70 with 0000000042161703 ut=42
HMEM: write 0000000080005e74 with 0000000041c09e40 ut=43
HMEM: write 0000000080005e78 with 000000004343fdc3 ut=44
HMEM: write 0000000080005e7c with 000000004243a81d ut=45
HMEM: write 0000000080005e80 with 0000000043567250 ut=46
HMEM: write 0000000080005e84 with 0000000042f66665 ut=47
HMEM: write 0000000080005e88 with 0000000042befabc ut=48
HMEM: write 0000000080005e8c with 0000000042e26271 ut=49
HMEM: write 0000000080005e90 with 0000000042e4354f ut=50
HMEM: write 0000000080005e94 with 0000000042b13be9 ut=51
HMEM: write 0000000080005e98 with 0000000042e6d41b ut=52
HMEM: write 0000000080005e9c with 000000004311cd1e ut=53
HMEM: write 0000000080005ea0 with 00000000435f05df ut=54
HMEM: write 0000000080005ea4 with 00000000431a5201 ut=55
HMEM: write 0000000080005ea8 with 00000000423f5a4b ut=56
HMEM: write 0000000080005eac with 000000004346e4fa ut=57
HMEM: write 0000000080005eb0 with 00000000433af4b3 ut=58
HMEM: write 0000000080005eb4 with 00000000431e3777 ut=59
HMEM: write 0000000080005eb8 with 000000004221494a ut=60
HMEM: write 0000000080005ebc with 00000000435f24be ut=61
HMEM: write 0000000080005ec0 with 000000004254e15e ut=62
HMEM: write 0000000080005ec4 with 000000004269ab71 ut=63
HMEM: write 0000000080005ec8 with 00000000437794f9 ut=64
HMEM: write 0000000080005ecc with 000000004336a60e ut=65
HMEM: write 0000000080005ed0 with 0000000043791a29 ut=66
HMEM: write 0000000080005ed4 with 0000000043242542 ut=67
HMEM: write 0000000080005ed8 with 000000004318c8bc ut=68
HMEM: write 0000000080005edc with 0000000042cc5e27 ut=69
HMEM: write 0000000080005ee0 with 0000000042439f21 ut=70
HMEM: write 0000000080005ee4 with 000000004321696e ut=71
HMEM: write 0000000080005ee8 with 00000000435737c6 ut=72
HMEM: write 0000000080005eec with 0000000041bbfd81 ut=73
HMEM: write 0000000080005ef0 with 0000000043815324 ut=74
HMEM: write 0000000080005ef4 with 00000000423c2569 ut=75
HMEM: write 0000000080005ef8 with 00000000437a4f82 ut=76
HMEM: write 0000000080005efc with 00000000432c6e4e ut=77
HMEM: write 0000000080005f00 with 00000000425088bf ut=78
HMEM: write 0000000080005f04 with 000000004247712c ut=79
HMEM: write 0000000080005f08 with 0000000041d98c56 ut=80
HMEM: write 0000000080005f0c with 00000000434aaa1b ut=81
HMEM: write 0000000080005f10 with 0000000042ce7130 ut=82
HMEM: write 0000000080005f14 with 0000000041d048ae ut=83
HMEM: write 0000000080005f18 with 0000000041e130a1 ut=84
HMEM: write 0000000080005f1c with 0000000042a5093d ut=85
HMEM: write 0000000080005f20 with 00000000425d0036 ut=86
HMEM: write 0000000080005f24 with 00000000425cbf2f ut=87
HMEM: write 0000000080005f28 with 000000004277fc3f ut=88
HMEM: write 0000000080005f2c with 0000000043461489 ut=89
HMEM: write 0000000080005f30 with 00000000438377fd ut=90
HMEM: write 0000000080005f34 with 0000000042598253 ut=91
HMEM: write 0000000080005f38 with 00000000423dcec2 ut=92
HMEM: write 0000000080005f3c with 00000000427d959b ut=93
HMEM: write 0000000080005f40 with 0000000043842e5b ut=94
HMEM: write 0000000080005f44 with 00000000432c35e8 ut=95
HMEM: write 0000000080005f48 with 0000000041ed5f1f ut=96
HMEM: write 0000000080005f4c with 000000004259790f ut=97
HMEM: write 0000000080005f50 with 0000000042b47f85 ut=98
HMEM: write 0000000080005f54 with 00000000436e5b33 ut=99
HMEM: write 0000000080005f58 with 00000000437daeb1 ut=100
HMEM: write 0000000080005f5c with 0000000042c36ffc ut=101
HMEM: write 0000000080005f60 with 00000000436846f3 ut=102
HMEM: write 0000000080005f64 with 00000000436030ee ut=103
HMEM: write 0000000080005f68 with 00000000435d34ed ut=104
HMEM: write 0000000080005f6c with 00000000436ca10d ut=105
HMEM: write 0000000080005f70 with 0000000042bffc3d ut=106
HMEM: write 0000000080005f74 with 0000000042d4d15e ut=107
HMEM: write 0000000080005f78 with 00000000423ffc84 ut=108
HMEM: write 0000000080005f7c with 000000004287efd5 ut=109
HMEM: write 0000000080005f80 with 00000000430f59ff ut=110
HMEM: write 0000000080005f84 with 0000000042449997 ut=111
HMEM: write 0000000080005f88 with 00000000427f8a3b ut=112
HMEM: write 0000000080005f8c with 0000000042561e61 ut=113
HMEM: write 0000000080005f90 with 00000000424b620e ut=114
HMEM: write 0000000080005f94 with 00000000434aa98b ut=115
HMEM: write 0000000080005f98 with 0000000042ed0031 ut=116
HMEM: write 0000000080005f9c with 000000004302f33f ut=117
HMEM: write 0000000080005fa0 with 00000000433c1dfc ut=118
HMEM: write 0000000080005fa4 with 00000000437f7072 ut=119
HMEM: write 0000000080005fa8 with 000000004345c4f4 ut=120
HMEM: write 0000000080005fac with 00000000429d5568 ut=121
HMEM: write 0000000080005fb0 with 00000000421a0556 ut=122
HMEM: write 0000000080005fb4 with 00000000437919a3 ut=123
HMEM: write 0000000080005fb8 with 0000000042c4d2b9 ut=124
HMEM: write 0000000080005fbc with 0000000041f06bdf ut=125
HMEM: write 0000000080005fc0 with 0000000042aad853 ut=126
HMEM: write 0000000080005fc4 with 00000000425f46be ut=127
HMEM: write 0000000080005fc8 with 00000000432c1a1b ut=128
HMEM: write 0000000080005fcc with 00000000435d44d8 ut=129
HMEM: write 0000000080005fd0 with 000000004302b344 ut=130
HMEM: write 0000000080005fd4 with 000000004369fcf1 ut=131
HMEM: write 0000000080005fd8 with 0000000043366c8f ut=132
HMEM: write 0000000080005fdc with 000000004246f575 ut=133
HMEM: write 0000000080005fe0 with 000000004367c480 ut=134
HMEM: write 0000000080005fe4 with 0000000042840cbf ut=135
HMEM: write 0000000080005fe8 with 00000000431637f1 ut=136
HMEM: write 0000000080005fec with 0000000043266e12 ut=137
HMEM: write 0000000080005ff0 with 0000000042ae0de1 ut=138
HMEM: write 0000000080005ff4 with 00000000429fbe24 ut=139
HMEM: write 0000000080005ff8 with 000000004310e52f ut=140
HMEM: write 0000000080005ffc with 00000000424e5516 ut=141
HMEM: write 0000000080006000 with 00000000432a63b9 ut=142
HMEM: write 0000000080006004 with 00000000426837fb ut=143
HMEM: write 0000000080006008 with 00000000433ffbfe ut=144
HMEM: write 000000008000600c with 000000004283f073 ut=145
HMEM: write 0000000080006010 with 000000004205d976 ut=146
HMEM: write 0000000080006014 with 000000004240b223 ut=147
HMEM: write 0000000080006018 with 000000004252cf0d ut=148
HMEM: write 000000008000601c with 0000000043493622 ut=149
HMEM: write 0000000080006020 with 0000000042d2f33a ut=150
HMEM: write 0000000080006024 with 000000004382eb91 ut=151
HMEM: write 0000000080006028 with 00000000426d9433 ut=152
HMEM: write 000000008000602c with 000000004204f0d2 ut=153
HMEM: write 0000000080006030 with 000000004296bf5f ut=154
HMEM: write 0000000080006034 with 00000000423f384f ut=155
HMEM: write 0000000080006038 with 0000000042a2960f ut=156
HMEM: write 000000008000603c with 0000000042a47cb2 ut=157
HMEM: write 0000000080006040 with 0000000042ef380c ut=158
HMEM: write 0000000080006044 with 0000000041f808a0 ut=159
HMEM: write 0000000080006048 with 00000000420a5c9d ut=160
HMEM: write 000000008000604c with 0000000042aa0fe6 ut=161
HMEM: write 0000000080006050 with 0000000042b3b09e ut=162
HMEM: write 0000000080006054 with 0000000042b0cc26 ut=163
HMEM: write 0000000080006058 with 00000000435b6bb2 ut=164
HMEM: write 000000008000605c with 0000000043576c78 ut=165
HMEM: write 0000000080006060 with 00000000436d464e ut=166
HMEM: write 0000000080006064 with 00000000435bbafa ut=167
HMEM: write 0000000080006068 with 00000000437000a8 ut=168
HMEM: write 000000008000606c with 00000000428304a3 ut=169
HMEM: write 0000000080006070 with 00000000433f6bb3 ut=170
HMEM: write 0000000080006074 with 00000000436953dd ut=171
HMEM: write 0000000080006078 with 000000004323ae16 ut=172
HMEM: write 000000008000607c with 000000004380234f ut=173
HMEM: write 0000000080006080 with 00000000414b5cbc ut=174
HMEM: write 0000000080006084 with 0000000043160d61 ut=175
HMEM: write 0000000080006088 with 00000000427769ac ut=176
HMEM: write 000000008000608c with 0000000042ff7162 ut=177
HMEM: write 0000000080006090 with 00000000423f1c8c ut=178
HMEM: write 0000000080006094 with 000000004369bfe5 ut=179
HMEM: write 0000000080006098 with 00000000426b6107 ut=180
HMEM: write 000000008000609c with 0000000043478557 ut=181
HMEM: write 00000000800060a0 with 0000000041f149ee ut=182
HMEM: write 00000000800060a4 with 00000000436dbb81 ut=183
HMEM: write 00000000800060a8 with 0000000043456e2f ut=184
HMEM: write 00000000800060ac with 00000000428dbd95 ut=185
HMEM: write 00000000800060b0 with 0000000041989a40 ut=186
HMEM: write 00000000800060b4 with 00000000432ca2e9 ut=187
HMEM: write 00000000800060b8 with 00000000429d5cfd ut=188
HMEM: write 00000000800060bc with 0000000042df940b ut=189
HMEM: write 00000000800060c0 with 000000004384d97c ut=190
HMEM: write 00000000800060c4 with 0000000043400f74 ut=191
HMEM: write 00000000800060c8 with 000000004335b027 ut=192
HMEM: write 00000000800060cc with 00000000434fd383 ut=193
HMEM: write 00000000800060d0 with 0000000042b306bd ut=194
HMEM: write 00000000800060d4 with 0000000042357d24 ut=195
HMEM: write 00000000800060d8 with 00000000437d8ab4 ut=196
HMEM: write 00000000800060dc with 00000000422b4ae1 ut=197
HMEM: write 00000000800060e0 with 0000000043161d8e ut=198
HMEM: write 00000000800060e4 with 000000004254cb22 ut=199
HMEM: write 00000000800060e8 with 000000004295f692 ut=200
HMEM: write 00000000800060ec with 00000000432a41a4 ut=201
HMEM: write 00000000800060f0 with 0000000042a95491 ut=202
HMEM: write 00000000800060f4 with 000000004300d205 ut=203
HMEM: write 00000000800060f8 with 0000000041f5891e ut=204
HMEM: write 00000000800060fc with 0000000041868ba9 ut=205
HMEM: write 0000000080006100 with 00000000438583e3 ut=206
HMEM: write 0000000080006104 with 0000000042f5e627 ut=207
HMEM: write 0000000080006108 with 00000000429ef07d ut=208
HMEM: write 000000008000610c with 00000000431a4361 ut=209
HMEM: write 0000000080006110 with 0000000042bf6c2c ut=210
HMEM: write 0000000080006114 with 00000000435bd7e7 ut=211
HMEM: write 0000000080006118 with 00000000437a8093 ut=212
HMEM: write 000000008000611c with 00000000421cc2ea ut=213
HMEM: write 0000000080006120 with 0000000042b5a256 ut=214
HMEM: write 0000000080006124 with 0000000042c4a79a ut=215
HMEM: write 0000000080006128 with 0000000042f4dd5a ut=216
HMEM: write 000000008000612c with 0000000043760abe ut=217
HMEM: write 0000000080006130 with 00000000422fbef3 ut=218
HMEM: write 0000000080006134 with 000000004295c3de ut=219
HMEM: write 0000000080006138 with 00000000437f56f6 ut=220
HMEM: write 000000008000613c with 0000000042fbee48 ut=221
HMEM: write 0000000080006140 with 0000000042b08884 ut=222
HMEM: write 0000000080006144 with 0000000042b533a8 ut=223
HMEM: write 0000000080006148 with 00000000432fe806 ut=224
HMEM: write 000000008000614c with 00000000430a3f22 ut=225
HMEM: write 0000000080006150 with 000000004329e61e ut=226
HMEM: write 0000000080006154 with 0000000042065aea ut=227
HMEM: write 0000000080006158 with 000000004357f5f7 ut=228
HMEM: write 000000008000615c with 000000004365b320 ut=229
HMEM: write 0000000080006160 with 00000000437a661e ut=230
HMEM: write 0000000080006164 with 0000000043817543 ut=231
HMEM: write 0000000080006168 with 00000000437fee7b ut=232
HMEM: write 000000008000616c with 000000004298b493 ut=233
HMEM: write 0000000080006170 with 0000000042bd2218 ut=234
HMEM: write 0000000080006174 with 0000000041688939 ut=235
HMEM: write 0000000080006178 with 000000004380569d ut=236
HMEM: write 000000008000617c with 00000000437c5341 ut=237
HMEM: write 0000000080006180 with 0000000043193390 ut=238
HMEM: write 0000000080006184 with 0000000042acb653 ut=239
HMEM: write 0000000080006188 with 0000000042ad4aff ut=240
HMEM: write 000000008000618c with 00000000428e9244 ut=241
HMEM: write 0000000080006190 with 000000004250c8db ut=242
HMEM: write 0000000080006194 with 0000000043419b8a ut=243
HMEM: write 0000000080006198 with 000000004259ea1b ut=244
HMEM: write 000000008000619c with 0000000041d655c4 ut=245
HMEM: write 00000000800061a0 with 0000000041f86751 ut=246
HMEM: write 00000000800061a4 with 0000000042ba723e ut=247
HMEM: write 00000000800061a8 with 00000000415212c5 ut=248
HMEM: write 00000000800061ac with 00000000433ed7f3 ut=249
HMEM: write 00000000800061b0 with 0000000043004d4c ut=250
HMEM: write 00000000800061b4 with 0000000042939e04 ut=251
HMEM: write 00000000800061b8 with 0000000043816e74 ut=252
HMEM: write 00000000800061bc with 0000000043592881 ut=253
HMEM: write 00000000800061c0 with 0000000043467d13 ut=254
HMEM: write 00000000800061c4 with 0000000042efebc7 ut=255
HMEM: write 00000000800061c8 with 00000000429ec56e ut=256
HMEM: write 00000000800061cc with 0000000042fb38fa ut=257
HMEM: write 00000000800061d0 with 0000000042c5b724 ut=258
HMEM: write 00000000800061d4 with 0000000042425e76 ut=259
HMEM: write 00000000800061d8 with 00000000419f3de4 ut=260
HMEM: write 00000000800061dc with 000000004345f881 ut=261
HMEM: write 00000000800061e0 with 0000000042afd08a ut=262
HMEM: write 00000000800061e4 with 000000004293779c ut=263
HMEM: write 00000000800061e8 with 0000000041ca5485 ut=264
HMEM: write 00000000800061ec with 00000000420fe2e2 ut=265
HMEM: write 00000000800061f0 with 00000000437d610f ut=266
HMEM: write 00000000800061f4 with 00000000432c0c15 ut=267
HMEM: write 00000000800061f8 with 0000000043178812 ut=268
HMEM: write 00000000800061fc with 0000000043322297 ut=269
HMEM: write 0000000080006200 with 000000004289a8ac ut=270
HMEM: write 0000000080006204 with 0000000043195f52 ut=271
HMEM: write 0000000080006208 with 0000000042671273 ut=272
HMEM: write 000000008000620c with 0000000042fc5da2 ut=273
HMEM: write 0000000080006210 with 0000000042ea8f36 ut=274
HMEM: write 0000000080006214 with 00000000428e819e ut=275
HMEM: write 0000000080006218 with 00000000423d4200 ut=276
HMEM: write 000000008000621c with 000000004254bb74 ut=277
HMEM: write 0000000080006220 with 000000004299d35e ut=278
HMEM: write 0000000080006224 with 0000000043223985 ut=279
HMEM: write 0000000080006228 with 0000000042f76705 ut=280
HMEM: write 000000008000622c with 00000000430e4c04 ut=281
HMEM: write 0000000080006230 with 000000004325c650 ut=282
HMEM: write 0000000080006234 with 00000000416ab405 ut=283
HMEM: write 0000000080006238 with 000000004348dc7f ut=284
HMEM: write 000000008000623c with 00000000426eea54 ut=285
HMEM: write 0000000080006240 with 000000004327339f ut=286
HMEM: write 0000000080006244 with 0000000041a82d12 ut=287
HMEM: write 0000000080006248 with 00000000424c11a9 ut=288
HMEM: write 000000008000624c with 0000000042db2cd7 ut=289
HMEM: write 0000000080006250 with 000000004308e240 ut=290
HMEM: write 0000000080006254 with 0000000042a22603 ut=291
HMEM: write 0000000080006258 with 000000004383e4d1 ut=292
HMEM: write 000000008000625c with 0000000043148795 ut=293
HMEM: write 0000000080006260 with 0000000042923de0 ut=294
HMEM: write 0000000080006264 with 0000000041e5cc93 ut=295
HMEM: write 0000000080006268 with 0000000042b1ff89 ut=296
HMEM: write 000000008000626c with 00000000422902ee ut=297
HMEM: write 0000000080006270 with 00000000422fbc10 ut=298
HMEM: write 0000000080006274 with 0000000043218d01 ut=299
HMEM: write 0000000080006278 with 00000000428366d5 ut=300
HMEM: write 000000008000627c with 000000004261dd9e ut=301
HMEM: write 0000000080006280 with 00000000436b1097 ut=302
HMEM: write 0000000080006284 with 0000000042592112 ut=303
HMEM: write 0000000080006288 with 00000000430bfbe3 ut=304
HMEM: write 000000008000628c with 00000000437e6bb3 ut=305
HMEM: write 0000000080006290 with 000000004376aa20 ut=306
HMEM: write 0000000080006294 with 000000004272809e ut=307
HMEM: write 0000000080006298 with 0000000041d10a3c ut=308
HMEM: write 000000008000629c with 00000000435287ea ut=309
HMEM: write 00000000800062a0 with 00000000433a77f4 ut=310
HMEM: write 00000000800062a4 with 00000000433c5f90 ut=311
HMEM: write 00000000800062a8 with 0000000041242048 ut=312
HMEM: write 00000000800062ac with 000000004196eb2f ut=313
HMEM: write 00000000800062b0 with 000000004274e87e ut=314
HMEM: write 00000000800062b4 with 00000000436a7112 ut=315
HMEM: write 00000000800062b8 with 00000000426b010f ut=316
HMEM: write 00000000800062bc with 000000004250a256 ut=317
HMEM: write 00000000800062c0 with 0000000043703c81 ut=318
HMEM: write 00000000800062c4 with 00000000433c3a25 ut=319
HMEM: write 00000000800062c8 with 0000000042f06e27 ut=320
HMEM: write 00000000800062cc with 000000004265954f ut=321
HMEM: write 00000000800062d0 with 0000000043336146 ut=322
HMEM: write 00000000800062d4 with 000000004220a0be ut=323
HMEM: write 00000000800062d8 with 000000004329c6e0 ut=324
HMEM: write 00000000800062dc with 00000000422132d5 ut=325
HMEM: write 00000000800062e0 with 000000004242b605 ut=326
HMEM: write 00000000800062e4 with 0000000041b12b4e ut=327
HMEM: write 00000000800062e8 with 0000000042ac54fd ut=328
HMEM: write 00000000800062ec with 0000000042fed435 ut=329
HMEM: write 00000000800062f0 with 0000000043498bfd ut=330
HMEM: write 00000000800062f4 with 000000004369c98e ut=331
HMEM: write 00000000800062f8 with 000000004385d583 ut=332
HMEM: write 00000000800062fc with 00000000431c698b ut=333
HMEM: write 0000000080006300 with 00000000437bf84d ut=334
HMEM: write 0000000080006304 with 00000000430fd599 ut=335
HMEM: write 0000000080006308 with 00000000435d8515 ut=336
HMEM: write 000000008000630c with 000000004360cfd6 ut=337
HMEM: write 0000000080006310 with 0000000040ae687f ut=338
HMEM: write 0000000080006314 with 000000004310b6a8 ut=339
HMEM: write 0000000080006318 with 0000000042828beb ut=340
HMEM: write 000000008000631c with 00000000427def94 ut=341
HMEM: write 0000000080006320 with 000000004257b9ee ut=342
HMEM: write 0000000080006324 with 0000000042d721a5 ut=343
HMEM: write 0000000080006328 with 0000000042921622 ut=344
HMEM: write 000000008000632c with 000000004290a7f3 ut=345
HMEM: write 0000000080006330 with 0000000042b38dda ut=346
HMEM: write 0000000080006334 with 000000004310427e ut=347
HMEM: write 0000000080006338 with 0000000042a1a3fa ut=348
HMEM: write 000000008000633c with 00000000430038b1 ut=349
HMEM: write 0000000080006340 with 000000004158bd1a ut=350
HMEM: write 0000000080006344 with 000000004367c44f ut=351
HMEM: write 0000000080006348 with 000000004174a0c8 ut=352
HMEM: write 000000008000634c with 000000004210dde4 ut=353
HMEM: write 0000000080006350 with 00000000431de543 ut=354
HMEM: write 0000000080006354 with 000000004367edd7 ut=355
HMEM: write 0000000080006358 with 0000000041ac64f8 ut=356
HMEM: write 000000008000635c with 0000000042838545 ut=357
HMEM: write 0000000080006360 with 0000000041b391e5 ut=358
HMEM: write 0000000080006364 with 000000004319c29c ut=359
HMEM: write 0000000080006368 with 0000000042b333ee ut=360
HMEM: write 000000008000636c with 00000000429d4847 ut=361
HMEM: write 0000000080006370 with 000000004326283f ut=362
HMEM: write 0000000080006374 with 00000000424d97e6 ut=363
HMEM: write 0000000080006378 with 00000000429ff3cc ut=364
HMEM: write 000000008000637c with 0000000042028781 ut=365
HMEM: write 0000000080006380 with 000000004379e5bb ut=366
HMEM: write 0000000080006384 with 0000000042a65bfe ut=367
HMEM: write 0000000080006388 with 0000000042d34d18 ut=368
HMEM: write 000000008000638c with 00000000422bc476 ut=369
HMEM: write 0000000080006390 with 0000000041034ce4 ut=370
HMEM: write 0000000080006394 with 00000000435750ab ut=371
HMEM: write 0000000080006398 with 0000000043251768 ut=372
HMEM: write 000000008000639c with 00000000431b0904 ut=373
HMEM: write 00000000800063a0 with 00000000436b1740 ut=374
HMEM: write 00000000800063a4 with 0000000043166256 ut=375
HMEM: write 00000000800063a8 with 00000000432b6605 ut=376
HMEM: write 00000000800063ac with 000000004367bdc7 ut=377
HMEM: write 00000000800063b0 with 000000004317aefd ut=378
HMEM: write 00000000800063b4 with 0000000041a6002f ut=379
HMEM: write 00000000800063b8 with 00000000436e4d55 ut=380
HMEM: write 00000000800063bc with 0000000041efb34c ut=381
HMEM: write 00000000800063c0 with 000000004203c2c3 ut=382
HMEM: write 00000000800063c4 with 000000004222a9a7 ut=383
HMEM: write 00000000800063c8 with 0000000041dc05c3 ut=384
HMEM: write 00000000800063cc with 00000000431e25b2 ut=385
HMEM: write 00000000800063d0 with 0000000042810abc ut=386
HMEM: write 00000000800063d4 with 00000000429583d6 ut=387
HMEM: write 00000000800063d8 with 000000004253ba4c ut=388
HMEM: write 00000000800063dc with 00000000423bfba1 ut=389
HMEM: write 00000000800063e0 with 0000000042658748 ut=390
HMEM: write 00000000800063e4 with 00000000428ced44 ut=391
HMEM: write 00000000800063e8 with 00000000434ad180 ut=392
HMEM: write 00000000800063ec with 00000000423a0014 ut=393
HMEM: write 00000000800063f0 with 000000004305f23d ut=394
HMEM: write 00000000800063f4 with 00000000425f961a ut=395
HMEM: write 00000000800063f8 with 0000000041e32329 ut=396
HMEM: write 00000000800063fc with 0000000042877368 ut=397
HMEM: write 0000000080006400 with 00000000430ba287 ut=398
HMEM: write 0000000080006404 with 0000000042ccce62 ut=399
HMEM: write 0000000080006408 with 00000000426f0f6d ut=400
HMEM: write 000000008000640c with 0000000042aef95e ut=401
HMEM: write 0000000080006410 with 0000000043163b3f ut=402
HMEM: write 0000000080006414 with 00000000432de6e9 ut=403
HMEM: write 0000000080006418 with 00000000431d73a9 ut=404
HMEM: write 000000008000641c with 00000000419d43f2 ut=405
HMEM: write 0000000080006420 with 0000000043401d01 ut=406
HMEM: write 0000000080006424 with 0000000043867fbc ut=407
HMEM: write 0000000080006428 with 0000000042ac760c ut=408
HMEM: write 000000008000642c with 00000000420eafd3 ut=409
HMEM: write 0000000080006430 with 0000000043244a37 ut=410
HMEM: write 0000000080006434 with 0000000042e41224 ut=411
HMEM: write 0000000080006438 with 0000000043073ef5 ut=412
HMEM: write 000000008000643c with 0000000042a5d2f4 ut=413
HMEM: write 0000000080006440 with 0000000042ad5005 ut=414
HMEM: write 0000000080006444 with 000000004376e6f3 ut=415
HMEM: write 0000000080006448 with 00000000429dc75c ut=416
HMEM: write 000000008000644c with 00000000438496fc ut=417
HMEM: write 0000000080006450 with 000000004373d48c ut=418
HMEM: write 0000000080006454 with 0000000042fe2030 ut=419
HMEM: write 0000000080006458 with 0000000043018e7c ut=420
HMEM: write 000000008000645c with 000000004267b269 ut=421
HMEM: write 0000000080006460 with 0000000042b5a322 ut=422
HMEM: write 0000000080006464 with 000000004256f443 ut=423
HMEM: write 0000000080006468 with 00000000428a867e ut=424
HMEM: write 000000008000646c with 00000000414fadda ut=425
HMEM: write 0000000080006470 with 0000000041c668e2 ut=426
HMEM: write 0000000080006474 with 0000000042ef960d ut=427
HMEM: write 0000000080006478 with 000000004381f724 ut=428
HMEM: write 000000008000647c with 00000000432de969 ut=429
HMEM: write 0000000080006480 with 000000004340c097 ut=430
HMEM: write 0000000080006484 with 0000000042dd5ea9 ut=431
HMEM: write 0000000080006488 with 0000000041dc7ead ut=432
HMEM: write 000000008000648c with 0000000043166d36 ut=433
HMEM: write 0000000080006490 with 0000000041e81ddb ut=434
HMEM: write 0000000080006494 with 0000000042a251b5 ut=435
HMEM: write 0000000080006498 with 000000004346cbae ut=436
HMEM: write 000000008000649c with 00000000432af3cc ut=437
HMEM: write 00000000800064a0 with 0000000042e5583a ut=438
HMEM: write 00000000800064a4 with 00000000418bf2c3 ut=439
HMEM: write 00000000800064a8 with 0000000043216ce6 ut=440
HMEM: write 00000000800064ac with 0000000042ea0341 ut=441
HMEM: write 00000000800064b0 with 00000000423a8d0b ut=442
HMEM: write 00000000800064b4 with 0000000041bb9782 ut=443
HMEM: write 00000000800064b8 with 00000000437b4c74 ut=444
HMEM: write 00000000800064bc with 0000000042c1a4b6 ut=445
HMEM: write 00000000800064c0 with 00000000428b71f1 ut=446
HMEM: write 00000000800064c4 with 000000004231fc1e ut=447
HMEM: write 00000000800064c8 with 000000004222927b ut=448
HMEM: write 00000000800064cc with 000000004386076a ut=449
HMEM: write 00000000800064d0 with 0000000043330092 ut=450
HMEM: write 00000000800064d4 with 0000000042a2e7d5 ut=451
HMEM: write 00000000800064d8 with 000000004383f805 ut=452
HMEM: write 00000000800064dc with 0000000042b6bfb9 ut=453
HMEM: write 00000000800064e0 with 0000000042092c5c ut=454
HMEM: write 00000000800064e4 with 000000004358c73d ut=455
HMEM: write 00000000800064e8 with 000000004301eef3 ut=456
HMEM: write 00000000800064ec with 000000004340181c ut=457
HMEM: write 00000000800064f0 with 0000000041cbe0b9 ut=458
HMEM: write 00000000800064f4 with 0000000041f70b6f ut=459
HMEM: write 00000000800064f8 with 00000000420aa617 ut=460
HMEM: write 00000000800064fc with 00000000437de430 ut=461
HMEM: write 0000000080006500 with 00000000423e6315 ut=462
HMEM: write 0000000080006504 with 0000000042238b5e ut=463
HMEM: write 0000000080006508 with 000000004310ce9c ut=464
HMEM: write 000000008000650c with 00000000429d774c ut=465
HMEM: write 0000000080006510 with 000000004329d3d4 ut=466
HMEM: write 0000000080006514 with 0000000042da421b ut=467
HMEM: write 0000000080006518 with 000000004350ad33 ut=468
HMEM: write 000000008000651c with 00000000432b7770 ut=469
HMEM: write 0000000080006520 with 000000004386ef97 ut=470
HMEM: write 0000000080006524 with 000000004268553b ut=471
HMEM: write 0000000080006528 with 0000000042c285da ut=472
HMEM: write 000000008000652c with 0000000041d4bb6a ut=473
HMEM: write 0000000080006530 with 0000000042145e28 ut=474
HMEM: write 0000000080006534 with 000000004380054c ut=475
HMEM: write 0000000080006538 with 0000000042f47825 ut=476
HMEM: write 000000008000653c with 0000000042a7d079 ut=477
HMEM: write 0000000080006540 with 0000000041f6bf66 ut=478
HMEM: write 0000000080006544 with 000000004267a711 ut=479
HMEM: write 0000000080006548 with 00000000434d05d6 ut=480
HMEM: write 000000008000654c with 0000000042a20de9 ut=481
HMEM: write 0000000080006550 with 00000000422835dd ut=482
HMEM: write 0000000080006554 with 0000000042df53d0 ut=483
HMEM: write 0000000080006558 with 000000004271336a ut=484
HMEM: write 000000008000655c with 0000000041a02e4b ut=485
HMEM: write 0000000080006560 with 00000000433134b5 ut=486
HMEM: write 0000000080006564 with 0000000043855cc0 ut=487
HMEM: write 0000000080006568 with 00000000427ec221 ut=488
HMEM: write 000000008000656c with 0000000043267a3d ut=489
HMEM: write 0000000080006570 with 00000000431394a6 ut=490
HMEM: write 0000000080006574 with 00000000428bcc5e ut=491
HMEM: write 0000000080006578 with 0000000043285442 ut=492
HMEM: write 000000008000657c with 0000000042e84abb ut=493
HMEM: write 0000000080006580 with 0000000042896ede ut=494
HMEM: write 0000000080006584 with 0000000042d3c91f ut=495
HMEM: write 0000000080006588 with 0000000042f6c588 ut=496
HMEM: write 000000008000658c with 0000000042d1d799 ut=497
HMEM: write 0000000080006590 with 00000000436b693f ut=498
HMEM: write 0000000080006594 with 0000000042c26977 ut=499
HMEM: write 0000000080006598 with 0000000042cee098 ut=500
HMEM: write 000000008000659c with 0000000043846c82 ut=501
HMEM: write 00000000800065a0 with 00000000434f1229 ut=502
HMEM: write 00000000800065a4 with 000000004282fced ut=503
HMEM: write 00000000800065a8 with 000000004213e2fe ut=504
HMEM: write 00000000800065ac with 000000004210fc03 ut=505
HMEM: write 00000000800065b0 with 0000000042a2219a ut=506
HMEM: write 00000000800065b4 with 00000000430bdf1a ut=507
HMEM: write 00000000800065b8 with 00000000420c763f ut=508
HMEM: write 00000000800065bc with 000000004316f4b9 ut=509
HMEM: write 00000000800065c0 with 00000000423f0578 ut=510
HMEM: write 00000000800065c4 with 0000000043380301 ut=511
H: WT pc=0000000080002080 inst=8000080002022f3f next=0000000080002088 vl=512 act=ffffffffffffffffffffffffffffffffffffffffffffffffffffffffffffffffffffffffffffffffffffffffffffffffffffffffffffffffffffffffffffffff
H: WT pc=0000000080002088 inst=86aa04040201063f next=0000000080002090 vl=512 act=ffffffffffffffffffffffffffffffffffffffffffffffffffffffffffffffffffffffffffffffffffffffffffffffffffffffffffffffffffffffffffffffff
H: WT pc=0000000080002090 inst=87ba06060101063f next=0000000080002098 vl=512 act=ffffffffffffffffffffffffffffffffffffffffffffffffffffffffffffffffffffffffffffffffffffffffffffffffffffffffffffffffffffffffffffffff
H: WT pc=0000000080002098 inst=0000000000000c3f next=00000000800020a0 vl=512 act=-
H: WT pc=0000000080002010 inst=87fe00000000063f next=0000000080002018 vl=512 act=ffffffffffffffffffffffffffffffffffffffffffffffffffffffffffffffffffffffffffffffffffffffffffffffffffffffffffffffffffffffffffffffff
H: WT pc=0000000080002018 inst=805800000000063f next=0000000080002020 vl=512 act=ffffffffffffffffffffffffffffffffffffffffffffffffffffffffffffffffffffffffffffffffffffffffffffffffffffffffffffffffffffffffffffffff
H: WT pc=0000000080002020 inst=c000007e0000063f next=0000000080002028 vl=512 act=ffffffffffffffffffffffffffffffffffffffffffffffffffffffffffffffffffffffffffffffffffffffffffffffffffffffffffffffffffffffffffffffff
H: WT pc=0000000080002028 inst=c012007c0001063f next=0000000080002030 vl=512 act=ffffffffffffffffffffffffffffffffffffffffffffffffffffffffffffffffffffffffffffffffffffffffffffffffffffffffffffffffffffffffffffffff
H: WT pc=0000000080002030 inst=860202020002063f next=0000000080002038 vl=512 act=ffffffffffffffffffffffffffffffffffffffffffffffffffffffffffffffffffffffffffffffffffffffffffffffffffffffffffffffffffffffffffffffff
H: WT pc=0000000080002038 inst=840a02020003063f next=0000000080002040 vl=512 act=ffffffffffffffffffffffffffffffffffffffffffffffffffffffffffffffffffffffffffffffffffffffffffffffffffffffffffffffffffffffffffffffff
H: WT pc=0000000080002040 inst=0000004900012dbf next=0000000080002048 vl=512 act=-
HMEM: read from 0000000080009dc8 ut=0
HMEM: read from 0000000080009dd0 ut=1
HMEM: read from 0000000080009dd8 ut=2
HMEM: read from 0000000080009de0 ut=3
HMEM: read from 0000000080009de8 ut=4
HMEM: read from 0000000080009df0 ut=5
HMEM: read from 0000000080009df8 ut=6
HMEM: read from 0000000080009e00 ut=7
HMEM: read from 0000000080009e08 ut=8
HMEM: read from 0000000080009e10 ut=9
HMEM: read from 0000000080009e18 ut=10
HMEM: read from 0000000080009e20 ut=11
HMEM: read from 0000000080009e28 ut=12
HMEM: read from 0000000080009e30 ut=13
HMEM: read from 0000000080009e38 ut=14
HMEM: read from 0000000080009e40 ut=15
HMEM: read from 0000000080009e48 ut=16
HMEM: read from 0000000080009e50 ut=17
HMEM: read from 0000000080009e58 ut=18
HMEM: read from 0000000080009e60 ut=19
HMEM: read from 0000000080009e68 ut=20
HMEM: read from 0000000080009e70 ut=21
HMEM: read from 0000000080009e78 ut=22
HMEM: read from 0000000080009e80 ut=23
HMEM: read from 0000000080009e88 ut=24
HMEM: read from 0000000080009e90 ut=25
HMEM: read from 0000000080009e98 ut=26
HMEM: read from 0000000080009ea0 ut=27
HMEM: read from 0000000080009ea8 ut=28
HMEM: read from 0000000080009eb0 ut=29
HMEM: read from 0000000080009eb8 ut=30
HMEM: read from 0000000080009ec0 ut=31
HMEM: read from 0000000080009ec8 ut=32
HMEM: read from 0000000080009ed0 ut=33
HMEM: read from 0000000080009ed8 ut=34
HMEM: read from 0000000080009ee0 ut=35
HMEM: read from 0000000080009ee8 ut=36
HMEM: read from 0000000080009ef0 ut=37
HMEM: read from 0000000080009ef8 ut=38
HMEM: read from 0000000080009f00 ut=39
HMEM: read from 0000000080009f08 ut=40
HMEM: read from 0000000080009f10 ut=41
HMEM: read from 0000000080009f18 ut=42
HMEM: read from 0000000080009f20 ut=43
HMEM: read from 0000000080009f28 ut=44
HMEM: read from 0000000080009f30 ut=45
HMEM: read from 0000000080009f38 ut=46
HMEM: read from 0000000080009f40 ut=47
HMEM: read from 0000000080009f48 ut=48
HMEM: read from 0000000080009f50 ut=49
HMEM: read from 0000000080009f58 ut=50
HMEM: read from 0000000080009f60 ut=51
HMEM: read from 0000000080009f68 ut=52
HMEM: read from 0000000080009f70 ut=53
HMEM: read from 0000000080009f78 ut=54
HMEM: read from 0000000080009f80 ut=55
HMEM: read from 0000000080009f88 ut=56
HMEM: read from 0000000080009f90 ut=57
HMEM: read from 0000000080009f98 ut=58
HMEM: read from 0000000080009fa0 ut=59
HMEM: read from 0000000080009fa8 ut=60
HMEM: read from 0000000080009fb0 ut=61
HMEM: read from 0000000080009fb8 ut=62
HMEM: read from 0000000080009fc0 ut=63
HMEM: read from 0000000080009fc8 ut=64
HMEM: read from 0000000080009fd0 ut=65
HMEM: read from 0000000080009fd8 ut=66
HMEM: read from 0000000080009fe0 ut=67
HMEM: read from 0000000080009fe8 ut=68
HMEM: read from 0000000080009ff0 ut=69
HMEM: read from 0000000080009ff8 ut=70
HMEM: read from 000000008000a000 ut=71
HMEM: read from 000000008000a008 ut=72
HMEM: read from 000000008000a010 ut=73
HMEM: read from 000000008000a018 ut=74
HMEM: read from 000000008000a020 ut=75
HMEM: read from 000000008000a028 ut=76
HMEM: read from 000000008000a030 ut=77
HMEM: read from 000000008000a038 ut=78
HMEM: read from 000000008000a040 ut=79
HMEM: read from 000000008000a048 ut=80
HMEM: read from 000000008000a050 ut=81
HMEM: read from 000000008000a058 ut=82
HMEM: read from 000000008000a060 ut=83
HMEM: read from 000000008000a068 ut=84
HMEM: read from 000000008000a070 ut=85
HMEM: read from 000000008000a078 ut=86
HMEM: read from 000000008000a080 ut=87
HMEM: read from 000000008000a088 ut=88
HMEM: read from 000000008000a090 ut=89
HMEM: read from 000000008000a098 ut=90
HMEM: read from 000000008000a0a0 ut=91
HMEM: read from 000000008000a0a8 ut=92
HMEM: read from 000000008000a0b0 ut=93
HMEM: read from 000000008000a0b8 ut=94
HMEM: read from 000000008000a0c0 ut=95
HMEM: read from 000000008000a0c8 ut=96
HMEM: read from 000000008000a0d0 ut=97
HMEM: read from 000000008000a0d8 ut=98
HMEM: read from 000000008000a0e0 ut=99
HMEM: read from 000000008000a0e8 ut=100
HMEM: read from 000000008000a0f0 ut=101
HMEM: read from 000000008000a0f8 ut=102
HMEM: read from 000000008000a100 ut=103
HMEM: read from 000000008000a108 ut=104
HMEM: read from 000000008000a110 ut=105
HMEM: read from 000000008000a118 ut=106
HMEM: read from 000000008000a120 ut=107
HMEM: read from 000000008000a128 ut=108
HMEM: read from 000000008000a130 ut=109
HMEM: read from 000000008000a138 ut=110
HMEM: read from 000000008000a140 ut=111
HMEM: read from 000000008000a148 ut=112
HMEM: read from 000000008000a150 ut=113
HMEM: read from 000000008000a158 ut=114
HMEM: read from 000000008000a160 ut=115
HMEM: read from 000000008000a168 ut=116
HMEM: read from 000000008000a170 ut=117
HMEM: read from 000000008000a178 ut=118
HMEM: read from 000000008000a180 ut=119
HMEM: read from 000000008000a188 ut=120
HMEM: read from 000000008000a190 ut=121
HMEM: read from 000000008000a198 ut=122
HMEM: read from 000000008000a1a0 ut=123
HMEM: read from 000000008000a1a8 ut=124
HMEM: read from 000000008000a1b0 ut=125
HMEM: read from 000000008000a1b8 ut=126
HMEM: read from 000000008000a1c0 ut=127
HMEM: read from 000000008000a1c8 ut=128
HMEM: read from 000000008000a1d0 ut=129
HMEM: read from 000000008000a1d8 ut=130
HMEM: read from 000000008000a1e0 ut=131
HMEM: read from 000000008000a1e8 ut=132
HMEM: read from 000000008000a1f0 ut=133
HMEM: read from 000000008000a1f8 ut=134
HMEM: read from 000000008000a200 ut=135
HMEM: read from 000000008000a208 ut=136
HMEM: read from 000000008000a210 ut=137
HMEM: read from 000000008000a218 ut=138
HMEM: read from 000000008000a220 ut=139
HMEM: read from 000000008000a228 ut=140
HMEM: read from 000000008000a230 ut=141
HMEM: read from 000000008000a238 ut=142
HMEM: read from 000000008000a240 ut=143
HMEM: read from 000000008000a248 ut=144
HMEM: read from 000000008000a250 ut=145
HMEM: read from 000000008000a258 ut=146
HMEM: read from 000000008000a260 ut=147
HMEM: read from 000000008000a268 ut=148
HMEM: read from 000000008000a270 ut=149
HMEM: read from 000000008000a278 ut=150
HMEM: read from 000000008000a280 ut=151
HMEM: read from 000000008000a288 ut=152
HMEM: read from 000000008000a290 ut=153
HMEM: read from 000000008000a298 ut=154
HMEM: read from 000000008000a2a0 ut=155
HMEM: read from 000000008000a2a8 ut=156
HMEM: read from 000000008000a2b0 ut=157
HMEM: read from 000000008000a2b8 ut=158
HMEM: read from 000000008000a2c0 ut=159
HMEM: read from 000000008000a2c8 ut=160
HMEM: read from 000000008000a2d0 ut=161
HMEM: read from 000000008000a2d8 ut=162
HMEM: read from 000000008000a2e0 ut=163
HMEM: read from 000000008000a2e8 ut=164
HMEM: read from 000000008000a2f0 ut=165
HMEM: read from 000000008000a2f8 ut=166
HMEM: read from 000000008000a300 ut=167
HMEM: read from 000000008000a308 ut=168
HMEM: read from 000000008000a310 ut=169
HMEM: read from 000000008000a318 ut=170
HMEM: read from 000000008000a320 ut=171
HMEM: read from 000000008000a328 ut=172
HMEM: read from 000000008000a330 ut=173
HMEM: read from 000000008000a338 ut=174
HMEM: read from 000000008000a340 ut=175
HMEM: read from 000000008000a348 ut=176
HMEM: read from 000000008000a350 ut=177
HMEM: read from 000000008000a358 ut=178
HMEM: read from 000000008000a360 ut=179
HMEM: read from 000000008000a368 ut=180
HMEM: read from 000000008000a370 ut=181
HMEM: read from 000000008000a378 ut=182
HMEM: read from 000000008000a380 ut=183
HMEM: read from 000000008000a388 ut=184
HMEM: read from 000000008000a390 ut=185
HMEM: read from 000000008000a398 ut=186
HMEM: read from 000000008000a3a0 ut=187
HMEM: read from 000000008000a3a8 ut=188
HMEM: read from 000000008000a3b0 ut=189
HMEM: read from 000000008000a3b8 ut=190
HMEM: read from 000000008000a3c0 ut=191
HMEM: read from 000000008000a3c8 ut=192
HMEM: read from 000000008000a3d0 ut=193
HMEM: read from 000000008000a3d8 ut=194
HMEM: read from 000000008000a3e0 ut=195
HMEM: read from 000000008000a3e8 ut=196
HMEM: read from 000000008000a3f0 ut=197
HMEM: read from 000000008000a3f8 ut=198
HMEM: read from 000000008000a400 ut=199
HMEM: read from 000000008000a408 ut=200
HMEM: read from 000000008000a410 ut=201
HMEM: read from 000000008000a418 ut=202
HMEM: read from 000000008000a420 ut=203
HMEM: read from 000000008000a428 ut=204
HMEM: read from 000000008000a430 ut=205
HMEM: read from 000000008000a438 ut=206
HMEM: read from 000000008000a440 ut=207
HMEM: read from 000000008000a448 ut=208
HMEM: read from 000000008000a450 ut=209
HMEM: read from 000000008000a458 ut=210
HMEM: read from 000000008000a460 ut=211
HMEM: read from 000000008000a468 ut=212
HMEM: read from 000000008000a470 ut=213
HMEM: read from 000000008000a478 ut=214
HMEM: read from 000000008000a480 ut=215
HMEM: read from 000000008000a488 ut=216
HMEM: read from 000000008000a490 ut=217
HMEM: read from 000000008000a498 ut=218
HMEM: read from 000000008000a4a0 ut=219
HMEM: read from 000000008000a4a8 ut=220
HMEM: read from 000000008000a4b0 ut=221
HMEM: read from 000000008000a4b8 ut=222
HMEM: read from 000000008000a4c0 ut=223
HMEM: read from 000000008000a4c8 ut=224
HMEM: read from 000000008000a4d0 ut=225
HMEM: read from 000000008000a4d8 ut=226
HMEM: read from 000000008000a4e0 ut=227
HMEM: read from 000000008000a4e8 ut=228
HMEM: read from 000000008000a4f0 ut=229
HMEM: read from 000000008000a4f8 ut=230
HMEM: read from 000000008000a500 ut=231
HMEM: read from 000000008000a508 ut=232
HMEM: read from 000000008000a510 ut=233
HMEM: read from 000000008000a518 ut=234
HMEM: read from 000000008000a520 ut=235
HMEM: read from 000000008000a528 ut=236
HMEM: read from 000000008000a530 ut=237
HMEM: read from 000000008000a538 ut=238
HMEM: read from 000000008000a540 ut=239
HMEM: read from 000000008000a548 ut=240
HMEM: read from 000000008000a550 ut=241
HMEM: read from 000000008000a558 ut=242
HMEM: read from 000000008000a560 ut=243
HMEM: read from 000000008000a568 ut=244
HMEM: read from 000000008000a570 ut=245
HMEM: read from 000000008000a578 ut=246
HMEM: read from 000000008000a580 ut=247
HMEM: read from 000000008000a588 ut=248
HMEM: read from 000000008000a590 ut=249
HMEM: read from 000000008000a598 ut=250
HMEM: read from 000000008000a5a0 ut=251
HMEM: read from 000000008000a5a8 ut=252
HMEM: read from 000000008000a5b0 ut=253
HMEM: read from 000000008000a5b8 ut=254
HMEM: read from 000000008000a5c0 ut=255
HMEM: read from 000000008000a5c8 ut=256
HMEM: read from 000000008000a5d0 ut=257
HMEM: read from 000000008000a5d8 ut=258
HMEM: read from 000000008000a5e0 ut=259
HMEM: read from 000000008000a5e8 ut=260
HMEM: read from 000000008000a5f0 ut=261
HMEM: read from 000000008000a5f8 ut=262
HMEM: read from 000000008000a600 ut=263
HMEM: read from 000000008000a608 ut=264
HMEM: read from 000000008000a610 ut=265
HMEM: read from 000000008000a618 ut=266
HMEM: read from 000000008000a620 ut=267
HMEM: read from 000000008000a628 ut=268
HMEM: read from 000000008000a630 ut=269
HMEM: read from 000000008000a638 ut=270
HMEM: read from 000000008000a640 ut=271
HMEM: read from 000000008000a648 ut=272
HMEM: read from 000000008000a650 ut=273
HMEM: read from 000000008000a658 ut=274
HMEM: read from 000000008000a660 ut=275
HMEM: read from 000000008000a668 ut=276
HMEM: read from 000000008000a670 ut=277
HMEM: read from 000000008000a678 ut=278
HMEM: read from 000000008000a680 ut=279
HMEM: read from 000000008000a688 ut=280
HMEM: read from 000000008000a690 ut=281
HMEM: read from 000000008000a698 ut=282
HMEM: read from 000000008000a6a0 ut=283
HMEM: read from 000000008000a6a8 ut=284
HMEM: read from 000000008000a6b0 ut=285
HMEM: read from 000000008000a6b8 ut=286
HMEM: read from 000000008000a6c0 ut=287
HMEM: read from 000000008000a6c8 ut=288
HMEM: read from 000000008000a6d0 ut=289
HMEM: read from 000000008000a6d8 ut=290
HMEM: read from 000000008000a6e0 ut=291
HMEM: read from 000000008000a6e8 ut=292
HMEM: read from 000000008000a6f0 ut=293
HMEM: read from 000000008000a6f8 ut=294
HMEM: read from 000000008000a700 ut=295
HMEM: read from 000000008000a708 ut=296
HMEM: read from 000000008000a710 ut=297
HMEM: read from 000000008000a718 ut=298
HMEM: read from 000000008000a720 ut=299
HMEM: read from 000000008000a728 ut=300
HMEM: read from 000000008000a730 ut=301
HMEM: read from 000000008000a738 ut=302
HMEM: read from 000000008000a740 ut=303
HMEM: read from 000000008000a748 ut=304
HMEM: read from 000000008000a750 ut=305
HMEM: read from 000000008000a758 ut=306
HMEM: read from 000000008000a760 ut=307
HMEM: read from 000000008000a768 ut=308
HMEM: read from 000000008000a770 ut=309
HMEM: read from 000000008000a778 ut=310
HMEM: read from 000000008000a780 ut=311
HMEM: read from 000000008000a788 ut=312
HMEM: read from 000000008000a790 ut=313
HMEM: read from 000000008000a798 ut=314
HMEM: read from 000000008000a7a0 ut=315
HMEM: read from 000000008000a7a8 ut=316
HMEM: read from 000000008000a7b0 ut=317
HMEM: read from 000000008000a7b8 ut=318
HMEM: read from 000000008000a7c0 ut=319
HMEM: read from 000000008000a7c8 ut=320
HMEM: read from 000000008000a7d0 ut=321
HMEM: read from 000000008000a7d8 ut=322
HMEM: read from 000000008000a7e0 ut=323
HMEM: read from 000000008000a7e8 ut=324
HMEM: read from 000000008000a7f0 ut=325
HMEM: read from 000000008000a7f8 ut=326
HMEM: read from 000000008000a800 ut=327
HMEM: read from 000000008000a808 ut=328
HMEM: read from 000000008000a810 ut=329
HMEM: read from 000000008000a818 ut=330
HMEM: read from 000000008000a820 ut=331
HMEM: read from 000000008000a828 ut=332
HMEM: read from 000000008000a830 ut=333
HMEM: read from 000000008000a838 ut=334
HMEM: read from 000000008000a840 ut=335
HMEM: read from 000000008000a848 ut=336
HMEM: read from 000000008000a850 ut=337
HMEM: read from 000000008000a858 ut=338
HMEM: read from 000000008000a860 ut=339
HMEM: read from 000000008000a868 ut=340
HMEM: read from 000000008000a870 ut=341
HMEM: read from 000000008000a878 ut=342
HMEM: read from 000000008000a880 ut=343
HMEM: read from 000000008000a888 ut=344
HMEM: read from 000000008000a890 ut=345
HMEM: read from 000000008000a898 ut=346
HMEM: read from 000000008000a8a0 ut=347
HMEM: read from 000000008000a8a8 ut=348
HMEM: read from 000000008000a8b0 ut=349
HMEM: read from 000000008000a8b8 ut=350
HMEM: read from 000000008000a8c0 ut=351
HMEM: read from 000000008000a8c8 ut=352
HMEM: read from 000000008000a8d0 ut=353
HMEM: read from 000000008000a8d8 ut=354
HMEM: read from 000000008000a8e0 ut=355
HMEM: read from 000000008000a8e8 ut=356
HMEM: read from 000000008000a8f0 ut=357
HMEM: read from 000000008000a8f8 ut=358
HMEM: read from 000000008000a900 ut=359
HMEM: read from 000000008000a908 ut=360
HMEM: read from 000000008000a910 ut=361
HMEM: read from 000000008000a918 ut=362
HMEM: read from 000000008000a920 ut=363
HMEM: read from 000000008000a928 ut=364
HMEM: read from 000000008000a930 ut=365
HMEM: read from 000000008000a938 ut=366
HMEM: read from 000000008000a940 ut=367
HMEM: read from 000000008000a948 ut=368
HMEM: read from 000000008000a950 ut=369
HMEM: read from 000000008000a958 ut=370
HMEM: read from 000000008000a960 ut=371
HMEM: read from 000000008000a968 ut=372
HMEM: read from 000000008000a970 ut=373
HMEM: read from 000000008000a978 ut=374
HMEM: read from 000000008000a980 ut=375
HMEM: read from 000000008000a988 ut=376
HMEM: read from 000000008000a990 ut=377
HMEM: read from 000000008000a998 ut=378
HMEM: read from 000000008000a9a0 ut=379
HMEM: read from 000000008000a9a8 ut=380
HMEM: read from 000000008000a9b0 ut=381
HMEM: read from 000000008000a9b8 ut=382
HMEM: read from 000000008000a9c0 ut=383
HMEM: read from 000000008000a9c8 ut=384
HMEM: read from 000000008000a9d0 ut=385
HMEM: read from 000000008000a9d8 ut=386
HMEM: read from 000000008000a9e0 ut=387
HMEM: read from 000000008000a9e8 ut=388
HMEM: read from 000000008000a9f0 ut=389
HMEM: read from 000000008000a9f8 ut=390
HMEM: read from 000000008000aa00 ut=391
HMEM: read from 000000008000aa08 ut=392
HMEM: read from 000000008000aa10 ut=393
HMEM: read from 000000008000aa18 ut=394
HMEM: read from 000000008000aa20 ut=395
HMEM: read from 000000008000aa28 ut=396
HMEM: read from 000000008000aa30 ut=397
HMEM: read from 000000008000aa38 ut=398
HMEM: read from 000000008000aa40 ut=399
HMEM: read from 000000008000aa48 ut=400
HMEM: read from 000000008000aa50 ut=401
HMEM: read from 000000008000aa58 ut=402
HMEM: read from 000000008000aa60 ut=403
HMEM: read from 000000008000aa68 ut=404
HMEM: read from 000000008000aa70 ut=405
HMEM: read from 000000008000aa78 ut=406
HMEM: read from 000000008000aa80 ut=407
HMEM: read from 000000008000aa88 ut=408
HMEM: read from 000000008000aa90 ut=409
HMEM: read from 000000008000aa98 ut=410
HMEM: read from 000000008000aaa0 ut=411
HMEM: read from 000000008000aaa8 ut=412
HMEM: read from 000000008000aab0 ut=413
HMEM: read from 000000008000aab8 ut=414
HMEM: read from 000000008000aac0 ut=415
HMEM: read from 000000008000aac8 ut=416
HMEM: read from 000000008000aad0 ut=417
HMEM: read from 000000008000aad8 ut=418
HMEM: read from 000000008000aae0 ut=419
HMEM: read from 000000008000aae8 ut=420
HMEM: read from 000000008000aaf0 ut=421
HMEM: read from 000000008000aaf8 ut=422
HMEM: read from 000000008000ab00 ut=423
HMEM: read from 000000008000ab08 ut=424
HMEM: read from 000000008000ab10 ut=425
HMEM: read from 000000008000ab18 ut=426
HMEM: read from 000000008000ab20 ut=427
HMEM: read from 000000008000ab28 ut=428
HMEM: read from 000000008000ab30 ut=429
HMEM: read from 000000008000ab38 ut=430
HMEM: read from 000000008000ab40 ut=431
HMEM: read from 000000008000ab48 ut=432
HMEM: read from 000000008000ab50 ut=433
HMEM: read from 000000008000ab58 ut=434
HMEM: read from 000000008000ab60 ut=435
HMEM: read from 000000008000ab68 ut=436
HMEM: read from 000000008000ab70 ut=437
HMEM: read from 000000008000ab78 ut=438
HMEM: read from 000000008000ab80 ut=439
HMEM: read from 000000008000ab88 ut=440
HMEM: read from 000000008000ab90 ut=441
HMEM: read from 000000008000ab98 ut=442
HMEM: read from 000000008000aba0 ut=443
HMEM: read from 000000008000aba8 ut=444
HMEM: read from 000000008000abb0 ut=445
HMEM: read from 000000008000abb8 ut=446
HMEM: read from 000000008000abc0 ut=447
HMEM: read from 000000008000abc8 ut=448
HMEM: read from 000000008000abd0 ut=449
HMEM: read from 000000008000abd8 ut=450
HMEM: read from 000000008000abe0 ut=451
HMEM: read from 000000008000abe8 ut=452
HMEM: read from 000000008000abf0 ut=453
HMEM: read from 000000008000abf8 ut=454
HMEM: read from 000000008000ac00 ut=455
HMEM: read from 000000008000ac08 ut=456
HMEM: read from 000000008000ac10 ut=457
HMEM: read from 000000008000ac18 ut=458
HMEM: read from 000000008000ac20 ut=459
HMEM: read from 000000008000ac28 ut=460
HMEM: read from 000000008000ac30 ut=461
HMEM: read from 000000008000ac38 ut=462
HMEM: read from 000000008000ac40 ut=463
HMEM: read from 000000008000ac48 ut=464
HMEM: read from 000000008000ac50 ut=465
HMEM: read from 000000008000ac58 ut=466
HMEM: read from 000000008000ac60 ut=467
HMEM: read from 000000008000ac68 ut=468
HMEM: read from 000000008000ac70 ut=469
HMEM: read from 000000008000ac78 ut=470
HMEM: read from 000000008000ac80 ut=471
HMEM: read from 000000008000ac88 ut=472
HMEM: read from 000000008000ac90 ut=473
HMEM: read from 000000008000ac98 ut=474
HMEM: read from 000000008000aca0 ut=475
HMEM: read from 000000008000aca8 ut=476
HMEM: read from 000000008000acb0 ut=477
HMEM: read from 000000008000acb8 ut=478
HMEM: read from 000000008000acc0 ut=479
HMEM: read from 000000008000acc8 ut=480
HMEM: read from 000000008000acd0 ut=481
HMEM: read from 000000008000acd8 ut=482
HMEM: read from 000000008000ace0 ut=483
HMEM: read from 000000008000ace8 ut=484
HMEM: read from 000000008000acf0 ut=485
HMEM: read from 000000008000acf8 ut=486
HMEM: read from 000000008000ad00 ut=487
HMEM: read from 000000008000ad08 ut=488
HMEM: read from 000000008000ad10 ut=489
HMEM: read from 000000008000ad18 ut=490
HMEM: read from 000000008000ad20 ut=491
HMEM: read from 000000008000ad28 ut=492
HMEM: read from 000000008000ad30 ut=493
HMEM: read from 000000008000ad38 ut=494
HMEM: read from 000000008000ad40 ut=495
HMEM: read from 000000008000ad48 ut=496
HMEM: read from 000000008000ad50 ut=497
HMEM: read from 000000008000ad58 ut=498
HMEM: read from 000000008000ad60 ut=499
HMEM: read from 000000008000ad68 ut=500
HMEM: read from 000000008000ad70 ut=501
HMEM: read from 000000008000ad78 ut=502
HMEM: read from 000000008000ad80 ut=503
HMEM: read from 000000008000ad88 ut=504
HMEM: read from 000000008000ad90 ut=505
HMEM: read from 000000008000ad98 ut=506
HMEM: read from 000000008000ada0 ut=507
HMEM: read from 000000008000ada8 ut=508
HMEM: read from 000000008000adb0 ut=509
HMEM: read from 000000008000adb8 ut=510
HMEM: read from 000000008000adc0 ut=511
H: WT pc=0000000080002048 inst=80000a0600012b3f next=0000000080002050 vl=512 act=ffffffffffffffffffffffffffffffffffffffffffffffffffffffffffffffffffffffffffffffffffffffffffffffffffffffffffffffffffffffffffffffff
H: WT pc=0000000080002050 inst=a01c02023d022a3f next=0000000080002058 vl=512 act=ffffffffffffffffffffffffffffffffffffffffffffffffffffffffffffffffffffffffffffffffffffffffffffffffffffffffffffffffffffffffffffffff
HMEM: read from 0000000080009dcc ut=0
HMEM: read from 0000000080009dd4 ut=1
HMEM: read from 0000000080009ddc ut=2
HMEM: read from 0000000080009de4 ut=3
HMEM: read from 0000000080009dec ut=4
HMEM: read from 0000000080009df4 ut=5
HMEM: read from 0000000080009dfc ut=6
HMEM: read from 0000000080009e04 ut=7
HMEM: read from 0000000080009e0c ut=8
HMEM: read from 0000000080009e14 ut=9
HMEM: read from 0000000080009e1c ut=10
HMEM: read from 0000000080009e24 ut=11
HMEM: read from 0000000080009e2c ut=12
HMEM: read from 0000000080009e34 ut=13
HMEM: read from 0000000080009e3c ut=14
HMEM: read from 0000000080009e44 ut=15
HMEM: read from 0000000080009e4c ut=16
HMEM: read from 0000000080009e54 ut=17
HMEM: read from 0000000080009e5c ut=18
HMEM: read from 0000000080009e64 ut=19
HMEM: read from 0000000080009e6c ut=20
HMEM: read from 0000000080009e74 ut=21
HMEM: read from 0000000080009e7c ut=22
HMEM: read from 0000000080009e84 ut=23
HMEM: read from 0000000080009e8c ut=24
HMEM: read from 0000000080009e94 ut=25
HMEM: read from 0000000080009e9c ut=26
HMEM: read from 0000000080009ea4 ut=27
HMEM: read from 0000000080009eac ut=28
HMEM: read from 0000000080009eb4 ut=29
HMEM: read from 0000000080009ebc ut=30
HMEM: read from 0000000080009ec4 ut=31
HMEM: read from 0000000080009ecc ut=32
HMEM: read from 0000000080009ed4 ut=33
HMEM: read from 0000000080009edc ut=34
HMEM: read from 0000000080009ee4 ut=35
HMEM: read from 0000000080009eec ut=36
HMEM: read from 0000000080009ef4 ut=37
HMEM: read from 0000000080009efc ut=38
HMEM: read from 0000000080009f04 ut=39
HMEM: read from 0000000080009f0c ut=40
HMEM: read from 0000000080009f14 ut=41
HMEM: read from 0000000080009f1c ut=42
HMEM: read from 0000000080009f24 ut=43
HMEM: read from 0000000080009f2c ut=44
HMEM: read from 0000000080009f34 ut=45
HMEM: read from 0000000080009f3c ut=46
HMEM: read from 0000000080009f44 ut=47
HMEM: read from 0000000080009f4c ut=48
HMEM: read from 0000000080009f54 ut=49
HMEM: read from 0000000080009f5c ut=50
HMEM: read from 0000000080009f64 ut=51
HMEM: read from 0000000080009f6c ut=52
HMEM: read from 0000000080009f74 ut=53
HMEM: read from 0000000080009f7c ut=54
HMEM: read from 0000000080009f84 ut=55
HMEM: read from 0000000080009f8c ut=56
HMEM: read from 0000000080009f94 ut=57
HMEM: read from 0000000080009f9c ut=58
HMEM: read from 0000000080009fa4 ut=59
HMEM: read from 0000000080009fac ut=60
HMEM: read from 0000000080009fb4 ut=61
HMEM: read from 0000000080009fbc ut=62
HMEM: read from 0000000080009fc4 ut=63
HMEM: read from 0000000080009fcc ut=64
HMEM: read from 0000000080009fd4 ut=65
HMEM: read from 0000000080009fdc ut=66
HMEM: read from 0000000080009fe4 ut=67
HMEM: read from 0000000080009fec ut=68
HMEM: read from 0000000080009ff4 ut=69
HMEM: read from 0000000080009ffc ut=70
HMEM: read from 000000008000a004 ut=71
HMEM: read from 000000008000a00c ut=72
HMEM: read from 000000008000a014 ut=73
HMEM: read from 000000008000a01c ut=74
HMEM: read from 000000008000a024 ut=75
HMEM: read from 000000008000a02c ut=76
HMEM: read from 000000008000a034 ut=77
HMEM: read from 000000008000a03c ut=78
HMEM: read from 000000008000a044 ut=79
HMEM: read from 000000008000a04c ut=80
HMEM: read from 000000008000a054 ut=81
HMEM: read from 000000008000a05c ut=82
HMEM: read from 000000008000a064 ut=83
HMEM: read from 000000008000a06c ut=84
HMEM: read from 000000008000a074 ut=85
HMEM: read from 000000008000a07c ut=86
HMEM: read from 000000008000a084 ut=87
HMEM: read from 000000008000a08c ut=88
HMEM: read from 000000008000a094 ut=89
HMEM: read from 000000008000a09c ut=90
HMEM: read from 000000008000a0a4 ut=91
HMEM: read from 000000008000a0ac ut=92
HMEM: read from 000000008000a0b4 ut=93
HMEM: read from 000000008000a0bc ut=94
HMEM: read from 000000008000a0c4 ut=95
HMEM: read from 000000008000a0cc ut=96
HMEM: read from 000000008000a0d4 ut=97
HMEM: read from 000000008000a0dc ut=98
HMEM: read from 000000008000a0e4 ut=99
HMEM: read from 000000008000a0ec ut=100
HMEM: read from 000000008000a0f4 ut=101
HMEM: read from 000000008000a0fc ut=102
HMEM: read from 000000008000a104 ut=103
HMEM: read from 000000008000a10c ut=104
HMEM: read from 000000008000a114 ut=105
HMEM: read from 000000008000a11c ut=106
HMEM: read from 000000008000a124 ut=107
HMEM: read from 000000008000a12c ut=108
HMEM: read from 000000008000a134 ut=109
HMEM: read from 000000008000a13c ut=110
HMEM: read from 000000008000a144 ut=111
HMEM: read from 000000008000a14c ut=112
HMEM: read from 000000008000a154 ut=113
HMEM: read from 000000008000a15c ut=114
HMEM: read from 000000008000a164 ut=115
HMEM: read from 000000008000a16c ut=116
HMEM: read from 000000008000a174 ut=117
HMEM: read from 000000008000a17c ut=118
HMEM: read from 000000008000a184 ut=119
HMEM: read from 000000008000a18c ut=120
HMEM: read from 000000008000a194 ut=121
HMEM: read from 000000008000a19c ut=122
HMEM: read from 000000008000a1a4 ut=123
HMEM: read from 000000008000a1ac ut=124
HMEM: read from 000000008000a1b4 ut=125
HMEM: read from 000000008000a1bc ut=126
HMEM: read from 000000008000a1c4 ut=127
HMEM: read from 000000008000a1cc ut=128
HMEM: read from 000000008000a1d4 ut=129
HMEM: read from 000000008000a1dc ut=130
HMEM: read from 000000008000a1e4 ut=131
HMEM: read from 000000008000a1ec ut=132
HMEM: read from 000000008000a1f4 ut=133
HMEM: read from 000000008000a1fc ut=134
HMEM: read from 000000008000a204 ut=135
HMEM: read from 000000008000a20c ut=136
HMEM: read from 000000008000a214 ut=137
HMEM: read from 000000008000a21c ut=138
HMEM: read from 000000008000a224 ut=139
HMEM: read from 000000008000a22c ut=140
HMEM: read from 000000008000a234 ut=141
HMEM: read from 000000008000a23c ut=142
HMEM: read from 000000008000a244 ut=143
HMEM: read from 000000008000a24c ut=144
HMEM: read from 000000008000a254 ut=145
HMEM: read from 000000008000a25c ut=146
HMEM: read from 000000008000a264 ut=147
HMEM: read from 000000008000a26c ut=148
HMEM: read from 000000008000a274 ut=149
HMEM: read from 000000008000a27c ut=150
HMEM: read from 000000008000a284 ut=151
HMEM: read from 000000008000a28c ut=152
HMEM: read from 000000008000a294 ut=153
HMEM: read from 000000008000a29c ut=154
HMEM: read from 000000008000a2a4 ut=155
HMEM: read from 000000008000a2ac ut=156
HMEM: read from 000000008000a2b4 ut=157
HMEM: read from 000000008000a2bc ut=158
HMEM: read from 000000008000a2c4 ut=159
HMEM: read from 000000008000a2cc ut=160
HMEM: read from 000000008000a2d4 ut=161
HMEM: read from 000000008000a2dc ut=162
HMEM: read from 000000008000a2e4 ut=163
HMEM: read from 000000008000a2ec ut=164
HMEM: read from 000000008000a2f4 ut=165
HMEM: read from 000000008000a2fc ut=166
HMEM: read from 000000008000a304 ut=167
HMEM: read from 000000008000a30c ut=168
HMEM: read from 000000008000a314 ut=169
HMEM: read from 000000008000a31c ut=170
HMEM: read from 000000008000a324 ut=171
HMEM: read from 000000008000a32c ut=172
HMEM: read from 000000008000a334 ut=173
HMEM: read from 000000008000a33c ut=174
HMEM: read from 000000008000a344 ut=175
HMEM: read from 000000008000a34c ut=176
HMEM: read from 000000008000a354 ut=177
HMEM: read from 000000008000a35c ut=178
HMEM: read from 000000008000a364 ut=179
HMEM: read from 000000008000a36c ut=180
HMEM: read from 000000008000a374 ut=181
HMEM: read from 000000008000a37c ut=182
HMEM: read from 000000008000a384 ut=183
HMEM: read from 000000008000a38c ut=184
HMEM: read from 000000008000a394 ut=185
HMEM: read from 000000008000a39c ut=186
HMEM: read from 000000008000a3a4 ut=187
HMEM: read from 000000008000a3ac ut=188
HMEM: read from 000000008000a3b4 ut=189
HMEM: read from 000000008000a3bc ut=190
HMEM: read from 000000008000a3c4 ut=191
HMEM: read from 000000008000a3cc ut=192
HMEM: read from 000000008000a3d4 ut=193
HMEM: read from 000000008000a3dc ut=194
HMEM: read from 000000008000a3e4 ut=195
HMEM: read from 000000008000a3ec ut=196
HMEM: read from 000000008000a3f4 ut=197
HMEM: read from 000000008000a3fc ut=198
HMEM: read from 000000008000a404 ut=199
HMEM: read from 000000008000a40c ut=200
HMEM: read from 000000008000a414 ut=201
HMEM: read from 000000008000a41c ut=202
HMEM: read from 000000008000a424 ut=203
HMEM: read from 000000008000a42c ut=204
HMEM: read from 000000008000a434 ut=205
HMEM: read from 000000008000a43c ut=206
HMEM: read from 000000008000a444 ut=207
HMEM: read from 000000008000a44c ut=208
HMEM: read from 000000008000a454 ut=209
HMEM: read from 000000008000a45c ut=210
HMEM: read from 000000008000a464 ut=211
HMEM: read from 000000008000a46c ut=212
HMEM: read from 000000008000a474 ut=213
HMEM: read from 000000008000a47c ut=214
HMEM: read from 000000008000a484 ut=215
HMEM: read from 000000008000a48c ut=216
HMEM: read from 000000008000a494 ut=217
HMEM: read from 000000008000a49c ut=218
HMEM: read from 000000008000a4a4 ut=219
HMEM: read from 000000008000a4ac ut=220
HMEM: read from 000000008000a4b4 ut=221
HMEM: read from 000000008000a4bc ut=222
HMEM: read from 000000008000a4c4 ut=223
HMEM: read from 000000008000a4cc ut=224
HMEM: read from 000000008000a4d4 ut=225
HMEM: read from 000000008000a4dc ut=226
HMEM: read from 000000008000a4e4 ut=227
HMEM: read from 000000008000a4ec ut=228
HMEM: read from 000000008000a4f4 ut=229
HMEM: read from 000000008000a4fc ut=230
HMEM: read from 000000008000a504 ut=231
HMEM: read from 000000008000a50c ut=232
HMEM: read from 000000008000a514 ut=233
HMEM: read from 000000008000a51c ut=234
HMEM: read from 000000008000a524 ut=235
HMEM: read from 000000008000a52c ut=236
HMEM: read from 000000008000a534 ut=237
HMEM: read from 000000008000a53c ut=238
HMEM: read from 000000008000a544 ut=239
HMEM: read from 000000008000a54c ut=240
HMEM: read from 000000008000a554 ut=241
HMEM: read from 000000008000a55c ut=242
HMEM: read from 000000008000a564 ut=243
HMEM: read from 000000008000a56c ut=244
HMEM: read from 000000008000a574 ut=245
HMEM: read from 000000008000a57c ut=246
HMEM: read from 000000008000a584 ut=247
HMEM: read from 000000008000a58c ut=248
HMEM: read from 000000008000a594 ut=249
HMEM: read from 000000008000a59c ut=250
HMEM: read from 000000008000a5a4 ut=251
HMEM: read from 000000008000a5ac ut=252
HMEM: read from 000000008000a5b4 ut=253
HMEM: read from 000000008000a5bc ut=254
HMEM: read from 000000008000a5c4 ut=255
HMEM: read from 000000008000a5cc ut=256
HMEM: read from 000000008000a5d4 ut=257
HMEM: read from 000000008000a5dc ut=258
HMEM: read from 000000008000a5e4 ut=259
HMEM: read from 000000008000a5ec ut=260
HMEM: read from 000000008000a5f4 ut=261
HMEM: read from 000000008000a5fc ut=262
HMEM: read from 000000008000a604 ut=263
HMEM: read from 000000008000a60c ut=264
HMEM: read from 000000008000a614 ut=265
HMEM: read from 000000008000a61c ut=266
HMEM: read from 000000008000a624 ut=267
HMEM: read from 000000008000a62c ut=268
HMEM: read from 000000008000a634 ut=269
HMEM: read from 000000008000a63c ut=270
HMEM: read from 000000008000a644 ut=271
HMEM: read from 000000008000a64c ut=272
HMEM: read from 000000008000a654 ut=273
HMEM: read from 000000008000a65c ut=274
HMEM: read from 000000008000a664 ut=275
HMEM: read from 000000008000a66c ut=276
HMEM: read from 000000008000a674 ut=277
HMEM: read from 000000008000a67c ut=278
HMEM: read from 000000008000a684 ut=279
HMEM: read from 000000008000a68c ut=280
HMEM: read from 000000008000a694 ut=281
HMEM: read from 000000008000a69c ut=282
HMEM: read from 000000008000a6a4 ut=283
HMEM: read from 000000008000a6ac ut=284
HMEM: read from 000000008000a6b4 ut=285
HMEM: read from 000000008000a6bc ut=286
HMEM: read from 000000008000a6c4 ut=287
HMEM: read from 000000008000a6cc ut=288
HMEM: read from 000000008000a6d4 ut=289
HMEM: read from 000000008000a6dc ut=290
HMEM: read from 000000008000a6e4 ut=291
HMEM: read from 000000008000a6ec ut=292
HMEM: read from 000000008000a6f4 ut=293
HMEM: read from 000000008000a6fc ut=294
HMEM: read from 000000008000a704 ut=295
HMEM: read from 000000008000a70c ut=296
HMEM: read from 000000008000a714 ut=297
HMEM: read from 000000008000a71c ut=298
HMEM: read from 000000008000a724 ut=299
HMEM: read from 000000008000a72c ut=300
HMEM: read from 000000008000a734 ut=301
HMEM: read from 000000008000a73c ut=302
HMEM: read from 000000008000a744 ut=303
HMEM: read from 000000008000a74c ut=304
HMEM: read from 000000008000a754 ut=305
HMEM: read from 000000008000a75c ut=306
HMEM: read from 000000008000a764 ut=307
HMEM: read from 000000008000a76c ut=308
HMEM: read from 000000008000a774 ut=309
HMEM: read from 000000008000a77c ut=310
HMEM: read from 000000008000a784 ut=311
HMEM: read from 000000008000a78c ut=312
HMEM: read from 000000008000a794 ut=313
HMEM: read from 000000008000a79c ut=314
HMEM: read from 000000008000a7a4 ut=315
HMEM: read from 000000008000a7ac ut=316
HMEM: read from 000000008000a7b4 ut=317
HMEM: read from 000000008000a7bc ut=318
HMEM: read from 000000008000a7c4 ut=319
HMEM: read from 000000008000a7cc ut=320
HMEM: read from 000000008000a7d4 ut=321
HMEM: read from 000000008000a7dc ut=322
HMEM: read from 000000008000a7e4 ut=323
HMEM: read from 000000008000a7ec ut=324
HMEM: read from 000000008000a7f4 ut=325
HMEM: read from 000000008000a7fc ut=326
HMEM: read from 000000008000a804 ut=327
HMEM: read from 000000008000a80c ut=328
HMEM: read from 000000008000a814 ut=329
HMEM: read from 000000008000a81c ut=330
HMEM: read from 000000008000a824 ut=331
HMEM: read from 000000008000a82c ut=332
HMEM: read from 000000008000a834 ut=333
HMEM: read from 000000008000a83c ut=334
HMEM: read from 000000008000a844 ut=335
HMEM: read from 000000008000a84c ut=336
HMEM: read from 000000008000a854 ut=337
HMEM: read from 000000008000a85c ut=338
HMEM: read from 000000008000a864 ut=339
HMEM: read from 000000008000a86c ut=340
HMEM: read from 000000008000a874 ut=341
HMEM: read from 000000008000a87c ut=342
HMEM: read from 000000008000a884 ut=343
HMEM: read from 000000008000a88c ut=344
HMEM: read from 000000008000a894 ut=345
HMEM: read from 000000008000a89c ut=346
HMEM: read from 000000008000a8a4 ut=347
HMEM: read from 000000008000a8ac ut=348
HMEM: read from 000000008000a8b4 ut=349
HMEM: read from 000000008000a8bc ut=350
HMEM: read from 000000008000a8c4 ut=351
HMEM: read from 000000008000a8cc ut=352
HMEM: read from 000000008000a8d4 ut=353
HMEM: read from 000000008000a8dc ut=354
HMEM: read from 000000008000a8e4 ut=355
HMEM: read from 000000008000a8ec ut=356
HMEM: read from 000000008000a8f4 ut=357
HMEM: read from 000000008000a8fc ut=358
HMEM: read from 000000008000a904 ut=359
HMEM: read from 000000008000a90c ut=360
HMEM: read from 000000008000a914 ut=361
HMEM: read from 000000008000a91c ut=362
HMEM: read from 000000008000a924 ut=363
HMEM: read from 000000008000a92c ut=364
HMEM: read from 000000008000a934 ut=365
HMEM: read from 000000008000a93c ut=366
HMEM: read from 000000008000a944 ut=367
HMEM: read from 000000008000a94c ut=368
HMEM: read from 000000008000a954 ut=369
HMEM: read from 000000008000a95c ut=370
HMEM: read from 000000008000a964 ut=371
HMEM: read from 000000008000a96c ut=372
HMEM: read from 000000008000a974 ut=373
HMEM: read from 000000008000a97c ut=374
HMEM: read from 000000008000a984 ut=375
HMEM: read from 000000008000a98c ut=376
HMEM: read from 000000008000a994 ut=377
HMEM: read from 000000008000a99c ut=378
HMEM: read from 000000008000a9a4 ut=379
HMEM: read from 000000008000a9ac ut=380
HMEM: read from 000000008000a9b4 ut=381
HMEM: read from 000000008000a9bc ut=382
HMEM: read from 000000008000a9c4 ut=383
HMEM: read from 000000008000a9cc ut=384
HMEM: read from 000000008000a9d4 ut=385
HMEM: read from 000000008000a9dc ut=386
HMEM: read from 000000008000a9e4 ut=387
HMEM: read from 000000008000a9ec ut=388
HMEM: read from 000000008000a9f4 ut=389
HMEM: read from 000000008000a9fc ut=390
HMEM: read from 000000008000aa04 ut=391
HMEM: read from 000000008000aa0c ut=392
HMEM: read from 000000008000aa14 ut=393
HMEM: read from 000000008000aa1c ut=394
HMEM: read from 000000008000aa24 ut=395
HMEM: read from 000000008000aa2c ut=396
HMEM: read from 000000008000aa34 ut=397
HMEM: read from 000000008000aa3c ut=398
HMEM: read from 000000008000aa44 ut=399
HMEM: read from 000000008000aa4c ut=400
HMEM: read from 000000008000aa54 ut=401
HMEM: read from 000000008000aa5c ut=402
HMEM: read from 000000008000aa64 ut=403
HMEM: read from 000000008000aa6c ut=404
HMEM: read from 000000008000aa74 ut=405
HMEM: read from 000000008000aa7c ut=406
HMEM: read from 000000008000aa84 ut=407
HMEM: read from 000000008000aa8c ut=408
HMEM: read from 000000008000aa94 ut=409
HMEM: read from 000000008000aa9c ut=410
HMEM: read from 000000008000aaa4 ut=411
HMEM: read from 000000008000aaac ut=412
HMEM: read from 000000008000aab4 ut=413
HMEM: read from 000000008000aabc ut=414
HMEM: read from 000000008000aac4 ut=415
HMEM: read from 000000008000aacc ut=416
HMEM: read from 000000008000aad4 ut=417
HMEM: read from 000000008000aadc ut=418
HMEM: read from 000000008000aae4 ut=419
HMEM: read from 000000008000aaec ut=420
HMEM: read from 000000008000aaf4 ut=421
HMEM: read from 000000008000aafc ut=422
HMEM: read from 000000008000ab04 ut=423
HMEM: read from 000000008000ab0c ut=424
HMEM: read from 000000008000ab14 ut=425
HMEM: read from 000000008000ab1c ut=426
HMEM: read from 000000008000ab24 ut=427
HMEM: read from 000000008000ab2c ut=428
HMEM: read from 000000008000ab34 ut=429
HMEM: read from 000000008000ab3c ut=430
HMEM: read from 000000008000ab44 ut=431
HMEM: read from 000000008000ab4c ut=432
HMEM: read from 000000008000ab54 ut=433
HMEM: read from 000000008000ab5c ut=434
HMEM: read from 000000008000ab64 ut=435
HMEM: read from 000000008000ab6c ut=436
HMEM: read from 000000008000ab74 ut=437
HMEM: read from 000000008000ab7c ut=438
HMEM: read from 000000008000ab84 ut=439
HMEM: read from 000000008000ab8c ut=440
HMEM: read from 000000008000ab94 ut=441
HMEM: read from 000000008000ab9c ut=442
HMEM: read from 000000008000aba4 ut=443
HMEM: read from 000000008000abac ut=444
HMEM: read from 000000008000abb4 ut=445
HMEM: read from 000000008000abbc ut=446
HMEM: read from 000000008000abc4 ut=447
HMEM: read from 000000008000abcc ut=448
HMEM: read from 000000008000abd4 ut=449
HMEM: read from 000000008000abdc ut=450
HMEM: read from 000000008000abe4 ut=451
HMEM: read from 000000008000abec ut=452
HMEM: read from 000000008000abf4 ut=453
HMEM: read from 000000008000abfc ut=454
HMEM: read from 000000008000ac04 ut=455
HMEM: read from 000000008000ac0c ut=456
HMEM: read from 000000008000ac14 ut=457
HMEM: read from 000000008000ac1c ut=458
HMEM: read from 000000008000ac24 ut=459
HMEM: read from 000000008000ac2c ut=460
HMEM: read from 000000008000ac34 ut=461
HMEM: read from 000000008000ac3c ut=462
HMEM: read from 000000008000ac44 ut=463
HMEM: read from 000000008000ac4c ut=464
HMEM: read from 000000008000ac54 ut=465
HMEM: read from 000000008000ac5c ut=466
HMEM: read from 000000008000ac64 ut=467
HMEM: read from 000000008000ac6c ut=468
HMEM: read from 000000008000ac74 ut=469
HMEM: read from 000000008000ac7c ut=470
HMEM: read from 000000008000ac84 ut=471
HMEM: read from 000000008000ac8c ut=472
HMEM: read from 000000008000ac94 ut=473
HMEM: read from 000000008000ac9c ut=474
HMEM: read from 000000008000aca4 ut=475
HMEM: read from 000000008000acac ut=476
HMEM: read from 000000008000acb4 ut=477
HMEM: read from 000000008000acbc ut=478
HMEM: read from 000000008000acc4 ut=479
HMEM: read from 000000008000accc ut=480
HMEM: read from 000000008000acd4 ut=481
HMEM: read from 000000008000acdc ut=482
HMEM: read from 000000008000ace4 ut=483
HMEM: read from 000000008000acec ut=484
HMEM: read from 000000008000acf4 ut=485
HMEM: read from 000000008000acfc ut=486
HMEM: read from 000000008000ad04 ut=487
HMEM: read from 000000008000ad0c ut=488
HMEM: read from 000000008000ad14 ut=489
HMEM: read from 000000008000ad1c ut=490
HMEM: read from 000000008000ad24 ut=491
HMEM: read from 000000008000ad2c ut=492
HMEM: read from 000000008000ad34 ut=493
HMEM: read from 000000008000ad3c ut=494
HMEM: read from 000000008000ad44 ut=495
HMEM: read from 000000008000ad4c ut=496
HMEM: read from 000000008000ad54 ut=497
HMEM: read from 000000008000ad5c ut=498
HMEM: read from 000000008000ad64 ut=499
HMEM: read from 000000008000ad6c ut=500
HMEM: read from 000000008000ad74 ut=501
HMEM: read from 000000008000ad7c ut=502
HMEM: read from 000000008000ad84 ut=503
HMEM: read from 000000008000ad8c ut=504
HMEM: read from 000000008000ad94 ut=505
HMEM: read from 000000008000ad9c ut=506
HMEM: read from 000000008000ada4 ut=507
HMEM: read from 000000008000adac ut=508
HMEM: read from 000000008000adb4 ut=509
HMEM: read from 000000008000adbc ut=510
HMEM: read from 000000008000adc4 ut=511
H: WT pc=0000000080002058 inst=80000a0801012b3f next=0000000080002060 vl=512 act=ffffffffffffffffffffffffffffffffffffffffffffffffffffffffffffffffffffffffffffffffffffffffffffffffffffffffffffffffffffffffffffffff
H: WT pc=0000000080002060 inst=a01c02023c032a3f next=0000000080002068 vl=512 act=ffffffffffffffffffffffffffffffffffffffffffffffffffffffffffffffffffffffffffffffffffffffffffffffffffffffffffffffffffffffffffffffff
H: WT pc=0000000080002068 inst=e01c040603032a3f next=0000000080002070 vl=512 act=ffffffffffffffffffffffffffffffffffffffffffffffffffffffffffffffffffffffffffffffffffffffffffffffffffffffffffffffffffffffffffffffff
H: WT pc=0000000080002070 inst=f01c06040202283f next=0000000080002078 vl=512 act=ffffffffffffffffffffffffffffffffffffffffffffffffffffffffffffffffffffffffffffffffffffffffffffffffffffffffffffffffffffffffffffffff
H: WT pc=0000000080002078 inst=c01c160002022a3f next=0000000080002080 vl=512 act=ffffffffffffffffffffffffffffffffffffffffffffffffffffffffffffffffffffffffffffffffffffffffffffffffffffffffffffffffffffffffffffffff
HMEM: write 00000000800065c8 with 00000000430536b3 ut=0
HMEM: write 00000000800065cc with 000000004222add8 ut=1
HMEM: write 00000000800065d0 with 0000000042c678fb ut=2
HMEM: write 00000000800065d4 with 0000000043688b89 ut=3
HMEM: write 00000000800065d8 with 00000000433cc89e ut=4
HMEM: write 00000000800065dc with 0000000042d61805 ut=5
HMEM: write 00000000800065e0 with 00000000429e5b0b ut=6
HMEM: write 00000000800065e4 with 00000000426ff170 ut=7
HMEM: write 00000000800065e8 with 0000000042445faf ut=8
HMEM: write 00000000800065ec with 000000004334d686 ut=9
HMEM: write 00000000800065f0 with 000000004383ed3f ut=10
HMEM: write 00000000800065f4 with 0000000042efc9c1 ut=11
HMEM: write 00000000800065f8 with 000000004205304e ut=12
HMEM: write 00000000800065fc with 00000000421c4ead ut=13
HMEM: write 0000000080006600 with 000000004293ea29 ut=14
HMEM: write 0000000080006604 with 0000000042d4c847 ut=15
HMEM: write 0000000080006608 with 0000000043157b19 ut=16
HMEM: write 000000008000660c with 000000004332d9ed ut=17
HMEM: write 0000000080006610 with 0000000042b0e4c6 ut=18
HMEM: write 0000000080006614 with 00000000426b2afc ut=19
HMEM: write 0000000080006618 with 0000000043002fec ut=20
HMEM: write 000000008000661c with 0000000041ff5ab0 ut=21
HMEM: write 0000000080006620 with 000000004338234e ut=22
HMEM: write 0000000080006624 with 00000000436aeda9 ut=23
HMEM: write 0000000080006628 with 0000000042a26df4 ut=24
HMEM: write 000000008000662c with 000000004244801f ut=25
HMEM: write 0000000080006630 with 000000004298a292 ut=26
HMEM: write 0000000080006634 with 00000000436ce4ef ut=27
HMEM: write 0000000080006638 with 000000004374ae48 ut=28
HMEM: write 000000008000663c with 00000000435d163b ut=29
HMEM: write 0000000080006640 with 00000000430a1fb7 ut=30
HMEM: write 0000000080006644 with 0000000041f24dfc ut=31
HMEM: write 0000000080006648 with 00000000429c9ab2 ut=32
HMEM: write 000000008000664c with 00000000433fe3dc ut=33
HMEM: write 0000000080006650 with 00000000438534bf ut=34
HMEM: write 0000000080006654 with 00000000434612a7 ut=35
HMEM: write 0000000080006658 with 000000004329edc0 ut=36
HMEM: write 000000008000665c with 00000000434e8a52 ut=37
HMEM: write 0000000080006660 with 00000000426bf1d3 ut=38
HMEM: write 0000000080006664 with 0000000043634fcb ut=39
HMEM: write 0000000080006668 with 00000000423e1f47 ut=40
HMEM: write 000000008000666c with 00000000432762bc ut=41
HMEM: write 0000000080006670 with 00000000429fe287 ut=42
HMEM: write 0000000080006674 with 0000000042f90240 ut=43
HMEM: write 0000000080006678 with 0000000042264121 ut=44
HMEM: write 000000008000667c with 00000000435f1b4d ut=45
HMEM: write 0000000080006680 with 00000000436f937a ut=46
HMEM: write 0000000080006684 with 0000000042849887 ut=47
HMEM: write 0000000080006688 with 00000000432877b4 ut=48
HMEM: write 000000008000668c with 00000000433bce2e ut=49
HMEM: write 0000000080006690 with 000000004203c6a7 ut=50
HMEM: write 0000000080006694 with 00000000433a8858 ut=51
HMEM: write 0000000080006698 with 000000004357df73 ut=52
HMEM: write 000000008000669c with 00000000429dc57d ut=53
HMEM: write 00000000800066a0 with 000000004302a85c ut=54
HMEM: write 00000000800066a4 with 0000000041d8b5b4 ut=55
HMEM: write 00000000800066a8 with 0000000042367d97 ut=56
HMEM: write 00000000800066ac with 000000004196cef6 ut=57
HMEM: write 00000000800066b0 with 0000000042ae34c3 ut=58
HMEM: write 00000000800066b4 with 0000000042f0b726 ut=59
HMEM: write 00000000800066b8 with 00000000426bd474 ut=60
HMEM: write 00000000800066bc with 000000004340a697 ut=61
HMEM: write 00000000800066c0 with 0000000042c264d7 ut=62
HMEM: write 00000000800066c4 with 0000000042e7e7be ut=63
HMEM: write 00000000800066c8 with 00000000426c7fa7 ut=64
HMEM: write 00000000800066cc with 00000000428f25a0 ut=65
HMEM: write 00000000800066d0 with 0000000042cce1dd ut=66
HMEM: write 00000000800066d4 with 0000000042adee2e ut=67
HMEM: write 00000000800066d8 with 0000000043259b04 ut=68
HMEM: write 00000000800066dc with 000000004337d9a6 ut=69
HMEM: write 00000000800066e0 with 0000000042cb6f04 ut=70
HMEM: write 00000000800066e4 with 00000000423d4cef ut=71
HMEM: write 00000000800066e8 with 00000000428c1e65 ut=72
HMEM: write 00000000800066ec with 00000000420f7e10 ut=73
HMEM: write 00000000800066f0 with 0000000042ec0937 ut=74
HMEM: write 00000000800066f4 with 00000000435f1182 ut=75
HMEM: write 00000000800066f8 with 000000004381dbe3 ut=76
HMEM: write 00000000800066fc with 00000000428ff38d ut=77
HMEM: write 0000000080006700 with 0000000042ef4e16 ut=78
HMEM: write 0000000080006704 with 0000000042f5e3e8 ut=79
HMEM: write 0000000080006708 with 0000000042998d98 ut=80
HMEM: write 000000008000670c with 0000000042283ab8 ut=81
HMEM: write 0000000080006710 with 0000000043757b8f ut=82
HMEM: write 0000000080006714 with 0000000042e02a00 ut=83
HMEM: write 0000000080006718 with 000000004386ea91 ut=84
HMEM: write 000000008000671c with 00000000422b6511 ut=85
HMEM: write 0000000080006720 with 00000000426fd672 ut=86
HMEM: write 0000000080006724 with 00000000428543bf ut=87
HMEM: write 0000000080006728 with 000000004371fbc8 ut=88
HMEM: write 000000008000672c with 0000000042d9656f ut=89
HMEM: write 0000000080006730 with 00000000437c1d51 ut=90
HMEM: write 0000000080006734 with 0000000042408f88 ut=91
HMEM: write 0000000080006738 with 00000000430a9a16 ut=92
HMEM: write 000000008000673c with 00000000424be07a ut=93
HMEM: write 0000000080006740 with 000000004250e273 ut=94
HMEM: write 0000000080006744 with 0000000042ac9f05 ut=95
HMEM: write 0000000080006748 with 00000000424e1fce ut=96
HMEM: write 000000008000674c with 0000000043781234 ut=97
HMEM: write 0000000080006750 with 000000004345f69e ut=98
HMEM: write 0000000080006754 with 0000000041df4402 ut=99
HMEM: write 0000000080006758 with 00000000429a3961 ut=100
HMEM: write 000000008000675c with 00000000423658d6 ut=101
HMEM: write 0000000080006760 with 0000000042b21d17 ut=102
HMEM: write 0000000080006764 with 00000000436dfaca ut=103
HMEM: write 0000000080006768 with 00000000422c6acd ut=104
HMEM: write 000000008000676c with 0000000041ff09a0 ut=105
HMEM: write 0000000080006770 with 00000000422ff520 ut=106
HMEM: write 0000000080006774 with 00000000424ce929 ut=107
HMEM: write 0000000080006778 with 00000000435253d5 ut=108
HMEM: write 000000008000677c with 00000000430f6fd2 ut=109
HMEM: write 0000000080006780 with 000000004201c6dc ut=110
HMEM: write 0000000080006784 with 0000000041d611f6 ut=111
HMEM: write 0000000080006788 with 0000000042f10fce ut=112
HMEM: write 000000008000678c with 00000000420f363d ut=113
HMEM: write 0000000080006790 with 0000000041d21946 ut=114
HMEM: write 0000000080006794 with 0000000042442719 ut=115
HMEM: write 0000000080006798 with 0000000043477289 ut=116
HMEM: write 000000008000679c with 0000000042087470 ut=117
HMEM: write 00000000800067a0 with 00000000438092b8 ut=118
HMEM: write 00000000800067a4 with 00000000434cb13f ut=119
HMEM: write 00000000800067a8 with 0000000042f46c61 ut=120
HMEM: write 00000000800067ac with 0000000042073f09 ut=121
HMEM: write 00000000800067b0 with 000000004385df12 ut=122
HMEM: write 00000000800067b4 with 000000004289f584 ut=123
HMEM: write 00000000800067b8 with 0000000040a8b6a4 ut=124
HMEM: write 00000000800067bc with 000000004365a40b ut=125
HMEM: write 00000000800067c0 with 00000000427564ff ut=126
HMEM: write 00000000800067c4 with 00000000433a8173 ut=127
HMEM: write 00000000800067c8 with 000000004360f2ce ut=128
HMEM: write 00000000800067cc with 00000000437d4848 ut=129
HMEM: write 00000000800067d0 with 00000000430b9273 ut=130
HMEM: write 00000000800067d4 with 0000000042a018c4 ut=131
HMEM: write 00000000800067d8 with 000000004333e1f7 ut=132
HMEM: write 00000000800067dc with 0000000043234448 ut=133
HMEM: write 00000000800067e0 with 00000000432afada ut=134
HMEM: write 00000000800067e4 with 0000000043855e33 ut=135
HMEM: write 00000000800067e8 with 000000004376cb9f ut=136
HMEM: write 00000000800067ec with 0000000042b184cf ut=137
HMEM: write 00000000800067f0 with 00000000425c1790 ut=138
HMEM: write 00000000800067f4 with 0000000042676b7e ut=139
HMEM: write 00000000800067f8 with 00000000430ee663 ut=140
HMEM: write 00000000800067fc with 00000000422212cf ut=141
HMEM: write 0000000080006800 with 0000000042b4d529 ut=142
HMEM: write 0000000080006804 with 00000000429c9451 ut=143
HMEM: write 0000000080006808 with 000000004374fce0 ut=144
HMEM: write 000000008000680c with 000000004276bbfb ut=145
HMEM: write 0000000080006810 with 00000000428baaa6 ut=146
HMEM: write 0000000080006814 with 00000000433416f8 ut=147
HMEM: write 0000000080006818 with 0000000042aab929 ut=148
HMEM: write 000000008000681c with 0000000041d4ea78 ut=149
HMEM: write 0000000080006820 with 000000004385ce6c ut=150
HMEM: write 0000000080006824 with 00000000428347e1 ut=151
HMEM: write 0000000080006828 with 000000004364175b ut=152
HMEM: write 000000008000682c with 00000000434a2f94 ut=153
HMEM: write 0000000080006830 with 000000004368e976 ut=154
HMEM: write 0000000080006834 with 00000000427d92f1 ut=155
HMEM: write 0000000080006838 with 00000000432a4a56 ut=156
HMEM: write 000000008000683c with 0000000042c35f7a ut=157
HMEM: write 0000000080006840 with 0000000042a28c34 ut=158
HMEM: write 0000000080006844 with 0000000042275ca7 ut=159
HMEM: write 0000000080006848 with 0000000042b255df ut=160
HMEM: write 000000008000684c with 000000004374ed45 ut=161
HMEM: write 0000000080006850 with 00000000433c9573 ut=162
HMEM: write 0000000080006854 with 000000004247163c ut=163
HMEM: write 0000000080006858 with 0000000041ce9bc6 ut=164
HMEM: write 000000008000685c with 0000000041e9ef94 ut=165
HMEM: write 0000000080006860 with 00000000437ee4f8 ut=166
HMEM: write 0000000080006864 with 00000000426280f7 ut=167
HMEM: write 0000000080006868 with 00000000420f51d1 ut=168
HMEM: write 000000008000686c with 0000000042e01f89 ut=169
HMEM: write 0000000080006870 with 0000000042f5e16b ut=170
HMEM: write 0000000080006874 with 0000000043234751 ut=171
HMEM: write 0000000080006878 with 00000000421bee1f ut=172
HMEM: write 000000008000687c with 00000000436a47ef ut=173
HMEM: write 0000000080006880 with 0000000041aef182 ut=174
HMEM: write 0000000080006884 with 0000000043776b8c ut=175
HMEM: write 0000000080006888 with 00000000423f2cd9 ut=176
HMEM: write 000000008000688c with 00000000422d7213 ut=177
HMEM: write 0000000080006890 with 0000000042b682c7 ut=178
HMEM: write 0000000080006894 with 0000000043012682 ut=179
HMEM: write 0000000080006898 with 00000000424cdd66 ut=180
HMEM: write 000000008000689c with 000000004284d552 ut=181
HMEM: write 00000000800068a0 with 0000000043627c7f ut=182
HMEM: write 00000000800068a4 with 000000004381ca93 ut=183
HMEM: write 00000000800068a8 with 0000000042ef647d ut=184
HMEM: write 00000000800068ac with 0000000041bba260 ut=185
HMEM: write 00000000800068b0 with 000000004296f02b ut=186
HMEM: write 00000000800068b4 with 000000004295aefc ut=187
HMEM: write 00000000800068b8 with 00000000433905c2 ut=188
HMEM: write 00000000800068bc with 0000000043703e81 ut=189
HMEM: write 00000000800068c0 with 00000000429115ab ut=190
HMEM: write 00000000800068c4 with 0000000042524fac ut=191
HMEM: write 00000000800068c8 with 000000004360b445 ut=192
HMEM: write 00000000800068cc with 00000000430dc9ea ut=193
HMEM: write 00000000800068d0 with 000000004380f6eb ut=194
HMEM: write 00000000800068d4 with 00000000428250cd ut=195
HMEM: write 00000000800068d8 with 000000004370bd8d ut=196
HMEM: write 00000000800068dc with 00000000425faabf ut=197
HMEM: write 00000000800068e0 with 0000000043828073 ut=198
HMEM: write 00000000800068e4 with 0000000042b2ebc5 ut=199
HMEM: write 00000000800068e8 with 00000000431d7ef0 ut=200
HMEM: write 00000000800068ec with 0000000041aa49b4 ut=201
HMEM: write 00000000800068f0 with 0000000042e4e81a ut=202
HMEM: write 00000000800068f4 with 0000000042ba4be6 ut=203
HMEM: write 00000000800068f8 with 0000000041d09866 ut=204
HMEM: write 00000000800068fc with 00000000428b8c05 ut=205
HMEM: write 0000000080006900 with 00000000418219de ut=206
HMEM: write 0000000080006904 with 0000000042aa4b16 ut=207
HMEM: write 0000000080006908 with 00000000422390d4 ut=208
HMEM: write 000000008000690c with 00000000431a3dbf ut=209
HMEM: write 0000000080006910 with 0000000043604f90 ut=210
HMEM: write 0000000080006914 with 000000004319c17e ut=211
HMEM: write 0000000080006918 with 000000004313d872 ut=212
HMEM: write 000000008000691c with 0000000042c14b94 ut=213
HMEM: write 0000000080006920 with 0000000042a00fea ut=214
HMEM: write 0000000080006924 with 00000000424c4e56 ut=215
HMEM: write 0000000080006928 with 0000000042818413 ut=216
HMEM: write 000000008000692c with 00000000422914fd ut=217
HMEM: write 0000000080006930 with 0000000041d6e70c ut=218
HMEM: write 0000000080006934 with 00000000436eff5c ut=219
HMEM: write 0000000080006938 with 000000004263e2b2 ut=220
HMEM: write 000000008000693c with 0000000043460756 ut=221
HMEM: write 0000000080006940 with 0000000043516ed6 ut=222
HMEM: write 0000000080006944 with 00000000419543ba ut=223
HMEM: write 0000000080006948 with 000000004357902a ut=224
HMEM: write 000000008000694c with 0000000043399544 ut=225
HMEM: write 0000000080006950 with 00000000437ae869 ut=226
HMEM: write 0000000080006954 with 00000000426072d4 ut=227
HMEM: write 0000000080006958 with 0000000041de273a ut=228
HMEM: write 000000008000695c with 00000000437af381 ut=229
HMEM: write 0000000080006960 with 0000000042a782ba ut=230
HMEM: write 0000000080006964 with 00000000428c3a7d ut=231
HMEM: write 0000000080006968 with 00000000422e5829 ut=232
HMEM: write 000000008000696c with 000000004258da31 ut=233
HMEM: write 0000000080006970 with 00000000433f5e84 ut=234
HMEM: write 0000000080006974 with 0000000041f633a3 ut=235
HMEM: write 0000000080006978 with 00000000426ce6de ut=236
HMEM: write 000000008000697c with 0000000042fa5117 ut=237
HMEM: write 0000000080006980 with 00000000424d9d44 ut=238
HMEM: write 0000000080006984 with 0000000042c029ff ut=239
HMEM: write 0000000080006988 with 000000004301865c ut=240
HMEM: write 000000008000698c with 000000004285ec0e ut=241
HMEM: write 0000000080006990 with 00000000426a4abd ut=242
HMEM: write 0000000080006994 with 0000000043271cf9 ut=243
HMEM: write 0000000080006998 with 0000000042f42c4d ut=244
HMEM: write 000000008000699c with 0000000041cc7ff0 ut=245
HMEM: write 00000000800069a0 with 00000000427a24a7 ut=246
HMEM: write 00000000800069a4 with 00000000434326e3 ut=247
HMEM: write 00000000800069a8 with 0000000043854f7b ut=248
HMEM: write 00000000800069ac with 0000000042328ce8 ut=249
HMEM: write 00000000800069b0 with 00000000410678ea ut=250
HMEM: write 00000000800069b4 with 000000004307487a ut=251
HMEM: write 00000000800069b8 with 000000004319fd74 ut=252
HMEM: write 00000000800069bc with 000000004373cf78 ut=253
HMEM: write 00000000800069c0 with 00000000424dfe5e ut=254
HMEM: write 00000000800069c4 with 000000004247b144 ut=255
HMEM: write 00000000800069c8 with 0000000042800857 ut=256
HMEM: write 00000000800069cc with 0000000042484ea6 ut=257
HMEM: write 00000000800069d0 with 0000000042bca2cb ut=258
HMEM: write 00000000800069d4 with 00000000429f821c ut=259
HMEM: write 00000000800069d8 with 0000000041ceb872 ut=260
HMEM: write 00000000800069dc with 00000000432ca1d5 ut=261
HMEM: write 00000000800069e0 with 0000000041a86180 ut=262
HMEM: write 00000000800069e4 with 000000004225814a ut=263
HMEM: write 00000000800069e8 with 0000000042a4d191 ut=264
HMEM: write 00000000800069ec with 0000000042f70caa ut=265
HMEM: write 00000000800069f0 with 0000000043802184 ut=266
HMEM: write 00000000800069f4 with 00000000435bf00d ut=267
HMEM: write 00000000800069f8 with 00000000430611e1 ut=268
HMEM: write 00000000800069fc with 0000000040312f8a ut=269
HMEM: write 0000000080006a00 with 00000000433975fc ut=270
HMEM: write 0000000080006a04 with 00000000433daf0b ut=271
HMEM: write 0000000080006a08 with 0000000041fda269 ut=272
HMEM: write 0000000080006a0c with 0000000041987cc9 ut=273
HMEM: write 0000000080006a10 with 000000004265def6 ut=274
HMEM: write 0000000080006a14 with 0000000042a16c30 ut=275
HMEM: write 0000000080006a18 with 0000000043723f9f ut=276
HMEM: write 0000000080006a1c with 000000004382c7e4 ut=277
HMEM: write 0000000080006a20 with 00000000427b250b ut=278
HMEM: write 0000000080006a24 with 0000000042e9b869 ut=279
HMEM: write 0000000080006a28 with 000000004125f806 ut=280
HMEM: write 0000000080006a2c with 0000000042eabf8b ut=281
HMEM: write 0000000080006a30 with 0000000042866ac9 ut=282
HMEM: write 0000000080006a34 with 0000000043819627 ut=283
HMEM: write 0000000080006a38 with 0000000043838176 ut=284
HMEM: write 0000000080006a3c with 0000000042bda01c ut=285
HMEM: write 0000000080006a40 with 0000000042c50cb9 ut=286
HMEM: write 0000000080006a44 with 00000000431f1b3f ut=287
HMEM: write 0000000080006a48 with 00000000429a49af ut=288
HMEM: write 0000000080006a4c with 00000000428d5a5d ut=289
HMEM: write 0000000080006a50 with 00000000418bad7e ut=290
HMEM: write 0000000080006a54 with 0000000042efdf15 ut=291
HMEM: write 0000000080006a58 with 00000000426499c0 ut=292
HMEM: write 0000000080006a5c with 0000000042a939d6 ut=293
HMEM: write 0000000080006a60 with 00000000428af0d3 ut=294
HMEM: write 0000000080006a64 with 0000000043797f02 ut=295
HMEM: write 0000000080006a68 with 0000000041c301bf ut=296
HMEM: write 0000000080006a6c with 00000000432eb0ce ut=297
HMEM: write 0000000080006a70 with 0000000043645d61 ut=298
HMEM: write 0000000080006a74 with 000000004375b1ac ut=299
HMEM: write 0000000080006a78 with 0000000042baaa20 ut=300
HMEM: write 0000000080006a7c with 000000004342ece6 ut=301
HMEM: write 0000000080006a80 with 00000000435c75b2 ut=302
HMEM: write 0000000080006a84 with 0000000042b04b9b ut=303
HMEM: write 0000000080006a88 with 0000000043236bfd ut=304
HMEM: write 0000000080006a8c with 0000000042d22191 ut=305
HMEM: write 0000000080006a90 with 0000000042b36b00 ut=306
HMEM: write 0000000080006a94 with 0000000042dc9030 ut=307
HMEM: write 0000000080006a98 with 00000000429c1af2 ut=308
HMEM: write 0000000080006a9c with 0000000042d410b1 ut=309
HMEM: write 0000000080006aa0 with 00000000426795cc ut=310
HMEM: write 0000000080006aa4 with 00000000417e9e7e ut=311
HMEM: write 0000000080006aa8 with 00000000437837a8 ut=312
HMEM: write 0000000080006aac with 0000000042f8731a ut=313
HMEM: write 0000000080006ab0 with 0000000042dd19a1 ut=314
HMEM: write 0000000080006ab4 with 0000000043217f68 ut=315
HMEM: write 0000000080006ab8 with 00000000436d66c2 ut=316
HMEM: write 0000000080006abc with 00000000436b0a19 ut=317
HMEM: write 0000000080006ac0 with 00000000438186bc ut=318
HMEM: write 0000000080006ac4 with 00000000434584bb ut=319
HMEM: write 0000000080006ac8 with 000000004303f05d ut=320
HMEM: write 0000000080006acc with 0000000042a0f016 ut=321
HMEM: write 0000000080006ad0 with 00000000421958e5 ut=322
HMEM: write 0000000080006ad4 with 000000004220df9e ut=323
HMEM: write 0000000080006ad8 with 000000004311e106 ut=324
HMEM: write 0000000080006adc with 00000000434d6307 ut=325
HMEM: write 0000000080006ae0 with 000000004305e1f7 ut=326
HMEM: write 0000000080006ae4 with 0000000042b0221a ut=327
HMEM: write 0000000080006ae8 with 0000000041f9372c ut=328
HMEM: write 0000000080006aec with 0000000042c65f7e ut=329
HMEM: write 0000000080006af0 with 00000000416d74fb ut=330
HMEM: write 0000000080006af4 with 00000000412cc84b ut=331
HMEM: write 0000000080006af8 with 0000000043653034 ut=332
HMEM: write 0000000080006afc with 00000000436d363c ut=333
HMEM: write 0000000080006b00 with 000000004241f675 ut=334
HMEM: write 0000000080006b04 with 000000004382cd2a ut=335
HMEM: write 0000000080006b08 with 0000000043772ae3 ut=336
HMEM: write 0000000080006b0c with 0000000042712e68 ut=337
HMEM: write 0000000080006b10 with 0000000042d7d578 ut=338
HMEM: write 0000000080006b14 with 00000000436b2524 ut=339
HMEM: write 0000000080006b18 with 000000004346234f ut=340
HMEM: write 0000000080006b1c with 0000000043158564 ut=341
HMEM: write 0000000080006b20 with 0000000043878abe ut=342
HMEM: write 0000000080006b24 with 000000004303b41d ut=343
HMEM: write 0000000080006b28 with 00000000432ceb91 ut=344
HMEM: write 0000000080006b2c with 00000000427443dc ut=345
HMEM: write 0000000080006b30 with 00000000420bcbc0 ut=346
HMEM: write 0000000080006b34 with 0000000042dcdd27 ut=347
HMEM: write 0000000080006b38 with 0000000041f72958 ut=348
HMEM: write 0000000080006b3c with 00000000425249df ut=349
HMEM: write 0000000080006b40 with 0000000042b60ab5 ut=350
HMEM: write 0000000080006b44 with 0000000042cb4190 ut=351
HMEM: write 0000000080006b48 with 0000000042219bc1 ut=352
HMEM: write 0000000080006b4c with 0000000043810c93 ut=353
HMEM: write 0000000080006b50 with 000000004353c371 ut=354
HMEM: write 0000000080006b54 with 00000000420cd298 ut=355
HMEM: write 0000000080006b58 with 00000000430f8c25 ut=356
HMEM: write 0000000080006b5c with 000000004301113f ut=357
HMEM: write 0000000080006b60 with 0000000043215e40 ut=358
HMEM: write 0000000080006b64 with 0000000042f694e4 ut=359
HMEM: write 0000000080006b68 with 00000000425124dc ut=360
HMEM: write 0000000080006b6c with 000000004329a912 ut=361
HMEM: write 0000000080006b70 with 000000004375bc6c ut=362
HMEM: write 0000000080006b74 with 0000000042ef9dc1 ut=363
HMEM: write 0000000080006b78 with 0000000042a664d5 ut=364
HMEM: write 0000000080006b7c with 000000004264d4e8 ut=365
HMEM: write 0000000080006b80 with 000000004282619f ut=366
HMEM: write 0000000080006b84 with 000000004295046c ut=367
HMEM: write 0000000080006b88 with 0000000042eda593 ut=368
HMEM: write 0000000080006b8c with 000000004372038f ut=369
HMEM: write 0000000080006b90 with 0000000041d1c828 ut=370
HMEM: write 0000000080006b94 with 00000000420876d9 ut=371
HMEM: write 0000000080006b98 with 00000000435baf2b ut=372
HMEM: write 0000000080006b9c with 00000000426427e8 ut=373
HMEM: write 0000000080006ba0 with 000000004385003a ut=374
HMEM: write 0000000080006ba4 with 00000000428291e4 ut=375
HMEM: write 0000000080006ba8 with 00000000427eddff ut=376
HMEM: write 0000000080006bac with 000000004362c9d9 ut=377
HMEM: write 0000000080006bb0 with 0000000042430ab0 ut=378
HMEM: write 0000000080006bb4 with 0000000041a46d1c ut=379
HMEM: write 0000000080006bb8 with 0000000042ce9890 ut=380
HMEM: write 0000000080006bbc with 00000000435be354 ut=381
HMEM: write 0000000080006bc0 with 00000000435e5e74 ut=382
HMEM: write 0000000080006bc4 with 0000000043015e07 ut=383
HMEM: write 0000000080006bc8 with 0000000042252360 ut=384
HMEM: write 0000000080006bcc with 00000000431ce524 ut=385
HMEM: write 0000000080006bd0 with 0000000042af13fe ut=386
HMEM: write 0000000080006bd4 with 00000000435ebb7f ut=387
HMEM: write 0000000080006bd8 with 00000000422fffb9 ut=388
HMEM: write 0000000080006bdc with 0000000042f69eed ut=389
HMEM: write 0000000080006be0 with 00000000429a8972 ut=390
HMEM: write 0000000080006be4 with 000000004381440a ut=391
HMEM: write 0000000080006be8 with 0000000043806297 ut=392
HMEM: write 0000000080006bec with 0000000042956013 ut=393
HMEM: write 0000000080006bf0 with 0000000042e44904 ut=394
HMEM: write 0000000080006bf4 with 0000000043167dc7 ut=395
HMEM: write 0000000080006bf8 with 00000000429a747e ut=396
HMEM: write 0000000080006bfc with 0000000042b41f9f ut=397
HMEM: write 0000000080006c00 with 00000000422cca64 ut=398
HMEM: write 0000000080006c04 with 0000000042775db9 ut=399
HMEM: write 0000000080006c08 with 00000000426dcb99 ut=400
HMEM: write 0000000080006c0c with 000000004313ce78 ut=401
HMEM: write 0000000080006c10 with 00000000426360ca ut=402
HMEM: write 0000000080006c14 with 0000000041f71703 ut=403
HMEM: write 0000000080006c18 with 0000000041800e78 ut=404
HMEM: write 0000000080006c1c with 0000000042ff2d8d ut=405
HMEM: write 0000000080006c20 with 0000000042597739 ut=406
HMEM: write 0000000080006c24 with 0000000041cdc7d6 ut=407
HMEM: write 0000000080006c28 with 0000000043155364 ut=408
HMEM: write 0000000080006c2c with 0000000043249680 ut=409
HMEM: write 0000000080006c30 with 0000000042a412fd ut=410
HMEM: write 0000000080006c34 with 00000000431ed044 ut=411
HMEM: write 0000000080006c38 with 000000004330d29a ut=412
HMEM: write 0000000080006c3c with 00000000427bef2a ut=413
HMEM: write 0000000080006c40 with 000000004346e378 ut=414
HMEM: write 0000000080006c44 with 00000000434a1945 ut=415
HMEM: write 0000000080006c48 with 00000000428d132b ut=416
HMEM: write 0000000080006c4c with 0000000041af91b1 ut=417
HMEM: write 0000000080006c50 with 0000000042dd1933 ut=418
HMEM: write 0000000080006c54 with 00000000425985ce ut=419
HMEM: write 0000000080006c58 with 000000004383731a ut=420
HMEM: write 0000000080006c5c with 0000000042ba64d9 ut=421
HMEM: write 0000000080006c60 with 000000004292c30d ut=422
HMEM: write 0000000080006c64 with 00000000424fa4a0 ut=423
HMEM: write 0000000080006c68 with 000000004247a6db ut=424
HMEM: write 0000000080006c6c with 0000000041835888 ut=425
HMEM: write 0000000080006c70 with 00000000436c478b ut=426
HMEM: write 0000000080006c74 with 0000000040753c4b ut=427
HMEM: write 0000000080006c78 with 0000000041ebe48e ut=428
HMEM: write 0000000080006c7c with 0000000042d17c47 ut=429
HMEM: write 0000000080006c80 with 00000000431511cf ut=430
HMEM: write 0000000080006c84 with 00000000432c523b ut=431
HMEM: write 0000000080006c88 with 000000004200d0a4 ut=432
HMEM: write 0000000080006c8c with 0000000041f88dd3 ut=433
HMEM: write 0000000080006c90 with 00000000432cb07c ut=434
HMEM: write 0000000080006c94 with 0000000043031605 ut=435
HMEM: write 0000000080006c98 with 00000000436c74d4 ut=436
HMEM: write 0000000080006c9c with 0000000043610c48 ut=437
HMEM: write 0000000080006ca0 with 000000004240c1f4 ut=438
HMEM: write 0000000080006ca4 with 000000004229a5ce ut=439
HMEM: write 0000000080006ca8 with 0000000042123b46 ut=440
HMEM: write 0000000080006cac with 0000000041c661d3 ut=441
HMEM: write 0000000080006cb0 with 00000000428a2796 ut=442
HMEM: write 0000000080006cb4 with 0000000042793afe ut=443
HMEM: write 0000000080006cb8 with 0000000042ce0668 ut=444
HMEM: write 0000000080006cbc with 000000004338075c ut=445
HMEM: write 0000000080006cc0 with 00000000429a31e9 ut=446
HMEM: write 0000000080006cc4 with 0000000043519516 ut=447
HMEM: write 0000000080006cc8 with 00000000422b622c ut=448
HMEM: write 0000000080006ccc with 00000000431d294e ut=449
HMEM: write 0000000080006cd0 with 00000000426ccf40 ut=450
HMEM: write 0000000080006cd4 with 0000000043169c60 ut=451
HMEM: write 0000000080006cd8 with 000000004349570a ut=452
HMEM: write 0000000080006cdc with 00000000429b9651 ut=453
HMEM: write 0000000080006ce0 with 0000000042c368c4 ut=454
HMEM: write 0000000080006ce4 with 0000000042fd16b0 ut=455
HMEM: write 0000000080006ce8 with 000000004327853f ut=456
HMEM: write 0000000080006cec with 00000000420216cd ut=457
HMEM: write 0000000080006cf0 with 000000004332f743 ut=458
HMEM: write 0000000080006cf4 with 0000000042499bc6 ut=459
HMEM: write 0000000080006cf8 with 0000000042a2e989 ut=460
HMEM: write 0000000080006cfc with 000000004301ea54 ut=461
HMEM: write 0000000080006d00 with 0000000041eb1654 ut=462
HMEM: write 0000000080006d04 with 0000000042819676 ut=463
HMEM: write 0000000080006d08 with 00000000431058ad ut=464
HMEM: write 0000000080006d0c with 0000000041918961 ut=465
HMEM: write 0000000080006d10 with 00000000437d154e ut=466
HMEM: write 0000000080006d14 with 000000004131163a ut=467
HMEM: write 0000000080006d18 with 00000000428dd575 ut=468
HMEM: write 0000000080006d1c with 00000000432cae46 ut=469
HMEM: write 0000000080006d20 with 000000004343f791 ut=470
HMEM: write 0000000080006d24 with 000000004316c8b0 ut=471
HMEM: write 0000000080006d28 with 00000000428aa8bb ut=472
HMEM: write 0000000080006d2c with 000000004251b030 ut=473
HMEM: write 0000000080006d30 with 00000000422dafab ut=474
HMEM: write 0000000080006d34 with 0000000042016ae1 ut=475
HMEM: write 0000000080006d38 with 0000000043192270 ut=476
HMEM: write 0000000080006d3c with 0000000042e44720 ut=477
HMEM: write 0000000080006d40 with 00000000426745ab ut=478
HMEM: write 0000000080006d44 with 0000000042971aab ut=479
HMEM: write 0000000080006d48 with 00000000434aa794 ut=480
HMEM: write 0000000080006d4c with 0000000042c3692a ut=481
HMEM: write 0000000080006d50 with 0000000042a472b7 ut=482
HMEM: write 0000000080006d54 with 00000000419c7125 ut=483
HMEM: write 0000000080006d58 with 0000000042851600 ut=484
HMEM: write 0000000080006d5c with 000000004236b0ca ut=485
HMEM: write 0000000080006d60 with 0000000042204772 ut=486
HMEM: write 0000000080006d64 with 0000000042005cd9 ut=487
HMEM: write 0000000080006d68 with 00000000418cef1b ut=488
HMEM: write 0000000080006d6c with 0000000042a475b0 ut=489
HMEM: write 0000000080006d70 with 000000004350b6a0 ut=490
HMEM: write 0000000080006d74 with 0000000043812f13 ut=491
HMEM: write 0000000080006d78 with 00000000429dd00a ut=492
HMEM: write 0000000080006d7c with 00000000427bb31c ut=493
HMEM: write 0000000080006d80 with 00000000434597b0 ut=494
HMEM: write 0000000080006d84 with 000000004375b34f ut=495
HMEM: write 0000000080006d88 with 0000000042d491bf ut=496
HMEM: write 0000000080006d8c with 00000000433935fc ut=497
HMEM: write 0000000080006d90 with 0000000043605b18 ut=498
HMEM: write 0000000080006d94 with 000000004349fe68 ut=499
HMEM: write 0000000080006d98 with 0000000042ee7f24 ut=500
HMEM: write 0000000080006d9c with 0000000043587688 ut=501
HMEM: write 0000000080006da0 with 00000000435327b3 ut=502
HMEM: write 0000000080006da4 with 0000000042f3ff90 ut=503
HMEM: write 0000000080006da8 with 0000000043374678 ut=504
HMEM: write 0000000080006dac with 00000000433ff2b9 ut=505
HMEM: write 0000000080006db0 with 000000004384f0e8 ut=506
HMEM: write 0000000080006db4 with 000000004289ec66 ut=507
HMEM: write 0000000080006db8 with 00000000436abc5f ut=508
HMEM: write 0000000080006dbc with 0000000043069e79 ut=509
HMEM: write 0000000080006dc0 with 0000000042f5eb26 ut=510
HMEM: write 0000000080006dc4 with 0000000042999d69 ut=511
H: WT pc=0000000080002080 inst=8000080002022f3f next=0000000080002088 vl=512 act=ffffffffffffffffffffffffffffffffffffffffffffffffffffffffffffffffffffffffffffffffffffffffffffffffffffffffffffffffffffffffffffffff
H: WT pc=0000000080002088 inst=86aa04040201063f next=0000000080002090 vl=512 act=ffffffffffffffffffffffffffffffffffffffffffffffffffffffffffffffffffffffffffffffffffffffffffffffffffffffffffffffffffffffffffffffff
H: WT pc=0000000080002090 inst=87ba06060101063f next=0000000080002098 vl=512 act=ffffffffffffffffffffffffffffffffffffffffffffffffffffffffffffffffffffffffffffffffffffffffffffffffffffffffffffffffffffffffffffffff
H: WT pc=0000000080002098 inst=0000000000000c3f next=00000000800020a0 vl=512 act=-
